--------------------------------------------------------
--  파일이 생성됨 - 월요일-12월-26-2022   
--------------------------------------------------------
--------------------------------------------------------
--  DDL for Sequence COUPON_SEQ
--------------------------------------------------------

   CREATE SEQUENCE  "COLLABEE"."COUPON_SEQ"  MINVALUE 1 MAXVALUE 9999999999999999999999 INCREMENT BY 1 START WITH 11 NOCACHE  NOORDER  NOCYCLE ;
--------------------------------------------------------
--  DDL for Sequence ORDER_SEQ
--------------------------------------------------------

   CREATE SEQUENCE  "COLLABEE"."ORDER_SEQ"  MINVALUE 1 MAXVALUE 9999 INCREMENT BY 1 START WITH 30 NOCACHE  NOORDER  NOCYCLE ;
--------------------------------------------------------
--  DDL for Sequence PRODUCT_SEQ
--------------------------------------------------------

   CREATE SEQUENCE  "COLLABEE"."PRODUCT_SEQ"  MINVALUE 1 MAXVALUE 9999 INCREMENT BY 1 START WITH 3 NOCACHE  NOORDER  NOCYCLE ;
--------------------------------------------------------
--  DDL for Sequence PRO_QNA_SEQ
--------------------------------------------------------

   CREATE SEQUENCE  "COLLABEE"."PRO_QNA_SEQ"  MINVALUE 1 MAXVALUE 9999999999999999 INCREMENT BY 1 START WITH 35 NOCACHE  NOORDER  NOCYCLE ;
--------------------------------------------------------
--  DDL for Sequence PRO_REVIEW_SEQ
--------------------------------------------------------

   CREATE SEQUENCE  "COLLABEE"."PRO_REVIEW_SEQ"  MINVALUE 1 MAXVALUE 999999999999999 INCREMENT BY 1 START WITH 101 CACHE 20 NOORDER  NOCYCLE ;
--------------------------------------------------------
--  DDL for Sequence PT_SEQ
--------------------------------------------------------

   CREATE SEQUENCE  "COLLABEE"."PT_SEQ"  MINVALUE 1 MAXVALUE 9999 INCREMENT BY 1 START WITH 25 NOCACHE  NOORDER  NOCYCLE ;
--------------------------------------------------------
--  DDL for Table ALERT
--------------------------------------------------------

  CREATE TABLE "COLLABEE"."ALERT" 
   (	"ALERT_NUM" NUMBER, 
	"MEMBER_NUM" NUMBER, 
	"A_DIVISION" VARCHAR2(100 BYTE), 
	"A_CONTENT" VARCHAR2(300 BYTE), 
	"A_REGDATE" DATE DEFAULT SYSDATE, 
	"URL" VARCHAR2(255 BYTE), 
	"CONFIRM" VARCHAR2(10 BYTE) DEFAULT 'N'
   ) SEGMENT CREATION IMMEDIATE 
  PCTFREE 10 PCTUSED 40 INITRANS 1 MAXTRANS 255 NOCOMPRESS LOGGING
  STORAGE(INITIAL 65536 NEXT 1048576 MINEXTENTS 1 MAXEXTENTS 2147483645
  PCTINCREASE 0 FREELISTS 1 FREELIST GROUPS 1 BUFFER_POOL DEFAULT FLASH_CACHE DEFAULT CELL_FLASH_CACHE DEFAULT)
  TABLESPACE "USERS" ;
--------------------------------------------------------
--  DDL for Table CART
--------------------------------------------------------

  CREATE TABLE "COLLABEE"."CART" 
   (	"MEMBER_NUM" NUMBER, 
	"PRODUCT_NUM" NUMBER, 
	"COUNT" NUMBER, 
	"NMEMBER_NUM" VARCHAR2(20 BYTE), 
	"NMEMBER_LIMIT" DATE, 
	"ADD_DATE" DATE DEFAULT SYSDATE
   ) SEGMENT CREATION IMMEDIATE 
  PCTFREE 10 PCTUSED 40 INITRANS 1 MAXTRANS 255 NOCOMPRESS LOGGING
  STORAGE(INITIAL 65536 NEXT 1048576 MINEXTENTS 1 MAXEXTENTS 2147483645
  PCTINCREASE 0 FREELISTS 1 FREELIST GROUPS 1 BUFFER_POOL DEFAULT FLASH_CACHE DEFAULT CELL_FLASH_CACHE DEFAULT)
  TABLESPACE "USERS" ;
--------------------------------------------------------
--  DDL for Table CATEGORY
--------------------------------------------------------

  CREATE TABLE "COLLABEE"."CATEGORY" 
   (	"CATEGORY_NUM" NUMBER, 
	"CATEGORY" VARCHAR2(100 BYTE)
   ) SEGMENT CREATION IMMEDIATE 
  PCTFREE 10 PCTUSED 40 INITRANS 1 MAXTRANS 255 NOCOMPRESS LOGGING
  STORAGE(INITIAL 65536 NEXT 1048576 MINEXTENTS 1 MAXEXTENTS 2147483645
  PCTINCREASE 0 FREELISTS 1 FREELIST GROUPS 1 BUFFER_POOL DEFAULT FLASH_CACHE DEFAULT CELL_FLASH_CACHE DEFAULT)
  TABLESPACE "USERS" ;
--------------------------------------------------------
--  DDL for Table COUPON
--------------------------------------------------------

  CREATE TABLE "COLLABEE"."COUPON" 
   (	"COUPON_NUM" NUMBER, 
	"COUPON_NAME" VARCHAR2(100 BYTE), 
	"DIS_PRICE" NUMBER, 
	"COUPON_DATE" DATE, 
	"REGDATE" DATE DEFAULT SYSDATE, 
	"COUNT" NUMBER, 
	"LEAST_COST" NUMBER
   ) SEGMENT CREATION IMMEDIATE 
  PCTFREE 10 PCTUSED 40 INITRANS 1 MAXTRANS 255 NOCOMPRESS LOGGING
  STORAGE(INITIAL 65536 NEXT 1048576 MINEXTENTS 1 MAXEXTENTS 2147483645
  PCTINCREASE 0 FREELISTS 1 FREELIST GROUPS 1 BUFFER_POOL DEFAULT FLASH_CACHE DEFAULT CELL_FLASH_CACHE DEFAULT)
  TABLESPACE "USERS" ;

   COMMENT ON COLUMN "COLLABEE"."COUPON"."COUPON_NUM" IS '쿠폰 번호';
   COMMENT ON COLUMN "COLLABEE"."COUPON"."COUPON_NAME" IS '쿠폰 이름';
   COMMENT ON COLUMN "COLLABEE"."COUPON"."DIS_PRICE" IS '할인금액';
   COMMENT ON COLUMN "COLLABEE"."COUPON"."COUPON_DATE" IS '유효기간';
   COMMENT ON COLUMN "COLLABEE"."COUPON"."REGDATE" IS '쿠폰등록일자
';
   COMMENT ON COLUMN "COLLABEE"."COUPON"."COUNT" IS '발행수량
';
   COMMENT ON COLUMN "COLLABEE"."COUPON"."LEAST_COST" IS '사용가능최소구매금액';
--------------------------------------------------------
--  DDL for Table COUPON_BOX
--------------------------------------------------------

  CREATE TABLE "COLLABEE"."COUPON_BOX" 
   (	"MEMBER_NUM" NUMBER, 
	"ISSUE_DATE" DATE, 
	"COUPON_NUM" NUMBER, 
	"USAGE_DATE" DATE, 
	"USAGE_STATE" VARCHAR2(10 BYTE) DEFAULT 'N'
   ) SEGMENT CREATION IMMEDIATE 
  PCTFREE 10 PCTUSED 40 INITRANS 1 MAXTRANS 255 NOCOMPRESS LOGGING
  STORAGE(INITIAL 65536 NEXT 1048576 MINEXTENTS 1 MAXEXTENTS 2147483645
  PCTINCREASE 0 FREELISTS 1 FREELIST GROUPS 1 BUFFER_POOL DEFAULT FLASH_CACHE DEFAULT CELL_FLASH_CACHE DEFAULT)
  TABLESPACE "USERS" ;
--------------------------------------------------------
--  DDL for Table DELIVERY
--------------------------------------------------------

  CREATE TABLE "COLLABEE"."DELIVERY" 
   (	"DELIVERY_CODE" NUMBER, 
	"DELIVERY_TYPE" VARCHAR2(100 BYTE), 
	"DESCRIPTION" VARCHAR2(300 BYTE)
   ) SEGMENT CREATION IMMEDIATE 
  PCTFREE 10 PCTUSED 40 INITRANS 1 MAXTRANS 255 NOCOMPRESS LOGGING
  STORAGE(INITIAL 65536 NEXT 1048576 MINEXTENTS 1 MAXEXTENTS 2147483645
  PCTINCREASE 0 FREELISTS 1 FREELIST GROUPS 1 BUFFER_POOL DEFAULT FLASH_CACHE DEFAULT CELL_FLASH_CACHE DEFAULT)
  TABLESPACE "USERS" ;

   COMMENT ON COLUMN "COLLABEE"."DELIVERY"."DELIVERY_CODE" IS '배송안내코드';
   COMMENT ON COLUMN "COLLABEE"."DELIVERY"."DELIVERY_TYPE" IS '배송유형';
   COMMENT ON COLUMN "COLLABEE"."DELIVERY"."DESCRIPTION" IS '상세메시지';
--------------------------------------------------------
--  DDL for Table DELIVERY_STATUS
--------------------------------------------------------

  CREATE TABLE "COLLABEE"."DELIVERY_STATUS" 
   (	"DELIVERY_STATUS_NUM" NUMBER, 
	"DELIVERY_STATUS" VARCHAR2(60 BYTE)
   ) SEGMENT CREATION IMMEDIATE 
  PCTFREE 10 PCTUSED 40 INITRANS 1 MAXTRANS 255 NOCOMPRESS LOGGING
  STORAGE(INITIAL 65536 NEXT 1048576 MINEXTENTS 1 MAXEXTENTS 2147483645
  PCTINCREASE 0 FREELISTS 1 FREELIST GROUPS 1 BUFFER_POOL DEFAULT FLASH_CACHE DEFAULT CELL_FLASH_CACHE DEFAULT)
  TABLESPACE "USERS" ;
--------------------------------------------------------
--  DDL for Table DIVISION
--------------------------------------------------------

  CREATE TABLE "COLLABEE"."DIVISION" 
   (	"DIVISION_NUM" NUMBER, 
	"DIVISION" VARCHAR2(100 BYTE), 
	"CATEGORY_NUM" NUMBER
   ) SEGMENT CREATION IMMEDIATE 
  PCTFREE 10 PCTUSED 40 INITRANS 1 MAXTRANS 255 NOCOMPRESS LOGGING
  STORAGE(INITIAL 65536 NEXT 1048576 MINEXTENTS 1 MAXEXTENTS 2147483645
  PCTINCREASE 0 FREELISTS 1 FREELIST GROUPS 1 BUFFER_POOL DEFAULT FLASH_CACHE DEFAULT CELL_FLASH_CACHE DEFAULT)
  TABLESPACE "USERS" ;
--------------------------------------------------------
--  DDL for Table EMONEY_USAGE
--------------------------------------------------------

  CREATE TABLE "COLLABEE"."EMONEY_USAGE" 
   (	"MEMBER_NUM" NUMBER, 
	"ORDER_NUM" VARCHAR2(20 BYTE), 
	"SAVE_DATE" DATE DEFAULT SYSDATE, 
	"AMOUNT" NUMBER, 
	"EMONEY_HISTORY" VARCHAR2(200 BYTE), 
	"CATEGORY" VARCHAR2(20 BYTE), 
	"VALIDITY" VARCHAR2(20 BYTE) DEFAULT SYSDATE + 365
   ) SEGMENT CREATION IMMEDIATE 
  PCTFREE 10 PCTUSED 40 INITRANS 1 MAXTRANS 255 NOCOMPRESS LOGGING
  STORAGE(INITIAL 65536 NEXT 1048576 MINEXTENTS 1 MAXEXTENTS 2147483645
  PCTINCREASE 0 FREELISTS 1 FREELIST GROUPS 1 BUFFER_POOL DEFAULT FLASH_CACHE DEFAULT CELL_FLASH_CACHE DEFAULT)
  TABLESPACE "USERS" ;

   COMMENT ON COLUMN "COLLABEE"."EMONEY_USAGE"."MEMBER_NUM" IS '회원번호';
   COMMENT ON COLUMN "COLLABEE"."EMONEY_USAGE"."ORDER_NUM" IS '주문번호';
   COMMENT ON COLUMN "COLLABEE"."EMONEY_USAGE"."SAVE_DATE" IS '적립(사용)일';
   COMMENT ON COLUMN "COLLABEE"."EMONEY_USAGE"."AMOUNT" IS '적립(사용)액';
   COMMENT ON COLUMN "COLLABEE"."EMONEY_USAGE"."EMONEY_HISTORY" IS '적립(사용)내역';
   COMMENT ON COLUMN "COLLABEE"."EMONEY_USAGE"."CATEGORY" IS '구분';
   COMMENT ON COLUMN "COLLABEE"."EMONEY_USAGE"."VALIDITY" IS '적립금유효기간';
--------------------------------------------------------
--  DDL for Table FAQ
--------------------------------------------------------

  CREATE TABLE "COLLABEE"."FAQ" 
   (	"FAQ_NUM" NUMBER, 
	"FAQ_TYPE" VARCHAR2(100 BYTE), 
	"FAQ_TITLE" VARCHAR2(200 BYTE), 
	"FAQ_CONTENT" VARCHAR2(4000 BYTE)
   ) SEGMENT CREATION IMMEDIATE 
  PCTFREE 10 PCTUSED 40 INITRANS 1 MAXTRANS 255 NOCOMPRESS LOGGING
  STORAGE(INITIAL 65536 NEXT 1048576 MINEXTENTS 1 MAXEXTENTS 2147483645
  PCTINCREASE 0 FREELISTS 1 FREELIST GROUPS 1 BUFFER_POOL DEFAULT FLASH_CACHE DEFAULT CELL_FLASH_CACHE DEFAULT)
  TABLESPACE "USERS" ;
--------------------------------------------------------
--  DDL for Table INQUIRY
--------------------------------------------------------

  CREATE TABLE "COLLABEE"."INQUIRY" 
   (	"INQUIRY_NUM" NUMBER, 
	"MEMBER_NUM" NUMBER, 
	"INQUIRY_TYPE" VARCHAR2(30 BYTE), 
	"INQUIRY_SUB_TYPE" VARCHAR2(300 BYTE), 
	"INQUIRY_TITLE" VARCHAR2(200 BYTE), 
	"INQUIRY_CONTENT" VARCHAR2(4000 BYTE), 
	"ORI_FILENAME" VARCHAR2(100 BYTE), 
	"SYS_FILENAME" VARCHAR2(100 BYTE), 
	"INQUIRY_DATE" DATE DEFAULT SYSDATE, 
	"INQUIRY_STATE" VARCHAR2(20 BYTE) DEFAULT '답변대기', 
	"INQUIRY_ANSWER" VARCHAR2(4000 BYTE)
   ) SEGMENT CREATION IMMEDIATE 
  PCTFREE 10 PCTUSED 40 INITRANS 1 MAXTRANS 255 NOCOMPRESS LOGGING
  STORAGE(INITIAL 65536 NEXT 1048576 MINEXTENTS 1 MAXEXTENTS 2147483645
  PCTINCREASE 0 FREELISTS 1 FREELIST GROUPS 1 BUFFER_POOL DEFAULT FLASH_CACHE DEFAULT CELL_FLASH_CACHE DEFAULT)
  TABLESPACE "USERS" ;
--------------------------------------------------------
--  DDL for Table MEMBER
--------------------------------------------------------

  CREATE TABLE "COLLABEE"."MEMBER" 
   (	"MEMBER_NUM" NUMBER, 
	"ID" VARCHAR2(20 BYTE), 
	"PASSWORD" VARCHAR2(20 BYTE), 
	"NAME" VARCHAR2(20 BYTE), 
	"EMAIL" VARCHAR2(30 BYTE), 
	"PHONE" VARCHAR2(20 BYTE), 
	"ADDRESS" VARCHAR2(100 BYTE), 
	"GENDER" VARCHAR2(10 BYTE), 
	"BIRTH" DATE, 
	"GRADE" NUMBER DEFAULT 3, 
	"REGDATE" DATE DEFAULT SYSDATE, 
	"MEMBER_STATE" VARCHAR2(10 BYTE) DEFAULT 'A', 
	"LEAVE_DATE" DATE, 
	"ADDRESS_DETAIL" VARCHAR2(100 BYTE)
   ) SEGMENT CREATION IMMEDIATE 
  PCTFREE 10 PCTUSED 40 INITRANS 1 MAXTRANS 255 NOCOMPRESS LOGGING
  STORAGE(INITIAL 65536 NEXT 1048576 MINEXTENTS 1 MAXEXTENTS 2147483645
  PCTINCREASE 0 FREELISTS 1 FREELIST GROUPS 1 BUFFER_POOL DEFAULT FLASH_CACHE DEFAULT CELL_FLASH_CACHE DEFAULT)
  TABLESPACE "USERS" ;

   COMMENT ON COLUMN "COLLABEE"."MEMBER"."GRADE" IS '- 0 
관리자 - 관리자
- 1 
콜라비 -  적립7%,  5000원 할인쿠폰 3개, 무료배송쿠폰
- 2
콜라 - 적립 3%, 5000원 할인쿠폰 1개, 무료배송쿠폰
- 3
콜- 적립 1% , 무료배송쿠폰';
   COMMENT ON COLUMN "COLLABEE"."MEMBER"."MEMBER_STATE" IS '일반- A ACTIVE
휴면-D DORMANCY
탈퇴-LEAVE';
--------------------------------------------------------
--  DDL for Table MEMBERSHIP
--------------------------------------------------------

  CREATE TABLE "COLLABEE"."MEMBERSHIP" 
   (	"GRADE" NUMBER, 
	"GRADE_NAME" VARCHAR2(20 BYTE), 
	"SAVERATE" NUMBER, 
	"MEMBER_DESCRIPTION" VARCHAR2(100 BYTE)
   ) SEGMENT CREATION IMMEDIATE 
  PCTFREE 10 PCTUSED 40 INITRANS 1 MAXTRANS 255 NOCOMPRESS LOGGING
  STORAGE(INITIAL 65536 NEXT 1048576 MINEXTENTS 1 MAXEXTENTS 2147483645
  PCTINCREASE 0 FREELISTS 1 FREELIST GROUPS 1 BUFFER_POOL DEFAULT FLASH_CACHE DEFAULT CELL_FLASH_CACHE DEFAULT)
  TABLESPACE "USERS" ;

   COMMENT ON COLUMN "COLLABEE"."MEMBERSHIP"."MEMBER_DESCRIPTION" IS '회원등급 설명';
--------------------------------------------------------
--  DDL for Table NOTICE
--------------------------------------------------------

  CREATE TABLE "COLLABEE"."NOTICE" 
   (	"NOTICE_NUM" NUMBER, 
	"NOTICE_TITLE" VARCHAR2(200 BYTE), 
	"NOTICE_CONTENT" VARCHAR2(4000 BYTE), 
	"NOTICE_DATE" DATE DEFAULT SYSDATE
   ) SEGMENT CREATION IMMEDIATE 
  PCTFREE 10 PCTUSED 40 INITRANS 1 MAXTRANS 255 NOCOMPRESS LOGGING
  STORAGE(INITIAL 65536 NEXT 1048576 MINEXTENTS 1 MAXEXTENTS 2147483645
  PCTINCREASE 0 FREELISTS 1 FREELIST GROUPS 1 BUFFER_POOL DEFAULT FLASH_CACHE DEFAULT CELL_FLASH_CACHE DEFAULT)
  TABLESPACE "USERS" ;
--------------------------------------------------------
--  DDL for Table ORDERS
--------------------------------------------------------

  CREATE TABLE "COLLABEE"."ORDERS" 
   (	"ORDER_NUM" VARCHAR2(20 BYTE), 
	"ORDER_NAME" VARCHAR2(60 BYTE), 
	"ORDER_PHONE" VARCHAR2(20 BYTE), 
	"ORDER_ADDR" VARCHAR2(100 BYTE), 
	"ORDER_PLACE" VARCHAR2(300 BYTE), 
	"ORDER_REQUEST" VARCHAR2(300 BYTE), 
	"DELIVERY_PICK" DATE, 
	"DELIVERY_FEE" NUMBER DEFAULT 3000, 
	"TOT_DISCOUNT" NUMBER DEFAULT 0, 
	"TOT_PRICE" NUMBER, 
	"ORDER_DATE" DATE DEFAULT SYSDATE, 
	"COUPON_NUM" NUMBER, 
	"USAGE_AMOUNT" NUMBER DEFAULT 0, 
	"REFUND_STATUS" VARCHAR2(20 BYTE) DEFAULT 'N', 
	"PT_NUM" NUMBER, 
	"MEMBER_NUM" NUMBER, 
	"DELIVERY_STATUS_NUM" NUMBER DEFAULT 1, 
	"ORDER_ADDR_DETAIL" VARCHAR2(100 BYTE), 
	"NMEMBER_NUM" VARCHAR2(50 BYTE), 
	"TOT_GOODSPRICE" NUMBER
   ) SEGMENT CREATION IMMEDIATE 
  PCTFREE 10 PCTUSED 40 INITRANS 1 MAXTRANS 255 NOCOMPRESS LOGGING
  STORAGE(INITIAL 65536 NEXT 1048576 MINEXTENTS 1 MAXEXTENTS 2147483645
  PCTINCREASE 0 FREELISTS 1 FREELIST GROUPS 1 BUFFER_POOL DEFAULT FLASH_CACHE DEFAULT CELL_FLASH_CACHE DEFAULT)
  TABLESPACE "USERS" ;
--------------------------------------------------------
--  DDL for Table ORDER_PRODUCT
--------------------------------------------------------

  CREATE TABLE "COLLABEE"."ORDER_PRODUCT" 
   (	"ORDER_NUM" VARCHAR2(20 BYTE), 
	"MEMBER_NUM" NUMBER, 
	"PRODUCT_NUM" NUMBER, 
	"COUNT" NUMBER, 
	"SALEPRICE" NUMBER DEFAULT 0, 
	"NMEMBER_NUM" VARCHAR2(50 BYTE), 
	"PRICE" NUMBER, 
	"REVIEW_STATUS" VARCHAR2(20 BYTE) DEFAULT 'N'
   ) SEGMENT CREATION IMMEDIATE 
  PCTFREE 10 PCTUSED 40 INITRANS 1 MAXTRANS 255 NOCOMPRESS LOGGING
  STORAGE(INITIAL 65536 NEXT 1048576 MINEXTENTS 1 MAXEXTENTS 2147483645
  PCTINCREASE 0 FREELISTS 1 FREELIST GROUPS 1 BUFFER_POOL DEFAULT FLASH_CACHE DEFAULT CELL_FLASH_CACHE DEFAULT)
  TABLESPACE "USERS" ;
--------------------------------------------------------
--  DDL for Table PACKAGE_CONDITION
--------------------------------------------------------

  CREATE TABLE "COLLABEE"."PACKAGE_CONDITION" 
   (	"STORAGE_NUM" NUMBER, 
	"CONDITION" VARCHAR2(20 BYTE)
   ) SEGMENT CREATION IMMEDIATE 
  PCTFREE 10 PCTUSED 40 INITRANS 1 MAXTRANS 255 NOCOMPRESS LOGGING
  STORAGE(INITIAL 65536 NEXT 1048576 MINEXTENTS 1 MAXEXTENTS 2147483645
  PCTINCREASE 0 FREELISTS 1 FREELIST GROUPS 1 BUFFER_POOL DEFAULT FLASH_CACHE DEFAULT CELL_FLASH_CACHE DEFAULT)
  TABLESPACE "USERS" ;
--------------------------------------------------------
--  DDL for Table PAYMENT_TYPE
--------------------------------------------------------

  CREATE TABLE "COLLABEE"."PAYMENT_TYPE" 
   (	"PT_NUM" NUMBER, 
	"PT_NAME" VARCHAR2(60 BYTE), 
	"PT_DETAILNAME" VARCHAR2(60 BYTE)
   ) SEGMENT CREATION IMMEDIATE 
  PCTFREE 10 PCTUSED 40 INITRANS 1 MAXTRANS 255 NOCOMPRESS LOGGING
  STORAGE(INITIAL 65536 NEXT 1048576 MINEXTENTS 1 MAXEXTENTS 2147483645
  PCTINCREASE 0 FREELISTS 1 FREELIST GROUPS 1 BUFFER_POOL DEFAULT FLASH_CACHE DEFAULT CELL_FLASH_CACHE DEFAULT)
  TABLESPACE "USERS" ;
--------------------------------------------------------
--  DDL for Table PICK
--------------------------------------------------------

  CREATE TABLE "COLLABEE"."PICK" 
   (	"MEMBER_NUM" NUMBER, 
	"PRODUCT_NUM" NUMBER
   ) SEGMENT CREATION IMMEDIATE 
  PCTFREE 10 PCTUSED 40 INITRANS 1 MAXTRANS 255 NOCOMPRESS LOGGING
  STORAGE(INITIAL 65536 NEXT 1048576 MINEXTENTS 1 MAXEXTENTS 2147483645
  PCTINCREASE 0 FREELISTS 1 FREELIST GROUPS 1 BUFFER_POOL DEFAULT FLASH_CACHE DEFAULT CELL_FLASH_CACHE DEFAULT)
  TABLESPACE "USERS" ;
--------------------------------------------------------
--  DDL for Table PRODUCT
--------------------------------------------------------

  CREATE TABLE "COLLABEE"."PRODUCT" 
   (	"PRODUCT_NUM" NUMBER, 
	"PRODUCT_NAME" VARCHAR2(100 BYTE), 
	"DESCRIPTION" VARCHAR2(300 BYTE), 
	"PRICE" NUMBER, 
	"DIS_RATE" NUMBER DEFAULT 0, 
	"SALEPRICE" NUMBER DEFAULT 0, 
	"REGDATE" DATE DEFAULT SYSDATE, 
	"COUNT" NUMBER DEFAULT 0, 
	"STOCK" NUMBER DEFAULT 0, 
	"THUM_ORI_FILENAME" VARCHAR2(100 BYTE), 
	"THUM_SYS_FILENAME" VARCHAR2(100 BYTE), 
	"DETAILE_ORI_FILENAME" VARCHAR2(100 BYTE), 
	"DETAILE_SYS_FILENAME" VARCHAR2(100 BYTE), 
	"DELIVERY_CODE" NUMBER, 
	"SELLER" VARCHAR2(60 BYTE) DEFAULT 'COLLABEE', 
	"PRODUCT_DEL" VARCHAR2(10 BYTE) DEFAULT 'N', 
	"DIS_DATE" DATE DEFAULT SYSDATE, 
	"DIVISION_NUM" NUMBER, 
	"STORAGE_NUM" NUMBER, 
	"HIT" NUMBER DEFAULT 0
   ) SEGMENT CREATION IMMEDIATE 
  PCTFREE 10 PCTUSED 40 INITRANS 1 MAXTRANS 255 NOCOMPRESS LOGGING
  STORAGE(INITIAL 65536 NEXT 1048576 MINEXTENTS 1 MAXEXTENTS 2147483645
  PCTINCREASE 0 FREELISTS 1 FREELIST GROUPS 1 BUFFER_POOL DEFAULT FLASH_CACHE DEFAULT CELL_FLASH_CACHE DEFAULT)
  TABLESPACE "USERS" ;

   COMMENT ON COLUMN "COLLABEE"."PRODUCT"."PRODUCT_NUM" IS '상품번호';
   COMMENT ON COLUMN "COLLABEE"."PRODUCT"."PRODUCT_NAME" IS '상품명';
   COMMENT ON COLUMN "COLLABEE"."PRODUCT"."DESCRIPTION" IS '요약정보';
   COMMENT ON COLUMN "COLLABEE"."PRODUCT"."PRICE" IS '상품가격';
   COMMENT ON COLUMN "COLLABEE"."PRODUCT"."DIS_RATE" IS '할인율';
   COMMENT ON COLUMN "COLLABEE"."PRODUCT"."SALEPRICE" IS '할인가격';
   COMMENT ON COLUMN "COLLABEE"."PRODUCT"."REGDATE" IS '등록일자';
   COMMENT ON COLUMN "COLLABEE"."PRODUCT"."COUNT" IS '판매량';
   COMMENT ON COLUMN "COLLABEE"."PRODUCT"."STOCK" IS '재고';
   COMMENT ON COLUMN "COLLABEE"."PRODUCT"."THUM_ORI_FILENAME" IS '썸네일첨부명';
   COMMENT ON COLUMN "COLLABEE"."PRODUCT"."THUM_SYS_FILENAME" IS '썸네일저장명';
   COMMENT ON COLUMN "COLLABEE"."PRODUCT"."DETAILE_ORI_FILENAME" IS '상세이미지첨부명';
   COMMENT ON COLUMN "COLLABEE"."PRODUCT"."DETAILE_SYS_FILENAME" IS '상세이미지저장명';
   COMMENT ON COLUMN "COLLABEE"."PRODUCT"."DELIVERY_CODE" IS '배송안내코드';
   COMMENT ON COLUMN "COLLABEE"."PRODUCT"."SELLER" IS '판매자';
   COMMENT ON COLUMN "COLLABEE"."PRODUCT"."PRODUCT_DEL" IS '삭제여부';
   COMMENT ON COLUMN "COLLABEE"."PRODUCT"."DIS_DATE" IS '할인기간';
   COMMENT ON COLUMN "COLLABEE"."PRODUCT"."DIVISION_NUM" IS '소분류번호';
   COMMENT ON COLUMN "COLLABEE"."PRODUCT"."STORAGE_NUM" IS '포장타입번호';
   COMMENT ON COLUMN "COLLABEE"."PRODUCT"."HIT" IS '조회수';
--------------------------------------------------------
--  DDL for Table PRO_QNA
--------------------------------------------------------

  CREATE TABLE "COLLABEE"."PRO_QNA" 
   (	"PRO_QNA_NUM" NUMBER, 
	"PRODUCT_NUM" NUMBER, 
	"MEMBER_NUM" NUMBER, 
	"Q_TITLE" VARCHAR2(500 BYTE), 
	"Q_CONTENT" VARCHAR2(2000 BYTE), 
	"Q_DATE" DATE, 
	"Q_STATUS" VARCHAR2(10 BYTE) DEFAULT 'N', 
	"Q_SECRET" NUMBER, 
	"A_ANSWER" VARCHAR2(4000 BYTE)
   ) SEGMENT CREATION IMMEDIATE 
  PCTFREE 10 PCTUSED 40 INITRANS 1 MAXTRANS 255 NOCOMPRESS LOGGING
  STORAGE(INITIAL 65536 NEXT 1048576 MINEXTENTS 1 MAXEXTENTS 2147483645
  PCTINCREASE 0 FREELISTS 1 FREELIST GROUPS 1 BUFFER_POOL DEFAULT FLASH_CACHE DEFAULT CELL_FLASH_CACHE DEFAULT)
  TABLESPACE "USERS" ;

   COMMENT ON COLUMN "COLLABEE"."PRO_QNA"."Q_SECRET" IS '0 - false, 1 - true';
--------------------------------------------------------
--  DDL for Table PRO_REVIEW
--------------------------------------------------------

  CREATE TABLE "COLLABEE"."PRO_REVIEW" 
   (	"REVIEW_NUM" NUMBER, 
	"ORDER_NUM" VARCHAR2(20 BYTE), 
	"PRODUCT_NUM" NUMBER, 
	"MEMBER_NUM" NUMBER, 
	"R_CONTENT" VARCHAR2(2000 BYTE), 
	"R_ORI_FILENAME" VARCHAR2(100 BYTE), 
	"R_SYS_FILENAME" VARCHAR2(100 BYTE), 
	"R_DATE" DATE, 
	"REC" NUMBER DEFAULT 0, 
	"POINT" NUMBER
   ) SEGMENT CREATION IMMEDIATE 
  PCTFREE 10 PCTUSED 40 INITRANS 1 MAXTRANS 255 NOCOMPRESS LOGGING
  STORAGE(INITIAL 65536 NEXT 1048576 MINEXTENTS 1 MAXEXTENTS 2147483645
  PCTINCREASE 0 FREELISTS 1 FREELIST GROUPS 1 BUFFER_POOL DEFAULT FLASH_CACHE DEFAULT CELL_FLASH_CACHE DEFAULT)
  TABLESPACE "USERS" ;
--------------------------------------------------------
--  DDL for Table PT_INSTALLMENT
--------------------------------------------------------

  CREATE TABLE "COLLABEE"."PT_INSTALLMENT" 
   (	"PT_INSTALLMENT_NUM" NUMBER, 
	"PT_INSTALLMENT" VARCHAR2(30 BYTE)
   ) SEGMENT CREATION IMMEDIATE 
  PCTFREE 10 PCTUSED 40 INITRANS 1 MAXTRANS 255 NOCOMPRESS LOGGING
  STORAGE(INITIAL 65536 NEXT 1048576 MINEXTENTS 1 MAXEXTENTS 2147483645
  PCTINCREASE 0 FREELISTS 1 FREELIST GROUPS 1 BUFFER_POOL DEFAULT FLASH_CACHE DEFAULT CELL_FLASH_CACHE DEFAULT)
  TABLESPACE "USERS" ;
--------------------------------------------------------
--  DDL for Table SPECIAL
--------------------------------------------------------

  CREATE TABLE "COLLABEE"."SPECIAL" 
   (	"SPECIAL_NUM" NUMBER, 
	"PRODUCT_NUM" NUMBER
   ) SEGMENT CREATION IMMEDIATE 
  PCTFREE 10 PCTUSED 40 INITRANS 1 MAXTRANS 255 NOCOMPRESS LOGGING
  STORAGE(INITIAL 65536 NEXT 1048576 MINEXTENTS 1 MAXEXTENTS 2147483645
  PCTINCREASE 0 FREELISTS 1 FREELIST GROUPS 1 BUFFER_POOL DEFAULT FLASH_CACHE DEFAULT CELL_FLASH_CACHE DEFAULT)
  TABLESPACE "USERS" ;

   COMMENT ON COLUMN "COLLABEE"."SPECIAL"."SPECIAL_NUM" IS '기획전번호
';
   COMMENT ON COLUMN "COLLABEE"."SPECIAL"."PRODUCT_NUM" IS '상품번호';
--------------------------------------------------------
--  DDL for Table SPECIAL_CAT
--------------------------------------------------------

  CREATE TABLE "COLLABEE"."SPECIAL_CAT" 
   (	"SPECIAL_NUM" NUMBER, 
	"TITLE" VARCHAR2(200 BYTE), 
	"S_DESCRIPTION" VARCHAR2(300 BYTE)
   ) SEGMENT CREATION IMMEDIATE 
  PCTFREE 10 PCTUSED 40 INITRANS 1 MAXTRANS 255 NOCOMPRESS LOGGING
  STORAGE(INITIAL 65536 NEXT 1048576 MINEXTENTS 1 MAXEXTENTS 2147483645
  PCTINCREASE 0 FREELISTS 1 FREELIST GROUPS 1 BUFFER_POOL DEFAULT FLASH_CACHE DEFAULT CELL_FLASH_CACHE DEFAULT)
  TABLESPACE "USERS" ;

   COMMENT ON COLUMN "COLLABEE"."SPECIAL_CAT"."SPECIAL_NUM" IS '기획전번호';
   COMMENT ON COLUMN "COLLABEE"."SPECIAL_CAT"."TITLE" IS '타이틀';
   COMMENT ON COLUMN "COLLABEE"."SPECIAL_CAT"."S_DESCRIPTION" IS '설명';
--------------------------------------------------------
--  DDL for View VIEW_MYCOUPONBOX
--------------------------------------------------------

  CREATE OR REPLACE FORCE VIEW "COLLABEE"."VIEW_MYCOUPONBOX" ("MEMBER_NUM", "COUPON_NUM", "COUPON_NAME", "DIS_PRICE", "COUPON_DATE", "USAGE_STATE", "ISSUE_DATE") AS 
  SELECT CB.MEMBER_NUM, CB.COUPON_NUM, C.COUPON_NAME, C.DIS_PRICE, C.COUPON_DATE, CB.USAGE_STATE, CB.ISSUE_DATE
FROM COUPON_BOX CB, COUPON C 
WHERE CB.COUPON_NUM = C.COUPON_NUM
ORDER BY ISSUE_DATE DESC
;
--------------------------------------------------------
--  DDL for View VIEW_MYORDERLIST
--------------------------------------------------------

  CREATE OR REPLACE FORCE VIEW "COLLABEE"."VIEW_MYORDERLIST" ("ORDER_NUM", "MEMBER_NUM", "PRODUCT_NUM", "PRODUCT_NAME", "THUM_SYS_FILENAME", "PRICE", "COUNT", "DESCRIPTION", "SALEPRICE", "DELIVERY_STATUS", "DELIVERY_FEE", "TOT_PRICE", "TOT_GOODSPRICE", "PT_DETAILNAME", "ORDER_NAME", "ORDER_PHONE", "ORDER_DATE", "ORDER_ADDR", "ORDER_ADDR_DETAIL", "ORDER_PLACE", "ORDER_REQUEST", "CONDITION", "REVIEW_STATUS", "USAGE_AMOUNT", "AMOUNT") AS 
  SELECT  O.ORDER_NUM, M.MEMBER_NUM, P.PRODUCT_NUM,
        P.PRODUCT_NAME, P.THUM_SYS_FILENAME, OP.PRICE, OP.COUNT,P.DESCRIPTION,  
        OP.SALEPRICE, DS.DELIVERY_STATUS,
        O.DELIVERY_FEE, O.TOT_PRICE,  O. TOT_GOODSPRICE, PT.PT_DETAILNAME,
        O.ORDER_NAME, O.ORDER_PHONE, O.ORDER_DATE,  
        O.ORDER_ADDR, O.ORDER_ADDR_DETAIL, O.ORDER_PLACE, O.ORDER_REQUEST,
        PC.CONDITION, OP.REVIEW_STATUS, o.USAGE_AMOUNT, EU.AMOUNT
FROM ORDERS O, ORDER_PRODUCT OP, PRODUCT P, 
    MEMBER M, DELIVERY_STATUS DS, PAYMENT_TYPE PT, 
        PACKAGE_CONDITION PC, EMONEY_USAGE EU
WHERE   M.MEMBER_NUM = O.MEMBER_NUM AND 
        O.ORDER_NUM = OP.ORDER_NUM AND
        OP.PRODUCT_NUM = P.PRODUCT_NUM AND
        PT.PT_NUM = O.PT_NUM AND
        DS.DELIVERY_STATUS_NUM = O.DELIVERY_STATUS_NUM AND
        P.STORAGE_NUM = PC.STORAGE_NUM AND
        EU.ORDER_NUM = O.ORDER_NUM
ORDER BY PRODUCT_NUM DESC
;
--------------------------------------------------------
--  DDL for View VIEW_MYPICKLIST
--------------------------------------------------------

  CREATE OR REPLACE FORCE VIEW "COLLABEE"."VIEW_MYPICKLIST" ("MEMBER_NUM", "PRODUCT_NUM", "PRODUCT_NAME", "DESCRIPTION", "PRICE", "DIS_RATE", "SALEPRICE", "STOCK", "THUM_ORI_FILENAME", "THUM_SYS_FILENAME") AS 
  SELECT P.MEMBER_NUM, PR.PRODUCT_NUM, PR.PRODUCT_NAME,
        PR.DESCRIPTION, PR.PRICE, PR.DIS_RATE,PR.SALEPRICE,
        PR.STOCK, THUM_ORI_FILENAME, THUM_SYS_FILENAME
FROM  PICK P, PRODUCT PR
WHERE P.PRODUCT_NUM = PR.PRODUCT_NUM
;
--------------------------------------------------------
--  DDL for View VIEW_MYREVIEW
--------------------------------------------------------

  CREATE OR REPLACE FORCE VIEW "COLLABEE"."VIEW_MYREVIEW" ("ORDER_NUM", "MEMBER_NUM", "PRODUCT_NUM", "PRODUCT_NAME", "DELIVERY_PICK", "DELIVERY_STATUS", "COUNT", "SALEPRICE", "NMEMBER_NUM", "PRICE", "REVIEW_STATUS", "THUM_ORI_FILENAME", "THUM_SYS_FILENAME") AS 
  SELECT OP."ORDER_NUM",OP."MEMBER_NUM",OP."PRODUCT_NUM",
        P.PRODUCT_NAME,O.DELIVERY_PICK, DS.DELIVERY_STATUS,
        OP."COUNT",OP."SALEPRICE",OP."NMEMBER_NUM",
        OP."PRICE",OP."REVIEW_STATUS", P.THUM_ORI_FILENAME,  P.THUM_SYS_FILENAME
FROM ORDER_PRODUCT OP, PRODUCT P, ORDERS O, DELIVERY_STATUS DS
WHERE OP.PRODUCT_NUM = P.PRODUCT_NUM AND
        OP.ORDER_NUM = O.ORDER_NUM AND
        O.DELIVERY_STATUS_NUM = DS.DELIVERY_STATUS_NUM
;
--------------------------------------------------------
--  DDL for View VIEW_MYREVIEW_WRT
--------------------------------------------------------

  CREATE OR REPLACE FORCE VIEW "COLLABEE"."VIEW_MYREVIEW_WRT" ("ORDER_NUM", "MEMBER_NUM", "PRODUCT_NUM", "PRODUCT_NAME", "DELIVERY_PICK", "DELIVERY_STATUS", "COUNT", "SALEPRICE", "NMEMBER_NUM", "PRICE", "REVIEW_STATUS", "THUM_ORI_FILENAME", "THUM_SYS_FILENAME", "REVIEW_NUM", "R_CONTENT", "R_ORI_FILENAME", "R_SYS_FILENAME", "R_DATE", "REC", "POINT") AS 
  SELECT "ORDER_NUM","MEMBER_NUM","PRODUCT_NUM","PRODUCT_NAME","DELIVERY_PICK","DELIVERY_STATUS","COUNT","SALEPRICE","NMEMBER_NUM","PRICE","REVIEW_STATUS","THUM_ORI_FILENAME","THUM_SYS_FILENAME","REVIEW_NUM","R_CONTENT","R_ORI_FILENAME","R_SYS_FILENAME","R_DATE","REC","POINT"
FROM VIEW_MYREVIEW VR LEFT OUTER JOIN PRO_REVIEW PR
USING (ORDER_NUM, MEMBER_NUM, PRODUCT_NUM)
ORDER BY ORDER_NUM DESC, PRODUCT_NUM DESC;

   COMMENT ON TABLE "COLLABEE"."VIEW_MYREVIEW_WRT"  IS '작성한 리뷰 조회'
;
--------------------------------------------------------
--  DDL for View VIEW_PROQNA
--------------------------------------------------------

  CREATE OR REPLACE FORCE VIEW "COLLABEE"."VIEW_PROQNA" ("PRO_QNA_NUM", "PRODUCT_NUM", "MEMBER_NUM", "Q_TITLE", "Q_CONTENT", "Q_DATE", "Q_STATUS", "Q_SECRET", "A_ANSWER", "THUM_SYS_FILENAME", "PRODUCT_NAME") AS 
  SELECT q."PRO_QNA_NUM",q."PRODUCT_NUM",q."MEMBER_NUM",q."Q_TITLE",q."Q_CONTENT",q."Q_DATE",q."Q_STATUS",q."Q_SECRET",q."A_ANSWER",
p.THUM_SYS_FILENAME, p.PRODUCT_NAME
FROM PRO_QNA Q, PRODUCT P
WHERE Q.PRODUCT_NUM = P.PRODUCT_NUM
;
REM INSERTING into COLLABEE.ALERT
SET DEFINE OFF;
REM INSERTING into COLLABEE.CART
SET DEFINE OFF;
Insert into COLLABEE.CART (MEMBER_NUM,PRODUCT_NUM,COUNT,NMEMBER_NUM,NMEMBER_LIMIT,ADD_DATE) values (1,83,1,null,null,to_date('22/12/16','RR/MM/DD'));
Insert into COLLABEE.CART (MEMBER_NUM,PRODUCT_NUM,COUNT,NMEMBER_NUM,NMEMBER_LIMIT,ADD_DATE) values (110,3,1,null,null,to_date('22/12/15','RR/MM/DD'));
Insert into COLLABEE.CART (MEMBER_NUM,PRODUCT_NUM,COUNT,NMEMBER_NUM,NMEMBER_LIMIT,ADD_DATE) values (1,3,1,null,null,to_date('22/12/16','RR/MM/DD'));
Insert into COLLABEE.CART (MEMBER_NUM,PRODUCT_NUM,COUNT,NMEMBER_NUM,NMEMBER_LIMIT,ADD_DATE) values (100,5,1,null,null,to_date('22/12/09','RR/MM/DD'));
Insert into COLLABEE.CART (MEMBER_NUM,PRODUCT_NUM,COUNT,NMEMBER_NUM,NMEMBER_LIMIT,ADD_DATE) values (105,72,8,null,null,to_date('22/12/14','RR/MM/DD'));
Insert into COLLABEE.CART (MEMBER_NUM,PRODUCT_NUM,COUNT,NMEMBER_NUM,NMEMBER_LIMIT,ADD_DATE) values (110,70,1,null,null,to_date('22/12/15','RR/MM/DD'));
Insert into COLLABEE.CART (MEMBER_NUM,PRODUCT_NUM,COUNT,NMEMBER_NUM,NMEMBER_LIMIT,ADD_DATE) values (115,72,7,null,null,to_date('22/12/14','RR/MM/DD'));
Insert into COLLABEE.CART (MEMBER_NUM,PRODUCT_NUM,COUNT,NMEMBER_NUM,NMEMBER_LIMIT,ADD_DATE) values (110,73,1,null,null,to_date('22/12/16','RR/MM/DD'));
Insert into COLLABEE.CART (MEMBER_NUM,PRODUCT_NUM,COUNT,NMEMBER_NUM,NMEMBER_LIMIT,ADD_DATE) values (110,81,10,null,null,to_date('22/12/16','RR/MM/DD'));
Insert into COLLABEE.CART (MEMBER_NUM,PRODUCT_NUM,COUNT,NMEMBER_NUM,NMEMBER_LIMIT,ADD_DATE) values (100,72,5,null,null,to_date('22/12/14','RR/MM/DD'));
Insert into COLLABEE.CART (MEMBER_NUM,PRODUCT_NUM,COUNT,NMEMBER_NUM,NMEMBER_LIMIT,ADD_DATE) values (101,4,8,null,null,to_date('22/12/08','RR/MM/DD'));
Insert into COLLABEE.CART (MEMBER_NUM,PRODUCT_NUM,COUNT,NMEMBER_NUM,NMEMBER_LIMIT,ADD_DATE) values (100,81,11,null,null,to_date('22/12/15','RR/MM/DD'));
Insert into COLLABEE.CART (MEMBER_NUM,PRODUCT_NUM,COUNT,NMEMBER_NUM,NMEMBER_LIMIT,ADD_DATE) values (110,83,1,null,null,to_date('22/12/15','RR/MM/DD'));
Insert into COLLABEE.CART (MEMBER_NUM,PRODUCT_NUM,COUNT,NMEMBER_NUM,NMEMBER_LIMIT,ADD_DATE) values (104,8,1,null,null,to_date('22/12/14','RR/MM/DD'));
Insert into COLLABEE.CART (MEMBER_NUM,PRODUCT_NUM,COUNT,NMEMBER_NUM,NMEMBER_LIMIT,ADD_DATE) values (105,3,4,null,null,to_date('22/12/09','RR/MM/DD'));
Insert into COLLABEE.CART (MEMBER_NUM,PRODUCT_NUM,COUNT,NMEMBER_NUM,NMEMBER_LIMIT,ADD_DATE) values (105,5,2,null,null,to_date('22/12/09','RR/MM/DD'));
Insert into COLLABEE.CART (MEMBER_NUM,PRODUCT_NUM,COUNT,NMEMBER_NUM,NMEMBER_LIMIT,ADD_DATE) values (100,79,1,null,null,to_date('22/12/14','RR/MM/DD'));
Insert into COLLABEE.CART (MEMBER_NUM,PRODUCT_NUM,COUNT,NMEMBER_NUM,NMEMBER_LIMIT,ADD_DATE) values (100,70,2,null,null,to_date('22/12/14','RR/MM/DD'));
Insert into COLLABEE.CART (MEMBER_NUM,PRODUCT_NUM,COUNT,NMEMBER_NUM,NMEMBER_LIMIT,ADD_DATE) values (110,1,2,null,null,to_date('22/12/15','RR/MM/DD'));
REM INSERTING into COLLABEE.CATEGORY
SET DEFINE OFF;
Insert into COLLABEE.CATEGORY (CATEGORY_NUM,CATEGORY) values (1,'채소');
Insert into COLLABEE.CATEGORY (CATEGORY_NUM,CATEGORY) values (2,'과일·견과·쌀');
Insert into COLLABEE.CATEGORY (CATEGORY_NUM,CATEGORY) values (3,'수산·해산·건어물');
Insert into COLLABEE.CATEGORY (CATEGORY_NUM,CATEGORY) values (4,'정육·계란');
Insert into COLLABEE.CATEGORY (CATEGORY_NUM,CATEGORY) values (5,'국·반찬·메인요리');
Insert into COLLABEE.CATEGORY (CATEGORY_NUM,CATEGORY) values (6,'샐러드·간편식');
Insert into COLLABEE.CATEGORY (CATEGORY_NUM,CATEGORY) values (7,'면·양념·오일');
Insert into COLLABEE.CATEGORY (CATEGORY_NUM,CATEGORY) values (8,'생수·음료·우유·커피');
Insert into COLLABEE.CATEGORY (CATEGORY_NUM,CATEGORY) values (9,'간식·과자·떡');
Insert into COLLABEE.CATEGORY (CATEGORY_NUM,CATEGORY) values (10,'베이커리·치즈·델리');
Insert into COLLABEE.CATEGORY (CATEGORY_NUM,CATEGORY) values (11,'생활용품·리빙·캠핑');
REM INSERTING into COLLABEE.COUPON
SET DEFINE OFF;
Insert into COLLABEE.COUPON (COUPON_NUM,COUPON_NAME,DIS_PRICE,COUPON_DATE,REGDATE,COUNT,LEAST_COST) values (22,'무료배송 쿠폰',2500,to_date('22/12/21','RR/MM/DD'),null,20,25000);
Insert into COLLABEE.COUPON (COUPON_NUM,COUPON_NAME,DIS_PRICE,COUPON_DATE,REGDATE,COUNT,LEAST_COST) values (1,'사장님이 리얼리 미쳤어요~~!',100,to_date('22/12/31','RR/MM/DD'),null,100,1000000);
Insert into COLLABEE.COUPON (COUPON_NUM,COUPON_NAME,DIS_PRICE,COUPON_DATE,REGDATE,COUNT,LEAST_COST) values (2,'쿠폰1',1000,to_date('22/12/23','RR/MM/DD'),null,3,10000);
Insert into COLLABEE.COUPON (COUPON_NUM,COUPON_NAME,DIS_PRICE,COUPON_DATE,REGDATE,COUNT,LEAST_COST) values (3,'쿠폰2',10000,to_date('22/12/29','RR/MM/DD'),null,100,50000);
Insert into COLLABEE.COUPON (COUPON_NUM,COUPON_NAME,DIS_PRICE,COUPON_DATE,REGDATE,COUNT,LEAST_COST) values (4,'쿠폰3',3000,to_date('23/01/31','RR/MM/DD'),null,100,30000);
REM INSERTING into COLLABEE.COUPON_BOX
SET DEFINE OFF;
Insert into COLLABEE.COUPON_BOX (MEMBER_NUM,ISSUE_DATE,COUPON_NUM,USAGE_DATE,USAGE_STATE) values (118,to_date('22/12/15','RR/MM/DD'),2,null,'N');
Insert into COLLABEE.COUPON_BOX (MEMBER_NUM,ISSUE_DATE,COUPON_NUM,USAGE_DATE,USAGE_STATE) values (123,to_date('22/12/15','RR/MM/DD'),2,null,'N');
Insert into COLLABEE.COUPON_BOX (MEMBER_NUM,ISSUE_DATE,COUPON_NUM,USAGE_DATE,USAGE_STATE) values (124,to_date('22/12/15','RR/MM/DD'),2,null,'N');
Insert into COLLABEE.COUPON_BOX (MEMBER_NUM,ISSUE_DATE,COUPON_NUM,USAGE_DATE,USAGE_STATE) values (1,to_date('22/12/16','RR/MM/DD'),3,null,'N');
Insert into COLLABEE.COUPON_BOX (MEMBER_NUM,ISSUE_DATE,COUPON_NUM,USAGE_DATE,USAGE_STATE) values (1,to_date('22/12/16','RR/MM/DD'),4,to_date('22/12/16','RR/MM/DD'),'Y');
Insert into COLLABEE.COUPON_BOX (MEMBER_NUM,ISSUE_DATE,COUPON_NUM,USAGE_DATE,USAGE_STATE) values (100,to_date('22/12/14','RR/MM/DD'),4,null,'N');
Insert into COLLABEE.COUPON_BOX (MEMBER_NUM,ISSUE_DATE,COUPON_NUM,USAGE_DATE,USAGE_STATE) values (110,to_date('22/12/21','RR/MM/DD'),2,to_date('22/12/14','RR/MM/DD'),'Y');
Insert into COLLABEE.COUPON_BOX (MEMBER_NUM,ISSUE_DATE,COUPON_NUM,USAGE_DATE,USAGE_STATE) values (110,to_date('22/11/07','RR/MM/DD'),3,to_date('22/12/14','RR/MM/DD'),'Y');
Insert into COLLABEE.COUPON_BOX (MEMBER_NUM,ISSUE_DATE,COUPON_NUM,USAGE_DATE,USAGE_STATE) values (107,to_date('22/12/02','RR/MM/DD'),4,null,'N');
Insert into COLLABEE.COUPON_BOX (MEMBER_NUM,ISSUE_DATE,COUPON_NUM,USAGE_DATE,USAGE_STATE) values (110,to_date('22/11/07','RR/MM/DD'),1,null,'Y');
Insert into COLLABEE.COUPON_BOX (MEMBER_NUM,ISSUE_DATE,COUPON_NUM,USAGE_DATE,USAGE_STATE) values (110,to_date('22/12/05','RR/MM/DD'),2,to_date('22/12/14','RR/MM/DD'),'Y');
Insert into COLLABEE.COUPON_BOX (MEMBER_NUM,ISSUE_DATE,COUPON_NUM,USAGE_DATE,USAGE_STATE) values (110,to_date('22/11/07','RR/MM/DD'),3,to_date('22/12/14','RR/MM/DD'),'Y');
Insert into COLLABEE.COUPON_BOX (MEMBER_NUM,ISSUE_DATE,COUPON_NUM,USAGE_DATE,USAGE_STATE) values (110,to_date('22/12/05','RR/MM/DD'),4,to_date('22/12/14','RR/MM/DD'),'Y');
Insert into COLLABEE.COUPON_BOX (MEMBER_NUM,ISSUE_DATE,COUPON_NUM,USAGE_DATE,USAGE_STATE) values (110,to_date('22/11/07','RR/MM/DD'),1,null,'Y');
Insert into COLLABEE.COUPON_BOX (MEMBER_NUM,ISSUE_DATE,COUPON_NUM,USAGE_DATE,USAGE_STATE) values (110,to_date('22/09/20','RR/MM/DD'),2,to_date('22/12/14','RR/MM/DD'),'Y');
Insert into COLLABEE.COUPON_BOX (MEMBER_NUM,ISSUE_DATE,COUPON_NUM,USAGE_DATE,USAGE_STATE) values (110,to_date('22/12/05','RR/MM/DD'),3,to_date('22/12/14','RR/MM/DD'),'Y');
Insert into COLLABEE.COUPON_BOX (MEMBER_NUM,ISSUE_DATE,COUPON_NUM,USAGE_DATE,USAGE_STATE) values (110,to_date('22/11/07','RR/MM/DD'),4,to_date('22/12/14','RR/MM/DD'),'Y');
Insert into COLLABEE.COUPON_BOX (MEMBER_NUM,ISSUE_DATE,COUPON_NUM,USAGE_DATE,USAGE_STATE) values (110,to_date('22/12/13','RR/MM/DD'),1,null,'N');
Insert into COLLABEE.COUPON_BOX (MEMBER_NUM,ISSUE_DATE,COUPON_NUM,USAGE_DATE,USAGE_STATE) values (110,to_date('22/11/07','RR/MM/DD'),2,to_date('22/12/14','RR/MM/DD'),'Y');
Insert into COLLABEE.COUPON_BOX (MEMBER_NUM,ISSUE_DATE,COUPON_NUM,USAGE_DATE,USAGE_STATE) values (110,to_date('22/12/05','RR/MM/DD'),3,to_date('22/12/14','RR/MM/DD'),'Y');
Insert into COLLABEE.COUPON_BOX (MEMBER_NUM,ISSUE_DATE,COUPON_NUM,USAGE_DATE,USAGE_STATE) values (110,to_date('22/09/20','RR/MM/DD'),4,to_date('22/12/14','RR/MM/DD'),'Y');
Insert into COLLABEE.COUPON_BOX (MEMBER_NUM,ISSUE_DATE,COUPON_NUM,USAGE_DATE,USAGE_STATE) values (110,to_date('22/12/05','RR/MM/DD'),1,null,'N');
Insert into COLLABEE.COUPON_BOX (MEMBER_NUM,ISSUE_DATE,COUPON_NUM,USAGE_DATE,USAGE_STATE) values (110,to_date('22/11/22','RR/MM/DD'),2,to_date('22/12/14','RR/MM/DD'),'Y');
Insert into COLLABEE.COUPON_BOX (MEMBER_NUM,ISSUE_DATE,COUPON_NUM,USAGE_DATE,USAGE_STATE) values (110,to_date('22/10/25','RR/MM/DD'),3,to_date('22/12/14','RR/MM/DD'),'Y');
Insert into COLLABEE.COUPON_BOX (MEMBER_NUM,ISSUE_DATE,COUPON_NUM,USAGE_DATE,USAGE_STATE) values (100,to_date('22/12/13','RR/MM/DD'),1,null,'N');
Insert into COLLABEE.COUPON_BOX (MEMBER_NUM,ISSUE_DATE,COUPON_NUM,USAGE_DATE,USAGE_STATE) values (117,to_date('22/12/15','RR/MM/DD'),2,null,'N');
Insert into COLLABEE.COUPON_BOX (MEMBER_NUM,ISSUE_DATE,COUPON_NUM,USAGE_DATE,USAGE_STATE) values (100,to_date('22/12/13','RR/MM/DD'),3,null,'N');
Insert into COLLABEE.COUPON_BOX (MEMBER_NUM,ISSUE_DATE,COUPON_NUM,USAGE_DATE,USAGE_STATE) values (100,to_date('22/12/13','RR/MM/DD'),2,null,'N');
Insert into COLLABEE.COUPON_BOX (MEMBER_NUM,ISSUE_DATE,COUPON_NUM,USAGE_DATE,USAGE_STATE) values (110,to_date('22/12/05','RR/MM/DD'),8,null,'N');
Insert into COLLABEE.COUPON_BOX (MEMBER_NUM,ISSUE_DATE,COUPON_NUM,USAGE_DATE,USAGE_STATE) values (113,to_date('22/12/12','RR/MM/DD'),8,null,'N');
Insert into COLLABEE.COUPON_BOX (MEMBER_NUM,ISSUE_DATE,COUPON_NUM,USAGE_DATE,USAGE_STATE) values (125,to_date('22/12/15','RR/MM/DD'),2,null,'N');
Insert into COLLABEE.COUPON_BOX (MEMBER_NUM,ISSUE_DATE,COUPON_NUM,USAGE_DATE,USAGE_STATE) values (108,to_date('22/12/02','RR/MM/DD'),8,null,'N');
Insert into COLLABEE.COUPON_BOX (MEMBER_NUM,ISSUE_DATE,COUPON_NUM,USAGE_DATE,USAGE_STATE) values (109,to_date('22/12/02','RR/MM/DD'),8,null,'N');
Insert into COLLABEE.COUPON_BOX (MEMBER_NUM,ISSUE_DATE,COUPON_NUM,USAGE_DATE,USAGE_STATE) values (115,to_date('22/12/14','RR/MM/DD'),2,null,'N');
Insert into COLLABEE.COUPON_BOX (MEMBER_NUM,ISSUE_DATE,COUPON_NUM,USAGE_DATE,USAGE_STATE) values (116,to_date('22/12/14','RR/MM/DD'),2,null,'N');
Insert into COLLABEE.COUPON_BOX (MEMBER_NUM,ISSUE_DATE,COUPON_NUM,USAGE_DATE,USAGE_STATE) values (1,to_date('22/12/16','RR/MM/DD'),22,null,'N');
Insert into COLLABEE.COUPON_BOX (MEMBER_NUM,ISSUE_DATE,COUPON_NUM,USAGE_DATE,USAGE_STATE) values (112,to_date('22/12/08','RR/MM/DD'),8,null,'N');
Insert into COLLABEE.COUPON_BOX (MEMBER_NUM,ISSUE_DATE,COUPON_NUM,USAGE_DATE,USAGE_STATE) values (121,to_date('22/12/15','RR/MM/DD'),2,null,'N');
Insert into COLLABEE.COUPON_BOX (MEMBER_NUM,ISSUE_DATE,COUPON_NUM,USAGE_DATE,USAGE_STATE) values (122,to_date('22/12/15','RR/MM/DD'),2,null,'N');
Insert into COLLABEE.COUPON_BOX (MEMBER_NUM,ISSUE_DATE,COUPON_NUM,USAGE_DATE,USAGE_STATE) values (104,to_date('22/12/15','RR/MM/DD'),1,null,'N');
Insert into COLLABEE.COUPON_BOX (MEMBER_NUM,ISSUE_DATE,COUPON_NUM,USAGE_DATE,USAGE_STATE) values (111,to_date('22/12/08','RR/MM/DD'),8,null,'N');
Insert into COLLABEE.COUPON_BOX (MEMBER_NUM,ISSUE_DATE,COUPON_NUM,USAGE_DATE,USAGE_STATE) values (1,to_date('22/12/15','RR/MM/DD'),1,null,'N');
Insert into COLLABEE.COUPON_BOX (MEMBER_NUM,ISSUE_DATE,COUPON_NUM,USAGE_DATE,USAGE_STATE) values (119,to_date('22/12/15','RR/MM/DD'),2,null,'N');
Insert into COLLABEE.COUPON_BOX (MEMBER_NUM,ISSUE_DATE,COUPON_NUM,USAGE_DATE,USAGE_STATE) values (120,to_date('22/12/15','RR/MM/DD'),2,null,'N');
Insert into COLLABEE.COUPON_BOX (MEMBER_NUM,ISSUE_DATE,COUPON_NUM,USAGE_DATE,USAGE_STATE) values (1,to_date('22/12/15','RR/MM/DD'),2,null,'N');
REM INSERTING into COLLABEE.DELIVERY
SET DEFINE OFF;
Insert into COLLABEE.DELIVERY (DELIVERY_CODE,DELIVERY_TYPE,DESCRIPTION) values (1,'샛별배송','23시 전 주문 시 내일 아침 7시 전 도착/(대구·부산·울산 샛별배송 운영시간 별도 확인)');
REM INSERTING into COLLABEE.DELIVERY_STATUS
SET DEFINE OFF;
Insert into COLLABEE.DELIVERY_STATUS (DELIVERY_STATUS_NUM,DELIVERY_STATUS) values (1,'주문 완료');
Insert into COLLABEE.DELIVERY_STATUS (DELIVERY_STATUS_NUM,DELIVERY_STATUS) values (2,'배송 준비중');
Insert into COLLABEE.DELIVERY_STATUS (DELIVERY_STATUS_NUM,DELIVERY_STATUS) values (3,'배송 완료');
Insert into COLLABEE.DELIVERY_STATUS (DELIVERY_STATUS_NUM,DELIVERY_STATUS) values (4,'반품 요청');
Insert into COLLABEE.DELIVERY_STATUS (DELIVERY_STATUS_NUM,DELIVERY_STATUS) values (5,'반품 배송중');
Insert into COLLABEE.DELIVERY_STATUS (DELIVERY_STATUS_NUM,DELIVERY_STATUS) values (6,'반품 완료');
REM INSERTING into COLLABEE.DIVISION
SET DEFINE OFF;
Insert into COLLABEE.DIVISION (DIVISION_NUM,DIVISION,CATEGORY_NUM) values (17,'제철수산',3);
Insert into COLLABEE.DIVISION (DIVISION_NUM,DIVISION,CATEGORY_NUM) values (18,'생선류',3);
Insert into COLLABEE.DIVISION (DIVISION_NUM,DIVISION,CATEGORY_NUM) values (19,'굴비·반건류',3);
Insert into COLLABEE.DIVISION (DIVISION_NUM,DIVISION,CATEGORY_NUM) values (20,'오징어·낙지·문어',3);
Insert into COLLABEE.DIVISION (DIVISION_NUM,DIVISION,CATEGORY_NUM) values (21,'새우·게·랍스터',3);
Insert into COLLABEE.DIVISION (DIVISION_NUM,DIVISION,CATEGORY_NUM) values (22,'해산물·조개류',3);
Insert into COLLABEE.DIVISION (DIVISION_NUM,DIVISION,CATEGORY_NUM) values (23,'수산가공품',3);
Insert into COLLABEE.DIVISION (DIVISION_NUM,DIVISION,CATEGORY_NUM) values (24,'김·미역·해조류',3);
Insert into COLLABEE.DIVISION (DIVISION_NUM,DIVISION,CATEGORY_NUM) values (25,'건어물·다시팩',3);
Insert into COLLABEE.DIVISION (DIVISION_NUM,DIVISION,CATEGORY_NUM) values (26,'국내산소고기',4);
Insert into COLLABEE.DIVISION (DIVISION_NUM,DIVISION,CATEGORY_NUM) values (27,'수입산소고기',4);
Insert into COLLABEE.DIVISION (DIVISION_NUM,DIVISION,CATEGORY_NUM) values (28,'돼지고기',4);
Insert into COLLABEE.DIVISION (DIVISION_NUM,DIVISION,CATEGORY_NUM) values (29,'계란류',4);
Insert into COLLABEE.DIVISION (DIVISION_NUM,DIVISION,CATEGORY_NUM) values (30,'닭·오리고기',4);
Insert into COLLABEE.DIVISION (DIVISION_NUM,DIVISION,CATEGORY_NUM) values (31,'양념육·돈까스',4);
Insert into COLLABEE.DIVISION (DIVISION_NUM,DIVISION,CATEGORY_NUM) values (32,'양고기',4);
Insert into COLLABEE.DIVISION (DIVISION_NUM,DIVISION,CATEGORY_NUM) values (33,'국·탕·찌개',5);
Insert into COLLABEE.DIVISION (DIVISION_NUM,DIVISION,CATEGORY_NUM) values (34,'밀키트·메인요리',5);
Insert into COLLABEE.DIVISION (DIVISION_NUM,DIVISION,CATEGORY_NUM) values (35,'밑반찬',5);
Insert into COLLABEE.DIVISION (DIVISION_NUM,DIVISION,CATEGORY_NUM) values (36,'김치·젓갈·장류',5);
Insert into COLLABEE.DIVISION (DIVISION_NUM,DIVISION,CATEGORY_NUM) values (37,'두부·어묵·부침개',5);
Insert into COLLABEE.DIVISION (DIVISION_NUM,DIVISION,CATEGORY_NUM) values (38,'베이컨·햄·통조림',5);
Insert into COLLABEE.DIVISION (DIVISION_NUM,DIVISION,CATEGORY_NUM) values (39,'샐러드·닭가슴살',6);
Insert into COLLABEE.DIVISION (DIVISION_NUM,DIVISION,CATEGORY_NUM) values (40,'도시락·밥류',6);
Insert into COLLABEE.DIVISION (DIVISION_NUM,DIVISION,CATEGORY_NUM) values (41,'파스타·면류',6);
Insert into COLLABEE.DIVISION (DIVISION_NUM,DIVISION,CATEGORY_NUM) values (42,'떡볶이·튀김·순대',6);
Insert into COLLABEE.DIVISION (DIVISION_NUM,DIVISION,CATEGORY_NUM) values (43,'피자·핫도그·만두',6);
Insert into COLLABEE.DIVISION (DIVISION_NUM,DIVISION,CATEGORY_NUM) values (44,'폭립·떡갈비·안주',6);
Insert into COLLABEE.DIVISION (DIVISION_NUM,DIVISION,CATEGORY_NUM) values (45,'죽·스프·카레',6);
Insert into COLLABEE.DIVISION (DIVISION_NUM,DIVISION,CATEGORY_NUM) values (46,'선식·시리얼',6);
Insert into COLLABEE.DIVISION (DIVISION_NUM,DIVISION,CATEGORY_NUM) values (47,'파스타·면류',7);
Insert into COLLABEE.DIVISION (DIVISION_NUM,DIVISION,CATEGORY_NUM) values (48,'식초·소스·드레싱',7);
Insert into COLLABEE.DIVISION (DIVISION_NUM,DIVISION,CATEGORY_NUM) values (49,'양념·액젓·장류',7);
Insert into COLLABEE.DIVISION (DIVISION_NUM,DIVISION,CATEGORY_NUM) values (50,'식용유·참기름·오일',7);
Insert into COLLABEE.DIVISION (DIVISION_NUM,DIVISION,CATEGORY_NUM) values (51,'소금·설탕·향신료',7);
Insert into COLLABEE.DIVISION (DIVISION_NUM,DIVISION,CATEGORY_NUM) values (52,'밀가루·가루·믹스',7);
Insert into COLLABEE.DIVISION (DIVISION_NUM,DIVISION,CATEGORY_NUM) values (53,'생수·탄산수',8);
Insert into COLLABEE.DIVISION (DIVISION_NUM,DIVISION,CATEGORY_NUM) values (54,'음료·주스',8);
Insert into COLLABEE.DIVISION (DIVISION_NUM,DIVISION,CATEGORY_NUM) values (55,'우유·두유·요커트',8);
Insert into COLLABEE.DIVISION (DIVISION_NUM,DIVISION,CATEGORY_NUM) values (56,'커피',8);
Insert into COLLABEE.DIVISION (DIVISION_NUM,DIVISION,CATEGORY_NUM) values (57,'차',8);
Insert into COLLABEE.DIVISION (DIVISION_NUM,DIVISION,CATEGORY_NUM) values (58,'과자·스낵·쿠키',9);
Insert into COLLABEE.DIVISION (DIVISION_NUM,DIVISION,CATEGORY_NUM) values (59,'초콜릿·젤리·캔디',9);
Insert into COLLABEE.DIVISION (DIVISION_NUM,DIVISION,CATEGORY_NUM) values (60,'떡·한과',9);
Insert into COLLABEE.DIVISION (DIVISION_NUM,DIVISION,CATEGORY_NUM) values (61,'아이스크림',9);
Insert into COLLABEE.DIVISION (DIVISION_NUM,DIVISION,CATEGORY_NUM) values (62,'식빵·빵류',10);
Insert into COLLABEE.DIVISION (DIVISION_NUM,DIVISION,CATEGORY_NUM) values (63,'잼·버터·스프레드',10);
Insert into COLLABEE.DIVISION (DIVISION_NUM,DIVISION,CATEGORY_NUM) values (64,'케이크·파이·디저트',10);
Insert into COLLABEE.DIVISION (DIVISION_NUM,DIVISION,CATEGORY_NUM) values (65,'치즈',10);
Insert into COLLABEE.DIVISION (DIVISION_NUM,DIVISION,CATEGORY_NUM) values (66,'델리',10);
Insert into COLLABEE.DIVISION (DIVISION_NUM,DIVISION,CATEGORY_NUM) values (67,'올리브·피클',10);
Insert into COLLABEE.DIVISION (DIVISION_NUM,DIVISION,CATEGORY_NUM) values (68,'휴지·티슈',11);
Insert into COLLABEE.DIVISION (DIVISION_NUM,DIVISION,CATEGORY_NUM) values (69,'여성·위생용품',11);
Insert into COLLABEE.DIVISION (DIVISION_NUM,DIVISION,CATEGORY_NUM) values (70,'세제·청소용품',11);
Insert into COLLABEE.DIVISION (DIVISION_NUM,DIVISION,CATEGORY_NUM) values (71,'화훼·인테리어소품',11);
Insert into COLLABEE.DIVISION (DIVISION_NUM,DIVISION,CATEGORY_NUM) values (72,'의약외품·마스크',11);
Insert into COLLABEE.DIVISION (DIVISION_NUM,DIVISION,CATEGORY_NUM) values (73,'생활잡화·문구',11);
Insert into COLLABEE.DIVISION (DIVISION_NUM,DIVISION,CATEGORY_NUM) values (74,'캠핑용품',11);
Insert into COLLABEE.DIVISION (DIVISION_NUM,DIVISION,CATEGORY_NUM) values (1,'친환경',1);
Insert into COLLABEE.DIVISION (DIVISION_NUM,DIVISION,CATEGORY_NUM) values (2,'고구마·감자·당근',1);
Insert into COLLABEE.DIVISION (DIVISION_NUM,DIVISION,CATEGORY_NUM) values (3,'시금치·쌈채소·나물',1);
Insert into COLLABEE.DIVISION (DIVISION_NUM,DIVISION,CATEGORY_NUM) values (4,'브로콜리·파프리카·양배추',1);
Insert into COLLABEE.DIVISION (DIVISION_NUM,DIVISION,CATEGORY_NUM) values (5,'양파·대파·마늘·배추',1);
Insert into COLLABEE.DIVISION (DIVISION_NUM,DIVISION,CATEGORY_NUM) values (6,'오이·호박·고추',1);
Insert into COLLABEE.DIVISION (DIVISION_NUM,DIVISION,CATEGORY_NUM) values (7,'냉동·이색·간편채소',1);
Insert into COLLABEE.DIVISION (DIVISION_NUM,DIVISION,CATEGORY_NUM) values (8,'콩나물·버섯',1);
Insert into COLLABEE.DIVISION (DIVISION_NUM,DIVISION,CATEGORY_NUM) values (9,'친환경',2);
Insert into COLLABEE.DIVISION (DIVISION_NUM,DIVISION,CATEGORY_NUM) values (10,'제철과일',2);
Insert into COLLABEE.DIVISION (DIVISION_NUM,DIVISION,CATEGORY_NUM) values (11,'국산과일',2);
Insert into COLLABEE.DIVISION (DIVISION_NUM,DIVISION,CATEGORY_NUM) values (12,'수입과일',2);
Insert into COLLABEE.DIVISION (DIVISION_NUM,DIVISION,CATEGORY_NUM) values (13,'간편과일',2);
Insert into COLLABEE.DIVISION (DIVISION_NUM,DIVISION,CATEGORY_NUM) values (14,'냉동·건과일',2);
Insert into COLLABEE.DIVISION (DIVISION_NUM,DIVISION,CATEGORY_NUM) values (15,'견과류',2);
Insert into COLLABEE.DIVISION (DIVISION_NUM,DIVISION,CATEGORY_NUM) values (16,'쌀·잡곡',2);
REM INSERTING into COLLABEE.EMONEY_USAGE
SET DEFINE OFF;
Insert into COLLABEE.EMONEY_USAGE (MEMBER_NUM,ORDER_NUM,SAVE_DATE,AMOUNT,EMONEY_HISTORY,CATEGORY,VALIDITY) values (110,'22121553651711',to_date('22/12/15','RR/MM/DD'),810,'구매','적립','23/12/15');
Insert into COLLABEE.EMONEY_USAGE (MEMBER_NUM,ORDER_NUM,SAVE_DATE,AMOUNT,EMONEY_HISTORY,CATEGORY,VALIDITY) values (110,'22121553651711',to_date('22/12/15','RR/MM/DD'),2085,'구매','사용','23/12/15');
Insert into COLLABEE.EMONEY_USAGE (MEMBER_NUM,ORDER_NUM,SAVE_DATE,AMOUNT,EMONEY_HISTORY,CATEGORY,VALIDITY) values (1,'22121631323024',to_date('22/12/16','RR/MM/DD'),877,'구매','적립','23/12/16');
Insert into COLLABEE.EMONEY_USAGE (MEMBER_NUM,ORDER_NUM,SAVE_DATE,AMOUNT,EMONEY_HISTORY,CATEGORY,VALIDITY) values (1,'22121401761526',to_date('22/12/14','RR/MM/DD'),980,'구매','적립','23/12/14');
Insert into COLLABEE.EMONEY_USAGE (MEMBER_NUM,ORDER_NUM,SAVE_DATE,AMOUNT,EMONEY_HISTORY,CATEGORY,VALIDITY) values (1,'22121416133731',to_date('22/12/14','RR/MM/DD'),4865,'구매','적립','23/12/14');
Insert into COLLABEE.EMONEY_USAGE (MEMBER_NUM,ORDER_NUM,SAVE_DATE,AMOUNT,EMONEY_HISTORY,CATEGORY,VALIDITY) values (1,'22121416265307',to_date('22/12/14','RR/MM/DD'),189,'구매','적립','23/12/14');
Insert into COLLABEE.EMONEY_USAGE (MEMBER_NUM,ORDER_NUM,SAVE_DATE,AMOUNT,EMONEY_HISTORY,CATEGORY,VALIDITY) values (110,'22121444355400',to_date('22/12/14','RR/MM/DD'),149,'구매','적립','23/12/14');
Insert into COLLABEE.EMONEY_USAGE (MEMBER_NUM,ORDER_NUM,SAVE_DATE,AMOUNT,EMONEY_HISTORY,CATEGORY,VALIDITY) values (110,'22121417631706',to_date('22/12/14','RR/MM/DD'),469,'구매','적립','23/12/14');
Insert into COLLABEE.EMONEY_USAGE (MEMBER_NUM,ORDER_NUM,SAVE_DATE,AMOUNT,EMONEY_HISTORY,CATEGORY,VALIDITY) values (110,'22121433765273',to_date('22/12/14','RR/MM/DD'),79,'구매','적립','23/12/14');
Insert into COLLABEE.EMONEY_USAGE (MEMBER_NUM,ORDER_NUM,SAVE_DATE,AMOUNT,EMONEY_HISTORY,CATEGORY,VALIDITY) values (110,'22121446621406',to_date('22/12/14','RR/MM/DD'),990,'구매','적립','23/12/14');
Insert into COLLABEE.EMONEY_USAGE (MEMBER_NUM,ORDER_NUM,SAVE_DATE,AMOUNT,EMONEY_HISTORY,CATEGORY,VALIDITY) values (110,'22121463125177',to_date('22/12/14','RR/MM/DD'),2965,'구매','적립','23/12/14');
Insert into COLLABEE.EMONEY_USAGE (MEMBER_NUM,ORDER_NUM,SAVE_DATE,AMOUNT,EMONEY_HISTORY,CATEGORY,VALIDITY) values (110,'22121413440003',to_date('22/12/14','RR/MM/DD'),-5,'구매','적립','23/12/14');
Insert into COLLABEE.EMONEY_USAGE (MEMBER_NUM,ORDER_NUM,SAVE_DATE,AMOUNT,EMONEY_HISTORY,CATEGORY,VALIDITY) values (110,'22121413440003',to_date('22/12/14','RR/MM/DD'),1000,'구매','사용','23/12/14');
Insert into COLLABEE.EMONEY_USAGE (MEMBER_NUM,ORDER_NUM,SAVE_DATE,AMOUNT,EMONEY_HISTORY,CATEGORY,VALIDITY) values (110,'22121431727014',to_date('22/12/14','RR/MM/DD'),1127,'구매','적립','23/12/14');
Insert into COLLABEE.EMONEY_USAGE (MEMBER_NUM,ORDER_NUM,SAVE_DATE,AMOUNT,EMONEY_HISTORY,CATEGORY,VALIDITY) values (110,'22121461023252',to_date('22/12/14','RR/MM/DD'),831,'구매','적립','23/12/14');
Insert into COLLABEE.EMONEY_USAGE (MEMBER_NUM,ORDER_NUM,SAVE_DATE,AMOUNT,EMONEY_HISTORY,CATEGORY,VALIDITY) values (110,'22121461023252',to_date('22/12/14','RR/MM/DD'),300,'구매','사용','23/12/14');
Insert into COLLABEE.EMONEY_USAGE (MEMBER_NUM,ORDER_NUM,SAVE_DATE,AMOUNT,EMONEY_HISTORY,CATEGORY,VALIDITY) values (110,'22121471054026',to_date('22/12/14','RR/MM/DD'),509,'구매','적립','23/12/14');
Insert into COLLABEE.EMONEY_USAGE (MEMBER_NUM,ORDER_NUM,SAVE_DATE,AMOUNT,EMONEY_HISTORY,CATEGORY,VALIDITY) values (1,'22121562335641',to_date('22/12/15','RR/MM/DD'),2961,'구매','적립','23/12/15');
Insert into COLLABEE.EMONEY_USAGE (MEMBER_NUM,ORDER_NUM,SAVE_DATE,AMOUNT,EMONEY_HISTORY,CATEGORY,VALIDITY) values (1,'22121562335641',to_date('22/12/15','RR/MM/DD'),1000,'구매','사용','23/12/15');
Insert into COLLABEE.EMONEY_USAGE (MEMBER_NUM,ORDER_NUM,SAVE_DATE,AMOUNT,EMONEY_HISTORY,CATEGORY,VALIDITY) values (104,'22121554765225',to_date('22/12/15','RR/MM/DD'),13755,'구매','적립','23/12/15');
Insert into COLLABEE.EMONEY_USAGE (MEMBER_NUM,ORDER_NUM,SAVE_DATE,AMOUNT,EMONEY_HISTORY,CATEGORY,VALIDITY) values (1,'22121671653560',to_date('22/12/16','RR/MM/DD'),2645,'구매','적립','23/12/16');
Insert into COLLABEE.EMONEY_USAGE (MEMBER_NUM,ORDER_NUM,SAVE_DATE,AMOUNT,EMONEY_HISTORY,CATEGORY,VALIDITY) values (1,'22121671653560',to_date('22/12/16','RR/MM/DD'),1000,'구매','사용','23/12/16');
Insert into COLLABEE.EMONEY_USAGE (MEMBER_NUM,ORDER_NUM,SAVE_DATE,AMOUNT,EMONEY_HISTORY,CATEGORY,VALIDITY) values (1,'22121465246143',to_date('22/12/14','RR/MM/DD'),18375,'구매','적립','23/12/14');
Insert into COLLABEE.EMONEY_USAGE (MEMBER_NUM,ORDER_NUM,SAVE_DATE,AMOUNT,EMONEY_HISTORY,CATEGORY,VALIDITY) values (1,'22121457661764',to_date('22/12/14','RR/MM/DD'),945,'구매','적립','23/12/14');
Insert into COLLABEE.EMONEY_USAGE (MEMBER_NUM,ORDER_NUM,SAVE_DATE,AMOUNT,EMONEY_HISTORY,CATEGORY,VALIDITY) values (1,'22121477663361',to_date('22/12/14','RR/MM/DD'),3318,'구매','적립','23/12/14');
Insert into COLLABEE.EMONEY_USAGE (MEMBER_NUM,ORDER_NUM,SAVE_DATE,AMOUNT,EMONEY_HISTORY,CATEGORY,VALIDITY) values (1,'22121462557602',to_date('22/12/14','RR/MM/DD'),4386,'구매','적립','23/12/14');
Insert into COLLABEE.EMONEY_USAGE (MEMBER_NUM,ORDER_NUM,SAVE_DATE,AMOUNT,EMONEY_HISTORY,CATEGORY,VALIDITY) values (1,'22121440611721',to_date('22/12/14','RR/MM/DD'),2492,'구매','적립','23/12/14');
Insert into COLLABEE.EMONEY_USAGE (MEMBER_NUM,ORDER_NUM,SAVE_DATE,AMOUNT,EMONEY_HISTORY,CATEGORY,VALIDITY) values (1,'22121411253074',to_date('22/12/14','RR/MM/DD'),973,'구매','적립','23/12/14');
Insert into COLLABEE.EMONEY_USAGE (MEMBER_NUM,ORDER_NUM,SAVE_DATE,AMOUNT,EMONEY_HISTORY,CATEGORY,VALIDITY) values (1,'22121435252520',to_date('22/12/14','RR/MM/DD'),763,'구매','적립','23/12/14');
Insert into COLLABEE.EMONEY_USAGE (MEMBER_NUM,ORDER_NUM,SAVE_DATE,AMOUNT,EMONEY_HISTORY,CATEGORY,VALIDITY) values (1,'22121515706723',to_date('22/12/15','RR/MM/DD'),3919,'구매','적립','23/12/15');
Insert into COLLABEE.EMONEY_USAGE (MEMBER_NUM,ORDER_NUM,SAVE_DATE,AMOUNT,EMONEY_HISTORY,CATEGORY,VALIDITY) values (104,'22121562661326',to_date('22/12/15','RR/MM/DD'),1869,'구매','적립','23/12/15');
REM INSERTING into COLLABEE.FAQ
SET DEFINE OFF;
Insert into COLLABEE.FAQ (FAQ_NUM,FAQ_TYPE,FAQ_TITLE,FAQ_CONTENT) values (3,'회원','개명을 하여 회원정보의 이름을 바꾸고 싶습니다.','■ 개명으로 인한 회원정보 수정 방법

- 개명하신 경우, 콜라비홈 로그인 후 [마이콜라비]에서 수정하실 수 있습니다.
- [마이콜라비 > 개인정보 수정 > 재로그인 > 이름 변경]

[참고]
▣ 아이디는 변경이 불가합니다.');
Insert into COLLABEE.FAQ (FAQ_NUM,FAQ_TYPE,FAQ_TITLE,FAQ_CONTENT) values (1,'회원','회원 탈퇴를 하고 싶습니다.','■ 탈퇴 방법 안내

-아래 경로를 통해 탈퇴하실 수 있습니다.
(PC) 콜라비홈 상단 [회원명]> 마이콜라비 > 개인정보 수정 > 비밀번호 재확인 최하단 [탈퇴하기] 버튼

[참고]
- 고객님의 개인정보를 위해 직접 탈퇴만 가능합니다.
- 잔여 적립금과 쿠폰은 탈퇴와 함께 소멸되며 별도의 환불처리는 불가합니다.
- 회원 탈퇴시 부정이용 방지를 위하여 30일 동안 보관 후 파기하며, 재화 또는 서비스 제공에 해당하는 경우는 관련 법령에 의거하여 보유기간 동안 보관 후 파기합니다.');
Insert into COLLABEE.FAQ (FAQ_NUM,FAQ_TYPE,FAQ_TITLE,FAQ_CONTENT) values (2,'회원','회원가입에 제한이 있나요?','콜라비 회원 가입 시, 별도의 조건은 없으며 무료인 점 참고 바랍니다.
회원 가입 후 다양한 혜택과 상품을 만나보세요 !');
Insert into COLLABEE.FAQ (FAQ_NUM,FAQ_TYPE,FAQ_TITLE,FAQ_CONTENT) values (4,'회원','아이디,비밀번호를 잊어버렸습니다.','■아이디, 비밀번호 찾기 안내

- 하기 경로를 통해 아이디 및 비밀번호 찾기가 가능하며, 임시 비밀번호의 경우 회원가입 시 등록한 이메일 주소로 발송 됩니다.
(PC) 콜라비홈 상단 [로그인] > 화면 아래 [아이디 찾기] [비밀번호 찾기]
(모바일) 아래 맵에서 [마이콜라비] > 로그인 화면 아래 [아이디 찾기] [비밀번호 찾기]

[참고]
▣ 가입시 기재한 메일 주소가 기억나지 않으시거나 오류가 발생하는 경우 고객센터로 문의 바랍니다.
▣ 상담시에는 고객님의 개인정보보호를 위해 기존에 사용하시던 비밀번호는 안내가 불가하며, 개인정보 화인 후 임시비밀번호를 설정해드립니다.');
Insert into COLLABEE.FAQ (FAQ_NUM,FAQ_TYPE,FAQ_TITLE,FAQ_CONTENT) values (5,'회원','회원 가입시 어떠한 혜택이 있나요?','■ 회원가입 혜택

- 콜라비에서 진행하는 다양한 이벤트를 적용받을 수 있으며, 타임세일과 같은 깜짝 할인 혜택도 받으실 수 있습니다.
- 콜라비 등급에 따라 구매적립금이 차등 적용되며 쿠폰/선물배송등의 헤택도 누릴 수 있습니다.
- 신규가입 시에는 첫 주문 당일과 첫주문 완료 후 한달 동안 무료배송 혜택이 주어지며, 신규회원 대상의 쿠폰 혜택도 주어집니다.');
Insert into COLLABEE.FAQ (FAQ_NUM,FAQ_TYPE,FAQ_TITLE,FAQ_CONTENT) values (6,'상품','(주류) 막걸리 뚜껑이 덜 닫혀 있습니다.','■ 상품 특성 안내

막걸리는 발효 상품으로서 숨구멍이 필요하여 100% 밀봉되지 않습니다.
이에 따라 약간의 새는 현상이 발생하며 정상적인 부분임을 참고 바랍니다.

[참고]
▣ 주류별 상품의 특징에 대해서는 상품페이지 마다 유의사항 및 상세 정보를 안내드리고 있습니다.
▣ 다만, 명백히 파손으로 이용이 어려운 상황이시라면 콜라비 고객센터로 접수 부탁드립니다.');
Insert into COLLABEE.FAQ (FAQ_NUM,FAQ_TYPE,FAQ_TITLE,FAQ_CONTENT) values (7,'상품','(주류) 막걸리가 약간 새어나옵니다.','■ 상품 특성 안내

막걸리는 발효 상품으로서 숨구멍이 필요하여 100% 밀봉되지 않습니다.
이에 따라 약간의 새는 현상이 발생하며 정상적인 부분임을 참고 바랍니다.

[참고]
▣ 주류별 상품의 특징에 대해서는 상품페이지 마다 유의사항 및 상세 정보를 안내드리고 있습니다.
▣ 다만, 명백히 파손으로 이용이 어려운 상황이시라면 콜라비 고객센터로 접수 부탁드립니다.');
Insert into COLLABEE.FAQ (FAQ_NUM,FAQ_TYPE,FAQ_TITLE,FAQ_CONTENT) values (8,'상품','(주류) 개인정보가 왜 관할 세무서에 제공되나요?','■  국세청 고시에 따른 분기별 신고 의무

- 주류 판매 시, 국세청 고시에 따라 주류 통신판매 자료를 분기별로 신고해야 합니다.
- 주류구매자의 필수 신고 정보만 제공하는 점 참고 바랍니다.
* 필수 신고 정보 : 주문자 성명, 주소, 주문일자, 상품명,수량,주문금액');
Insert into COLLABEE.FAQ (FAQ_NUM,FAQ_TYPE,FAQ_TITLE,FAQ_CONTENT) values (9,'주문/결제','전화로 주문 할 수 있나요?','■  전화(유선상) 주문 불가

- 전화주문은 불가하며, 콜라비는 현재 PC 인터넷으로만 주문이 가능합니다.
- 별도의 오프라인 매장을 보유하고 있지 않습니다.');
Insert into COLLABEE.FAQ (FAQ_NUM,FAQ_TYPE,FAQ_TITLE,FAQ_CONTENT) values (10,'주문/결제','(회원) 구매하는 방법이 궁금합니다.','■ 상품 구매 방법

- 희망 상품 클릭 > 수량 체크 > 장바구니 담기 > 장바구니 확인 > 결제

[참고]
▣ 당일 추가 주문 시 합주문은 불가하므로 추가 주문건에 배송비가 부여 될 경우 고객센터로 문의 주세요');
Insert into COLLABEE.FAQ (FAQ_NUM,FAQ_TYPE,FAQ_TITLE,FAQ_CONTENT) values (11,'주문/결제','(회원) 주문 내역 조회는 어디서 하나요?','■ 주문 내역 조회
-하기 경로를 통해 구매하신 주문건의 이력을 확인할 수 있습니다.

(PC) 콜라비홈 상단 [회원명] 클릭 > 주문 내역');
Insert into COLLABEE.FAQ (FAQ_NUM,FAQ_TYPE,FAQ_TITLE,FAQ_CONTENT) values (12,'주문/결제','제가 해외에 살고 있는데, 주문 가능하나요?','■ 해외 주문 불가 

- 콜라비는 외국인/해외 거주자 고객님들도 가입하실 수 있으나, 해외로 주문/배송은 불가한 점 참고 바랍니다. ');
Insert into COLLABEE.FAQ (FAQ_NUM,FAQ_TYPE,FAQ_TITLE,FAQ_CONTENT) values (13,'주문/결제','구매 영수증은 어떻게 발급 받나요?','■ 구매 영수증 출력

- 구매하신 주문건의 영수증 출력과 관련하여 직접 조회가 어려우십니다.
-간편결제 서비스를 이용하여 구매하실 경우에는 해당 결제사를 통해서 영수증 발급이 가능합니다.');
Insert into COLLABEE.FAQ (FAQ_NUM,FAQ_TYPE,FAQ_TITLE,FAQ_CONTENT) values (15,'배송','이 주소지가 배송 가능한지, 어떻게 배송되는 지역인지 궁금합니다.','■ 나의 배송지, 배송 유형 확인하기

(PC) 상단 [배송지역 검색] or 사이드 메뉴에 [배송 안내] 클릭하여 주소지 기재후 조회');
Insert into COLLABEE.FAQ (FAQ_NUM,FAQ_TYPE,FAQ_TITLE,FAQ_CONTENT) values (16,'배송','낮배송 지역인데 배송이 언제 되나요?','■ 낮배송(택배)지역 배송일정 안내

낮배송의 경우, 당일 밤 10시까지 주문하시면 다음날 밤 12시 전까지 배송해드리고 있습니다.
단, 월~토요일까지 배송하나 일요일, 공휴일은 휴무로 주 6일 배송하는 점 참고 바랍니다.

▣ 일요일 배송 불가 -> 토요일 주문 불가
▣  공휴일 배송 불가 - 공휴일 전의 주문 불가
* 택배사 사정으로 인해 배송 불가인 경우 사전에 공지사항 또는 콜라비 팝업창을 통해 안내 드립니다.
• 배송 과정 중 기상 악화 및 도로 교통 상황에 따라 부득이하게 지연 배송이 발생될 수 있습니다.');
Insert into COLLABEE.FAQ (FAQ_NUM,FAQ_TYPE,FAQ_TITLE,FAQ_CONTENT) values (17,'쿠폰/적립금','적립금은 어떻게 누적하나요?','■ 적립금 누적 방법 안내

- 적립금은 콜라비 회원 대상으로 주어지는 혜택입니다.
- 주문 결제 / 후기 작성 / 이벤트 참여 등으로 누적 할 수 있습니다.

[참고]
▣ 1원 단위부터 주문서에서 사용 가능 합니다.
▣ 일부 상품의 경우 적립금 미지급품목이므로 구매 시 참고 바랍니다.');
Insert into COLLABEE.FAQ (FAQ_NUM,FAQ_TYPE,FAQ_TITLE,FAQ_CONTENT) values (18,'쿠폰/적립금','적립금은 언제까지 사용할 수 있나요?','■ 적립금 사용 방법

- 콜라비 적립금은 회원 대상으로 제한한 서비스로, 1원 단위부터 사용 가능합니다.
- 지급 된 적립금은 별도 고지가 없는 경우, 지급일로부터 1년의 유효기간이 발생합니다.

[참고]
▣  적립금 유효기간 PC에서만 조회 가능합니다.
▣  적립금 지급기한 및 소멸예정 금액은 PC [마이콜라비>적립금] 에서 확인 할 수 있습니다.');
Insert into COLLABEE.FAQ (FAQ_NUM,FAQ_TYPE,FAQ_TITLE,FAQ_CONTENT) values (14,'배송','낮배송 주문 마감 시간이 변동 될 수 있나요?','■ 낮배송은 주문마감시간 그대로 유지

- 주문마감시간의 유동적 정책은 낮배송 지역은 해당되지 않습니다.
- 다만,조만간 서비스 확장이 될 예정이므로 참고 부탁드립니다. ');
Insert into COLLABEE.FAQ (FAQ_NUM,FAQ_TYPE,FAQ_TITLE,FAQ_CONTENT) values (19,'쿠폰/적립금','사용한 적립금은 취소 시 복원 되나요?','■ 적립금 복원 안내

- 적립금을 이용해 상품 주문 시 결제한 경우, 각 상품의 가격 비율에 따라 적립금이 적용 됩니다.
- 일부 상품의 주문 취소 / 환불이 진행 되는 경우, 이 비율에 따라 복원 되는 점 참고 바랍니다.');
Insert into COLLABEE.FAQ (FAQ_NUM,FAQ_TYPE,FAQ_TITLE,FAQ_CONTENT) values (20,'쿠폰/적립금','쿠폰을 어떻게 사용하나요?','■ 쿠폰 사용 방법

- 주문서 > 결제금액 > 쿠폰 조회 > 적용

[참고]
▣  한 주문건에 적립금과 쿠폰은 동시에 사용 할 수 없으며, 주문건당 쿠폰은 1장만 사용 가능합니다.
▣  쿠폰별로 사용법 및 조건/혜택등이 다를 수 있으니, 상세한 사용 문의는 고객센터로 문의바랍니다.');
Insert into COLLABEE.FAQ (FAQ_NUM,FAQ_TYPE,FAQ_TITLE,FAQ_CONTENT) values (21,'쿠폰/적립금','주문 취소 시 , 사용한 쿠폰은 복원 되나요?','■ 쿠폰 복원 안내

- 주문 결제 시, 쿠폰을 사용하신 경우 각 상품별로 가격 비율에 따라 쿠폰혜택이 적용 됩니다.
(전체 취소/환불) 자동 복원
(부분 취소/환불) 복원 불가

[참고]
▣ 단, 주문 취소 후 쿠폰 유효기간이 종료되었다면, 쿠폰 만료로 복원되지 않는 점 참고 부탁드립니다');
Insert into COLLABEE.FAQ (FAQ_NUM,FAQ_TYPE,FAQ_TITLE,FAQ_CONTENT) values (22,'쿠폰/적립금','쿠폰이 있는데 ''사용할 수 있는 쿠폰이 없습니다'' 라고 뜹니다.','■ 쿠폰 사용 오류 발생 시

- 간혹, 모바일 네트워크가 불안정한 경우, 쿠폰을 불러오는 동안 해당 문구가 노출될 수 있습니다.
쿠폰이 불러오는 동안 조금 기다려 주시고, 이 후에도 동일한 문제가 발생할 경우 고객센터로 문의 바랍니다.

[참고]
당사 사정에 따라 쿠폰, 적립금 등의 이벤트는 사전 고지 없이 변경 혹은 중단 될 수 있습니다.');
REM INSERTING into COLLABEE.INQUIRY
SET DEFINE OFF;
Insert into COLLABEE.INQUIRY (INQUIRY_NUM,MEMBER_NUM,INQUIRY_TYPE,INQUIRY_SUB_TYPE,INQUIRY_TITLE,INQUIRY_CONTENT,ORI_FILENAME,SYS_FILENAME,INQUIRY_DATE,INQUIRY_STATE,INQUIRY_ANSWER) values (2,1,'쿠폰적립금문의','적립금 관련 문의드려요','문의합니당','문의요',null,null,to_date('22/12/15','RR/MM/DD'),'답변대기',null);
Insert into COLLABEE.INQUIRY (INQUIRY_NUM,MEMBER_NUM,INQUIRY_TYPE,INQUIRY_SUB_TYPE,INQUIRY_TITLE,INQUIRY_CONTENT,ORI_FILENAME,SYS_FILENAME,INQUIRY_DATE,INQUIRY_STATE,INQUIRY_ANSWER) values (3,110,'상품문의','불량상품 환불 해주세요','문의드립니다','감귤을 주문했는데 물러서 왔어요ㅠㅠ 교환 부탁드립니다.',null,null,to_date('22/12/16','RR/MM/DD'),'답변대기',null);
Insert into COLLABEE.INQUIRY (INQUIRY_NUM,MEMBER_NUM,INQUIRY_TYPE,INQUIRY_SUB_TYPE,INQUIRY_TITLE,INQUIRY_CONTENT,ORI_FILENAME,SYS_FILENAME,INQUIRY_DATE,INQUIRY_STATE,INQUIRY_ANSWER) values (1,105,'배송문의','상품이 다른 곳으로 갔어요','바나나가 다른 곳으로 갔어요 ㅠㅠ','내 바나나 내놔 ~ ~ ㅠㅠ ',null,null,to_date('22/12/09','RR/MM/DD'),'답변대기','뻥치네');
REM INSERTING into COLLABEE.MEMBER
SET DEFINE OFF;
Insert into COLLABEE.MEMBER (MEMBER_NUM,ID,PASSWORD,NAME,EMAIL,PHONE,ADDRESS,GENDER,BIRTH,GRADE,REGDATE,MEMBER_STATE,LEAVE_DATE,ADDRESS_DETAIL) values (104,'yusg9603','1234','김석기','yusg9603@naver.com','01051813718','서울 강남구 강남대로 328','male',to_date('99/11/11','RR/MM/DD'),1,to_date('22/12/01','RR/MM/DD'),'A',null,'1');
Insert into COLLABEE.MEMBER (MEMBER_NUM,ID,PASSWORD,NAME,EMAIL,PHONE,ADDRESS,GENDER,BIRTH,GRADE,REGDATE,MEMBER_STATE,LEAVE_DATE,ADDRESS_DETAIL) values (118,'dlatnwls123','dlatnwls1234!','수진','test@test.com','010444472727','서울 성동구 서울숲길 17','male',to_date('93/11/11','RR/MM/DD'),3,to_date('22/12/15','RR/MM/DD'),'A',null,'서울숲');
Insert into COLLABEE.MEMBER (MEMBER_NUM,ID,PASSWORD,NAME,EMAIL,PHONE,ADDRESS,GENDER,BIRTH,GRADE,REGDATE,MEMBER_STATE,LEAVE_DATE,ADDRESS_DETAIL) values (123,'dlatnwls12','dlatnwls12!','임수진','dlatnwls12@test.com','01011111222','충남 공주시 사곡면 일이구길 1','male',null,3,to_date('22/12/15','RR/MM/DD'),'A',null,'삼각길');
Insert into COLLABEE.MEMBER (MEMBER_NUM,ID,PASSWORD,NAME,EMAIL,PHONE,ADDRESS,GENDER,BIRTH,GRADE,REGDATE,MEMBER_STATE,LEAVE_DATE,ADDRESS_DETAIL) values (124,'dlatnwls11','dlatnwls11!','임수진','dlatnwls11@test.com','01111111112','서울 강남구 개포로 616-2','male',null,3,to_date('22/12/15','RR/MM/DD'),'A',null,'공구공구');
Insert into COLLABEE.MEMBER (MEMBER_NUM,ID,PASSWORD,NAME,EMAIL,PHONE,ADDRESS,GENDER,BIRTH,GRADE,REGDATE,MEMBER_STATE,LEAVE_DATE,ADDRESS_DETAIL) values (1,'snoopy','1234','스누피','snoopy@gmail.com','01012345678','서울 강남구 테헤란로 105',null,null,1,to_date('22/11/28','RR/MM/DD'),'A',null,'스누피 하우스');
Insert into COLLABEE.MEMBER (MEMBER_NUM,ID,PASSWORD,NAME,EMAIL,PHONE,ADDRESS,GENDER,BIRTH,GRADE,REGDATE,MEMBER_STATE,LEAVE_DATE,ADDRESS_DETAIL) values (114,'test4','4242','테스터44','lim222@test.com','01011111444','충남 금산군 남일면 사사길 21','male',to_date('93/01/09','RR/MM/DD'),3,to_date('22/12/12','RR/MM/DD'),'A',null,'사사학교');
Insert into COLLABEE.MEMBER (MEMBER_NUM,ID,PASSWORD,NAME,EMAIL,PHONE,ADDRESS,GENDER,BIRTH,GRADE,REGDATE,MEMBER_STATE,LEAVE_DATE,ADDRESS_DETAIL) values (107,'user3','3333','테스터3','user3@test.com','01000000003','서울 강남구 삼성로3길 39','male',to_date('99/11/11','RR/MM/DD'),3,to_date('22/12/02','RR/MM/DD'),'A',null,'369빌딩');
Insert into COLLABEE.MEMBER (MEMBER_NUM,ID,PASSWORD,NAME,EMAIL,PHONE,ADDRESS,GENDER,BIRTH,GRADE,REGDATE,MEMBER_STATE,LEAVE_DATE,ADDRESS_DETAIL) values (117,'dlatnwls2','dlatnwls1234!','임수진','limsjs@1234.com','01044447777','서울 동대문구 경희대로4길 73','male',to_date('99/11/11','RR/MM/DD'),3,to_date('22/12/15','RR/MM/DD'),'A',null,'경희대ㅎ');
Insert into COLLABEE.MEMBER (MEMBER_NUM,ID,PASSWORD,NAME,EMAIL,PHONE,ADDRESS,GENDER,BIRTH,GRADE,REGDATE,MEMBER_STATE,LEAVE_DATE,ADDRESS_DETAIL) values (101,'user2','2222','트위티','test2@test.com','01011111122','경기 양평군 청운면 설악로 70','2',to_date('22/11/22','RR/MM/DD'),3,to_date('22/11/30','RR/MM/DD'),'L',to_date('22/12/01','RR/MM/DD'),'새장속');
Insert into COLLABEE.MEMBER (MEMBER_NUM,ID,PASSWORD,NAME,EMAIL,PHONE,ADDRESS,GENDER,BIRTH,GRADE,REGDATE,MEMBER_STATE,LEAVE_DATE,ADDRESS_DETAIL) values (109,'user5','5555','테스터5','user5@test.com','01011111115','대구 달서구 새동네로 27','male',to_date('99/09/09','RR/MM/DD'),3,to_date('22/12/02','RR/MM/DD'),'A',null,'감자탕집');
Insert into COLLABEE.MEMBER (MEMBER_NUM,ID,PASSWORD,NAME,EMAIL,PHONE,ADDRESS,GENDER,BIRTH,GRADE,REGDATE,MEMBER_STATE,LEAVE_DATE,ADDRESS_DETAIL) values (108,'user4','4444','테스터4','user4@test.com','01000000004','경남 하동군 고전면 사막1길 26','male',to_date('90/09/19','RR/MM/DD'),3,to_date('22/12/02','RR/MM/DD'),'A',null,'사각형집');
Insert into COLLABEE.MEMBER (MEMBER_NUM,ID,PASSWORD,NAME,EMAIL,PHONE,ADDRESS,GENDER,BIRTH,GRADE,REGDATE,MEMBER_STATE,LEAVE_DATE,ADDRESS_DETAIL) values (110,'dlatnwls','dlatnwls','임수징','limsjs@naver.com','01044444444','서울 강남구 가로수길 5','male',to_date('20/02/02','RR/MM/DD'),3,to_date('22/12/05','RR/MM/DD'),'A',null,'삼원');
Insert into COLLABEE.MEMBER (MEMBER_NUM,ID,PASSWORD,NAME,EMAIL,PHONE,ADDRESS,GENDER,BIRTH,GRADE,REGDATE,MEMBER_STATE,LEAVE_DATE,ADDRESS_DETAIL) values (113,'test6','6666','테스터6','limsj2@test.com','01011111116','서울 강남구 가로수길 5','male',to_date('99/02/02','RR/MM/DD'),3,to_date('22/12/12','RR/MM/DD'),'L',to_date('22/12/15','RR/MM/DD'),'서울숲 사슴 농장 ');
Insert into COLLABEE.MEMBER (MEMBER_NUM,ID,PASSWORD,NAME,EMAIL,PHONE,ADDRESS,GENDER,BIRTH,GRADE,REGDATE,MEMBER_STATE,LEAVE_DATE,ADDRESS_DETAIL) values (115,'dlatnwls1','dlatnwls1234!','임수진','lims22@naver.com','010414477777','서울 강서구 가로공원로 173','male',to_date('99/01/01','RR/MM/DD'),3,to_date('22/12/14','RR/MM/DD'),'A',null,'가로수길');
Insert into COLLABEE.MEMBER (MEMBER_NUM,ID,PASSWORD,NAME,EMAIL,PHONE,ADDRESS,GENDER,BIRTH,GRADE,REGDATE,MEMBER_STATE,LEAVE_DATE,ADDRESS_DETAIL) values (116,'admin1','admin1234!','회원','limsjs2@n32er.com','01044447777','광주 남구 제중로 11','male',to_date('96/02/02','RR/MM/DD'),3,to_date('22/12/14','RR/MM/DD'),'A',null,'101-101');
Insert into COLLABEE.MEMBER (MEMBER_NUM,ID,PASSWORD,NAME,EMAIL,PHONE,ADDRESS,GENDER,BIRTH,GRADE,REGDATE,MEMBER_STATE,LEAVE_DATE,ADDRESS_DETAIL) values (125,'dlatnwls214','dlatnwls214!','임수진','dlatnwls214@test.com','01011112352','경기 성남시 분당구 판교역로50번길 6-6','male',null,3,to_date('22/12/15','RR/MM/DD'),'L',to_date('22/12/15','RR/MM/DD'),'감자탕집');
Insert into COLLABEE.MEMBER (MEMBER_NUM,ID,PASSWORD,NAME,EMAIL,PHONE,ADDRESS,GENDER,BIRTH,GRADE,REGDATE,MEMBER_STATE,LEAVE_DATE,ADDRESS_DETAIL) values (2,'user1','1111','토오스트','to5st@test.com','01011111122','경북 구미시 수점고구마길 6-11','male',to_date('99/11/11','RR/MM/DD'),3,to_date('22/11/28','RR/MM/DD'),'L',to_date('22/12/01','RR/MM/DD'),'감자집55');
Insert into COLLABEE.MEMBER (MEMBER_NUM,ID,PASSWORD,NAME,EMAIL,PHONE,ADDRESS,GENDER,BIRTH,GRADE,REGDATE,MEMBER_STATE,LEAVE_DATE,ADDRESS_DETAIL) values (100,'admin','admin','COLLABEE','admin@admin.com','1588-0000','서울시 강남구',null,null,0,to_date('22/01/01','RR/MM/DD'),'A',null,'역삼동');
Insert into COLLABEE.MEMBER (MEMBER_NUM,ID,PASSWORD,NAME,EMAIL,PHONE,ADDRESS,GENDER,BIRTH,GRADE,REGDATE,MEMBER_STATE,LEAVE_DATE,ADDRESS_DETAIL) values (112,'ahyeon','7777','조아현','x__x7@naver.com','01077777777','광주 남구 칠석길 1','male',to_date('00/01/01','RR/MM/DD'),3,to_date('22/12/08','RR/MM/DD'),'A',null,'칠석');
Insert into COLLABEE.MEMBER (MEMBER_NUM,ID,PASSWORD,NAME,EMAIL,PHONE,ADDRESS,GENDER,BIRTH,GRADE,REGDATE,MEMBER_STATE,LEAVE_DATE,ADDRESS_DETAIL) values (105,'ooyouj','1234','오유정','ooyouj@naver.com','01041068077','서울 강남구 봉은사로 404','2',null,3,to_date('22/12/01','RR/MM/DD'),'A',null,'1111');
Insert into COLLABEE.MEMBER (MEMBER_NUM,ID,PASSWORD,NAME,EMAIL,PHONE,ADDRESS,GENDER,BIRTH,GRADE,REGDATE,MEMBER_STATE,LEAVE_DATE,ADDRESS_DETAIL) values (111,'user6','6666','테스터6','user6@test.com','01000000006','전북 군산시 의료원로 60','male',to_date('99/03/23','RR/MM/DD'),3,to_date('22/12/08','RR/MM/DD'),'A',null,'바다가 육지라면');
Insert into COLLABEE.MEMBER (MEMBER_NUM,ID,PASSWORD,NAME,EMAIL,PHONE,ADDRESS,GENDER,BIRTH,GRADE,REGDATE,MEMBER_STATE,LEAVE_DATE,ADDRESS_DETAIL) values (119,'dlatnwls22','dlatnwls22!','임수진','dlatnwls22@test.com','01044482882','서울 성북구 아리랑로 3','male',null,3,to_date('22/12/15','RR/MM/DD'),'L',to_date('22/12/15','RR/MM/DD'),'222-222');
Insert into COLLABEE.MEMBER (MEMBER_NUM,ID,PASSWORD,NAME,EMAIL,PHONE,ADDRESS,GENDER,BIRTH,GRADE,REGDATE,MEMBER_STATE,LEAVE_DATE,ADDRESS_DETAIL) values (120,'dlatnwls23','dlatnwls23!','임수진','dlatnwls23@test.com','01044447777','강원 횡성군 공근면 아이티밸리길 6','male',to_date('99/03/09','RR/MM/DD'),3,to_date('22/12/15','RR/MM/DD'),'L',to_date('22/12/15','RR/MM/DD'),'25');
Insert into COLLABEE.MEMBER (MEMBER_NUM,ID,PASSWORD,NAME,EMAIL,PHONE,ADDRESS,GENDER,BIRTH,GRADE,REGDATE,MEMBER_STATE,LEAVE_DATE,ADDRESS_DETAIL) values (121,'dlatnwls24','dlatnwls24!','임수진','dlatnwls24@test.com','010447474747','서울 은평구 갈현로 181-2','male',null,3,to_date('22/12/15','RR/MM/DD'),'L',to_date('22/12/15','RR/MM/DD'),'2020-200');
Insert into COLLABEE.MEMBER (MEMBER_NUM,ID,PASSWORD,NAME,EMAIL,PHONE,ADDRESS,GENDER,BIRTH,GRADE,REGDATE,MEMBER_STATE,LEAVE_DATE,ADDRESS_DETAIL) values (122,'dlatnwls25','dlatnwls25!','임수진','dlatnwls25@test.com','01022225555','서울 서대문구 이화여대길 3','male',null,3,to_date('22/12/15','RR/MM/DD'),'L',to_date('22/12/15','RR/MM/DD'),'감사합니다');
REM INSERTING into COLLABEE.MEMBERSHIP
SET DEFINE OFF;
Insert into COLLABEE.MEMBERSHIP (GRADE,GRADE_NAME,SAVERATE,MEMBER_DESCRIPTION) values (0,'관리자',0,'관리자');
Insert into COLLABEE.MEMBERSHIP (GRADE,GRADE_NAME,SAVERATE,MEMBER_DESCRIPTION) values (1,'콜라비',7,' 5000원 할인쿠폰 3개, 무료배송쿠폰');
Insert into COLLABEE.MEMBERSHIP (GRADE,GRADE_NAME,SAVERATE,MEMBER_DESCRIPTION) values (2,'콜라',3,'5000원 할인쿠폰 2개, 무료배송쿠폰');
Insert into COLLABEE.MEMBERSHIP (GRADE,GRADE_NAME,SAVERATE,MEMBER_DESCRIPTION) values (3,'콜',1,'5000원 할인쿠폰 1개, 무료배송쿠폰');
REM INSERTING into COLLABEE.NOTICE
SET DEFINE OFF;
Insert into COLLABEE.NOTICE (NOTICE_NUM,NOTICE_TITLE,NOTICE_CONTENT,NOTICE_DATE) values (1,'[중요] LG U+ 휴대폰 결제 시스템 작업','콜라비를 이용해 주시는 고객님께 감사 드립니다.
LG U+ 휴대폰결제 시스템 작업으로 인해 서비스 일시 순단 예정으로 안내드립니다.
아래 내용 확인하시어 이용에 불편 없으시길 바랍니다.
■ 작업 내용 : LG U+ 휴대폰 결제 시스템 작업
■ 일시 : 2022.10.18(화) 14:00-16:00
■ 영향 : 작업 시간동안 LG U+ 휴대폰결제 순단 발생
작업 중에는 서비스의 이용이 일시적으로 불가 한 점 양해 부탁드립니다.
감사합니다.
콜라비 드림.',to_date('22/11/25','RR/MM/DD'));
Insert into COLLABEE.NOTICE (NOTICE_NUM,NOTICE_TITLE,NOTICE_CONTENT,NOTICE_DATE) values (2,'스타트업을 위한 세미나 : 성장하는 기업이 일하는 방법','안녕하세요, 콜라비입니다.

2022년 12월 12일(화) “성장하는 기업이 일하는 방법” 이라는 주제로 콜라비 세미나를 진행합니다.



자세한 내용은 아래 참고해주시기 바랍니다.


■ 일정 : 2022년 12월 12일(화) 14:00 ~ 15:00 (1시간)

■ 장소 : 온라인 라이브

■ 참가 등록 : 온라인 사전 신청 (무료)

■ 참가 대상 : 스타트업 및 일반 기업

– 회사의 꾸준한 성장을 이끌고 싶은 대표님
– 협업과 소통 구조를 개선하고 싶은 HR 담당자
– 콜라비와 성장하는 기업이 일하는 방법이 궁금한 실무자
– 콜라비가 궁금하신 분


■ 안내:

* 참가 방식 : 참가 등록을 정상적으로 완료하신 분들께 세미나 접속 링크를 안내 드립니다.
* 이벤트 : 세미나 참석자 중 50명을 추첨하여 스타벅스 아메리카노 기프리콘을 드립니다.
* 본 세미나는 콜라비 프리미엄 파트너 콜라비365와 함께 진행합니다.
* 본 세미나는 다시보기가 제공되지 않습니다.


감사합니다.',to_date('22/12/14','RR/MM/DD'));
Insert into COLLABEE.NOTICE (NOTICE_NUM,NOTICE_TITLE,NOTICE_CONTENT,NOTICE_DATE) values (3,'[중요] 콜라비 비밀번호 변경주기 90일 이하 설정 권장!','안녕하세요. 콜라비입니다.



최근 단말기에 해커 그룹에 의해 인터넷 서비스의 계정과 비밀번호를 탈취하는 악성코드의 유포가 증가하고 있습니다.
콜라비 서비스의 계정과 비밀번호도 탈취될 수 있는 가능성이 있어 사용자들의 각별한 주의가 필요합니다.



또한 콜라비 서비스 관리자들은 구성원의 비밀번호 만료 주기를 90일 이하로 설정해 주실 것을 권고 드립니다.

주기적인 비밀번호 변경을 통해서 구성원 콜라비 서비스 계정이 도용되는 사고를 예방해 주시기 부탁드립니다.



콜라비는 모든 사용자들이 항상 안전한 서비스를 이용할 수 있도록 최선을 다하고 있습니다.
관련 문의사항은 콜라비 1644-1107 이나 온라인 문의하기로 문의 부탁드립니다.



감사합니다.
',to_date('22/12/14','RR/MM/DD'));
Insert into COLLABEE.NOTICE (NOTICE_NUM,NOTICE_TITLE,NOTICE_CONTENT,NOTICE_DATE) values (4,'드라이브 서비스 DB 업그레이드 작업 사전 안내','안녕하세요, 콜라비입니다.
​
콜라비 드라이브 서비스의 DB 업그레이드 작업이 9/7일 예정되어 있습니다.
고객께서는 업그레이드 작업 중에 드라이브 서비스 접속 시 순단 현상을 경험할 수 있으니,
자세한 내용은 아래 확인 부탁드립니다.
​
■ 작업 일정: 2022년 12월 9일 오후 9시~(10일) 2시
​
​■ 작업 내용 : 드라이브 서비스 DB 장비 펌웨어 업그레이드 및 재부팅
​
■ 영향 범위 : 콜라비 팀/그룹폴더 및 공유 드라이브 이용 시 순단 현상 경험
​
이와 관련해서 궁금한 점이 있으신 분은 콜라비 고객 행복 센터 (1644-1107) 및 온라인 문의하기로 문의 부탁드립니다.
​
감사합니다',to_date('22/12/14','RR/MM/DD'));
Insert into COLLABEE.NOTICE (NOTICE_NUM,NOTICE_TITLE,NOTICE_CONTENT,NOTICE_DATE) values (5,'드라이브 서비스 DB 업그레이드 작업 사전 안내','안녕하세요, 콜라비입니다.
​
콜라비 드라이브 서비스의 DB 업그레이드 작업이 9/7일 예정되어 있습니다.
고객께서는 업그레이드 작업 중에 드라이브 서비스 접속 시 순단 현상을 경험할 수 있으니,
자세한 내용은 아래 확인 부탁드립니다.
​
■ 작업 일정: 2022년 12월 9일 오후 9시~(10일) 2시
​
​■ 작업 내용 : 드라이브 서비스 DB 장비 펌웨어 업그레이드 및 재부팅
​
■ 영향 범위 : 콜라비 팀/그룹폴더 및 공유 드라이브 이용 시 순단 현상 경험
​
이와 관련해서 궁금한 점이 있으신 분은 콜라비 고객 행복 센터 (1644-1107) 및 온라인 문의하기로 문의 부탁드립니다.
​
감사합니다',to_date('22/12/14','RR/MM/DD'));
Insert into COLLABEE.NOTICE (NOTICE_NUM,NOTICE_TITLE,NOTICE_CONTENT,NOTICE_DATE) values (6,'미제공 기능에 대한 아이콘 미노출 적용 사전 안내','안녕하세요, 콜라비입니다.
​
드라이브 서비스 DB 업그레이드 작업 사전 안내

콜라비 드라이브 서비스의 DB 업그레이드 작업이 9/7일 예정되어 있습니다.
고객께서는 업그레이드 작업 중에 드라이브 서비스 접속 시 순단 현상을 경험할 수 있으니,
자세한 내용은 아래 확인 부탁드립니다.
​
■ 작업 일정: 2022년 9월 7일 오후 9시~(8일) 2시
​
​■ 작업 내용 : 드라이브 서비스 DB 장비 펌웨어 업그레이드 및 재부팅
​
■ 영향 범위 : 콜라비 팀/그룹폴더 및 공유 드라이브 이용 시 순단 현상 경험
​
이와 관련해서 궁금한 점이 있으신 분은 온라인 문의하기로 문의 부탁드립니다.
​
감사합니다.',to_date('22/12/14','RR/MM/DD'));
Insert into COLLABEE.NOTICE (NOTICE_NUM,NOTICE_TITLE,NOTICE_CONTENT,NOTICE_DATE) values (7,'콜라비 선착순 이벤트 ','안녕하세요, 콜라비입니다.
​
드라이브 서비스 DB 업그레이드 작업 사전 안내

콜라비 드라이브 서비스의 DB 업그레이드 작업이 9/7일 예정되어 있습니다.
고객께서는 업그레이드 작업 중에 드라이브 서비스 접속 시 순단 현상을 경험할 수 있으니,
자세한 내용은 아래 확인 부탁드립니다.
​
■ 작업 일정: 2022년 9월 7일 오후 9시~(8일) 2시
​
​■ 작업 내용 : 드라이브 서비스 DB 장비 펌웨어 업그레이드 및 재부팅
​
■ 영향 범위 : 콜라비 팀/그룹폴더 및 공유 드라이브 이용 시 순단 현상 경험
​
이와 관련해서 궁금한 점이 있으신 분은 온라인 문의하기로 문의 부탁드립니다.
​
감사합니다.',to_date('22/12/14','RR/MM/DD'));
Insert into COLLABEE.NOTICE (NOTICE_NUM,NOTICE_TITLE,NOTICE_CONTENT,NOTICE_DATE) values (8,'공지사항 작성 예시입니다. ','안녕하세요, 콜라비입니다.
​
드라이브 서비스 DB 업그레이드 작업 사전 안내

콜라비 드라이브 서비스의 DB 업그레이드 작업이 9/7일 예정되어 있습니다.
고객께서는 업그레이드 작업 중에 드라이브 서비스 접속 시 순단 현상을 경험할 수 있으니,
자세한 내용은 아래 확인 부탁드립니다.
​
■ 작업 일정: 2022년 9월 7일 오후 9시~(8일) 2시
​
​■ 작업 내용 : 드라이브 서비스 DB 장비 펌웨어 업그레이드 및 재부팅
​
■ 영향 범위 : 콜라비 팀/그룹폴더 및 공유 드라이브 이용 시 순단 현상 경험
​
이와 관련해서 궁금한 점이 있으신 분은 온라인 문의하기로 문의 부탁드립니다.
​
감사합니다.',to_date('22/12/14','RR/MM/DD'));
Insert into COLLABEE.NOTICE (NOTICE_NUM,NOTICE_TITLE,NOTICE_CONTENT,NOTICE_DATE) values (9,'상품 후기 적립금 정책 안내 ','[ 상품 후기 적립금 정책 변경 안내 ]

고객님 안녕하세요. 콜라비 입니다.
적립금 지급 정책을 안내드리니 콜라비 이용에 참고 부탁드립니다.

■ 적립금 지급 정책 ■

1. 일반 후기
-글 후기 50원/건
-사진 후기 100원/건
*콜라비 고객님께는 더블 후기 적립금이 지급됩니다.
*지급에 영업일 기준 1~2일 소요됩니다.
→ 금~일 작성 시, 월요일 지급

2. 후기 적립금 지급 유의 사항
콜라비는 믿을 수 있는 후기문화를 함께 만들어가고자 합니다. 따라서 후기 내용이 아래에 해당하는 경우에는 검토 후 삭제 및 적립금 회수 조치될 수 있습니다.

1. 욕설, 폭력성, 음란성, 상업성 등 업체나 타인에게 불쾌한 내용을 작성한 경우
2. 구매한 상품과 무관한 내용이나 동일 문자/단순 초성의 반복 등 부적합한 내용을 작성한 경우
3. 상품의 기능이나 효과 등에 오해의 소지가 있는 내용을 작성한 경우
4. 저작권, 초상권 등 타인의 권리를 침해하는 이미지, 동영상을 사용한 경우
5. 구매한 상품이 아닌 캡쳐 사진, 포장 박스 사진 등 상품과 관련 없는 이미지, 동영상을 사용한 경우

또한, 비정상적인 방법을 통해 후기를 작성하고 적립금을 취득한 경우 작성자에 법적 책임의 소지가 있음을 알려드립니다.',to_date('22/12/14','RR/MM/DD'));
REM INSERTING into COLLABEE.ORDERS
SET DEFINE OFF;
Insert into COLLABEE.ORDERS (ORDER_NUM,ORDER_NAME,ORDER_PHONE,ORDER_ADDR,ORDER_PLACE,ORDER_REQUEST,DELIVERY_PICK,DELIVERY_FEE,TOT_DISCOUNT,TOT_PRICE,ORDER_DATE,COUPON_NUM,USAGE_AMOUNT,REFUND_STATUS,PT_NUM,MEMBER_NUM,DELIVERY_STATUS_NUM,ORDER_ADDR_DETAIL,NMEMBER_NUM,TOT_GOODSPRICE) values ('22121401761526','스누피','01012345678','제주특별자치도 서귀포시 가가로 14','문 앞',null,to_date('22/12/15','RR/MM/DD'),0,0,14000,to_date('22/12/14','RR/MM/DD'),0,0,'N',1,1,1,'스누피 하우스',null,14000);
Insert into COLLABEE.ORDERS (ORDER_NUM,ORDER_NAME,ORDER_PHONE,ORDER_ADDR,ORDER_PLACE,ORDER_REQUEST,DELIVERY_PICK,DELIVERY_FEE,TOT_DISCOUNT,TOT_PRICE,ORDER_DATE,COUPON_NUM,USAGE_AMOUNT,REFUND_STATUS,PT_NUM,MEMBER_NUM,DELIVERY_STATUS_NUM,ORDER_ADDR_DETAIL,NMEMBER_NUM,TOT_GOODSPRICE) values ('22121416133731','스누피','01012345678','제주특별자치도 서귀포시 가가로 14','문 앞',null,to_date('22/12/15','RR/MM/DD'),0,0,69500,to_date('22/12/14','RR/MM/DD'),0,0,'N',1,1,1,'스누피 하우스',null,69500);
Insert into COLLABEE.ORDERS (ORDER_NUM,ORDER_NAME,ORDER_PHONE,ORDER_ADDR,ORDER_PLACE,ORDER_REQUEST,DELIVERY_PICK,DELIVERY_FEE,TOT_DISCOUNT,TOT_PRICE,ORDER_DATE,COUPON_NUM,USAGE_AMOUNT,REFUND_STATUS,PT_NUM,MEMBER_NUM,DELIVERY_STATUS_NUM,ORDER_ADDR_DETAIL,NMEMBER_NUM,TOT_GOODSPRICE) values ('22121553651711','임수징','01044444444','서울 강남구 가로수길 5','문 앞',null,to_date('22/12/16','RR/MM/DD'),0,5905,81000,to_date('22/12/15','RR/MM/DD'),0,2085,'N',2,110,1,'삼원',null,88990);
Insert into COLLABEE.ORDERS (ORDER_NUM,ORDER_NAME,ORDER_PHONE,ORDER_ADDR,ORDER_PLACE,ORDER_REQUEST,DELIVERY_PICK,DELIVERY_FEE,TOT_DISCOUNT,TOT_PRICE,ORDER_DATE,COUPON_NUM,USAGE_AMOUNT,REFUND_STATUS,PT_NUM,MEMBER_NUM,DELIVERY_STATUS_NUM,ORDER_ADDR_DETAIL,NMEMBER_NUM,TOT_GOODSPRICE) values ('22121631323024','스누피','01012345678','서울 강남구 테헤란로 105','문 앞',null,to_date('22/12/17','RR/MM/DD'),0,5370,12530,to_date('22/12/16','RR/MM/DD'),0,0,'N',6,1,1,'스누피 하우스',null,17900);
Insert into COLLABEE.ORDERS (ORDER_NUM,ORDER_NAME,ORDER_PHONE,ORDER_ADDR,ORDER_PLACE,ORDER_REQUEST,DELIVERY_PICK,DELIVERY_FEE,TOT_DISCOUNT,TOT_PRICE,ORDER_DATE,COUPON_NUM,USAGE_AMOUNT,REFUND_STATUS,PT_NUM,MEMBER_NUM,DELIVERY_STATUS_NUM,ORDER_ADDR_DETAIL,NMEMBER_NUM,TOT_GOODSPRICE) values ('22121465246144','스누피','01012345678','제주특별자치도 서귀포시 가가로 14','문 앞',null,to_date('22/12/16','RR/MM/DD'),0,69805,262495,to_date('22/12/14','RR/MM/DD'),4,0,'N',1,1,1,'스누피 하우스',null,342300);
Insert into COLLABEE.ORDERS (ORDER_NUM,ORDER_NAME,ORDER_PHONE,ORDER_ADDR,ORDER_PLACE,ORDER_REQUEST,DELIVERY_PICK,DELIVERY_FEE,TOT_DISCOUNT,TOT_PRICE,ORDER_DATE,COUPON_NUM,USAGE_AMOUNT,REFUND_STATUS,PT_NUM,MEMBER_NUM,DELIVERY_STATUS_NUM,ORDER_ADDR_DETAIL,NMEMBER_NUM,TOT_GOODSPRICE) values ('22121416265307','스누피','01012345678','제주특별자치도 서귀포시 가가로 14','문 앞',null,to_date('22/12/15','RR/MM/DD'),3000,300,5700,to_date('22/12/14','RR/MM/DD'),0,0,'N',6,1,1,'스누피 하우스',null,3000);
Insert into COLLABEE.ORDERS (ORDER_NUM,ORDER_NAME,ORDER_PHONE,ORDER_ADDR,ORDER_PLACE,ORDER_REQUEST,DELIVERY_PICK,DELIVERY_FEE,TOT_DISCOUNT,TOT_PRICE,ORDER_DATE,COUPON_NUM,USAGE_AMOUNT,REFUND_STATUS,PT_NUM,MEMBER_NUM,DELIVERY_STATUS_NUM,ORDER_ADDR_DETAIL,NMEMBER_NUM,TOT_GOODSPRICE) values ('22121444355400','임수진','01044444444','경기 광주시 경안로 5','문 앞',null,to_date('22/12/15','RR/MM/DD'),0,2305,14895,to_date('22/07/14','RR/MM/DD'),0,0,'N',3,110,1,'젤존빌딩z',null,17200);
Insert into COLLABEE.ORDERS (ORDER_NUM,ORDER_NAME,ORDER_PHONE,ORDER_ADDR,ORDER_PLACE,ORDER_REQUEST,DELIVERY_PICK,DELIVERY_FEE,TOT_DISCOUNT,TOT_PRICE,ORDER_DATE,COUPON_NUM,USAGE_AMOUNT,REFUND_STATUS,PT_NUM,MEMBER_NUM,DELIVERY_STATUS_NUM,ORDER_ADDR_DETAIL,NMEMBER_NUM,TOT_GOODSPRICE) values ('22121417631706','임수진','01044444444','경기 광주시 경안로 5','문 앞',null,to_date('22/12/15','RR/MM/DD'),0,0,46900,to_date('22/08/14','RR/MM/DD'),0,0,'N',3,110,1,'젤존빌딩z',null,46900);
Insert into COLLABEE.ORDERS (ORDER_NUM,ORDER_NAME,ORDER_PHONE,ORDER_ADDR,ORDER_PLACE,ORDER_REQUEST,DELIVERY_PICK,DELIVERY_FEE,TOT_DISCOUNT,TOT_PRICE,ORDER_DATE,COUPON_NUM,USAGE_AMOUNT,REFUND_STATUS,PT_NUM,MEMBER_NUM,DELIVERY_STATUS_NUM,ORDER_ADDR_DETAIL,NMEMBER_NUM,TOT_GOODSPRICE) values ('22121463125177','임수진','01044444444','경기 광주시 경안로 5','문 앞',null,to_date('22/12/15','RR/MM/DD'),0,0,296500,to_date('22/08/10','RR/MM/DD'),0,0,'N',3,110,1,'젤존빌딩z',null,296500);
Insert into COLLABEE.ORDERS (ORDER_NUM,ORDER_NAME,ORDER_PHONE,ORDER_ADDR,ORDER_PLACE,ORDER_REQUEST,DELIVERY_PICK,DELIVERY_FEE,TOT_DISCOUNT,TOT_PRICE,ORDER_DATE,COUPON_NUM,USAGE_AMOUNT,REFUND_STATUS,PT_NUM,MEMBER_NUM,DELIVERY_STATUS_NUM,ORDER_ADDR_DETAIL,NMEMBER_NUM,TOT_GOODSPRICE) values ('22121413440003','임수진','01044444444','경기 광주시 경안로 5','문 앞',null,to_date('22/12/15','RR/MM/DD'),3000,850,2450,to_date('22/09/10','RR/MM/DD'),4,1000,'N',3,110,1,'젤존빌딩z',null,11300);
Insert into COLLABEE.ORDERS (ORDER_NUM,ORDER_NAME,ORDER_PHONE,ORDER_ADDR,ORDER_PLACE,ORDER_REQUEST,DELIVERY_PICK,DELIVERY_FEE,TOT_DISCOUNT,TOT_PRICE,ORDER_DATE,COUPON_NUM,USAGE_AMOUNT,REFUND_STATUS,PT_NUM,MEMBER_NUM,DELIVERY_STATUS_NUM,ORDER_ADDR_DETAIL,NMEMBER_NUM,TOT_GOODSPRICE) values ('22121431727014','임수진','01044444444','경기 광주시 경안로 5','문 앞',null,to_date('22/12/15','RR/MM/DD'),0,4500,112740,to_date('22/10/14','RR/MM/DD'),0,0,'N',3,110,1,'젤존빌딩z',null,117240);
Insert into COLLABEE.ORDERS (ORDER_NUM,ORDER_NAME,ORDER_PHONE,ORDER_ADDR,ORDER_PLACE,ORDER_REQUEST,DELIVERY_PICK,DELIVERY_FEE,TOT_DISCOUNT,TOT_PRICE,ORDER_DATE,COUPON_NUM,USAGE_AMOUNT,REFUND_STATUS,PT_NUM,MEMBER_NUM,DELIVERY_STATUS_NUM,ORDER_ADDR_DETAIL,NMEMBER_NUM,TOT_GOODSPRICE) values ('22121433765273','임수진','01044444444','경기 광주시 경안로 5','문 앞',null,to_date('22/12/16','RR/MM/DD'),3000,3000,10900,to_date('22/12/14','RR/MM/DD'),2,0,'N',2,110,1,'젤존빌딩z',null,15900);
Insert into COLLABEE.ORDERS (ORDER_NUM,ORDER_NAME,ORDER_PHONE,ORDER_ADDR,ORDER_PLACE,ORDER_REQUEST,DELIVERY_PICK,DELIVERY_FEE,TOT_DISCOUNT,TOT_PRICE,ORDER_DATE,COUPON_NUM,USAGE_AMOUNT,REFUND_STATUS,PT_NUM,MEMBER_NUM,DELIVERY_STATUS_NUM,ORDER_ADDR_DETAIL,NMEMBER_NUM,TOT_GOODSPRICE) values ('22121446621406','임수진','01044444444','경기 광주시 경안로 5','문 앞',null,to_date('22/12/15','RR/MM/DD'),0,0,99000,to_date('22/12/14','RR/MM/DD'),3,0,'N',3,110,1,'젤존빌딩z',null,109000);
Insert into COLLABEE.ORDERS (ORDER_NUM,ORDER_NAME,ORDER_PHONE,ORDER_ADDR,ORDER_PLACE,ORDER_REQUEST,DELIVERY_PICK,DELIVERY_FEE,TOT_DISCOUNT,TOT_PRICE,ORDER_DATE,COUPON_NUM,USAGE_AMOUNT,REFUND_STATUS,PT_NUM,MEMBER_NUM,DELIVERY_STATUS_NUM,ORDER_ADDR_DETAIL,NMEMBER_NUM,TOT_GOODSPRICE) values ('22121461023252','임수진','01044444444','경기 광주시 경안로 5','문 앞',null,to_date('22/12/15','RR/MM/DD'),0,0,83100,to_date('22/12/14','RR/MM/DD'),0,300,'N',2,110,1,'젤존빌딩z',null,83400);
Insert into COLLABEE.ORDERS (ORDER_NUM,ORDER_NAME,ORDER_PHONE,ORDER_ADDR,ORDER_PLACE,ORDER_REQUEST,DELIVERY_PICK,DELIVERY_FEE,TOT_DISCOUNT,TOT_PRICE,ORDER_DATE,COUPON_NUM,USAGE_AMOUNT,REFUND_STATUS,PT_NUM,MEMBER_NUM,DELIVERY_STATUS_NUM,ORDER_ADDR_DETAIL,NMEMBER_NUM,TOT_GOODSPRICE) values ('22121471054026','임수진','01044444444','경기 광주시 경안로 5','문 앞',null,to_date('22/12/15','RR/MM/DD'),0,0,50900,to_date('22/12/14','RR/MM/DD'),0,0,'N',1,110,1,'젤존빌딩z',null,50900);
Insert into COLLABEE.ORDERS (ORDER_NUM,ORDER_NAME,ORDER_PHONE,ORDER_ADDR,ORDER_PLACE,ORDER_REQUEST,DELIVERY_PICK,DELIVERY_FEE,TOT_DISCOUNT,TOT_PRICE,ORDER_DATE,COUPON_NUM,USAGE_AMOUNT,REFUND_STATUS,PT_NUM,MEMBER_NUM,DELIVERY_STATUS_NUM,ORDER_ADDR_DETAIL,NMEMBER_NUM,TOT_GOODSPRICE) values ('22121541406671','샐리 브라운','01077778888','서울 동대문구 경동시장로 1','기타 장소 (계단)','아래',to_date('22/12/18','RR/MM/DD'),0,22475,149325,to_date('22/12/15','RR/MM/DD'),null,0,'N',1,null,1,'시장','xU2u4Z',171800);
Insert into COLLABEE.ORDERS (ORDER_NUM,ORDER_NAME,ORDER_PHONE,ORDER_ADDR,ORDER_PLACE,ORDER_REQUEST,DELIVERY_PICK,DELIVERY_FEE,TOT_DISCOUNT,TOT_PRICE,ORDER_DATE,COUPON_NUM,USAGE_AMOUNT,REFUND_STATUS,PT_NUM,MEMBER_NUM,DELIVERY_STATUS_NUM,ORDER_ADDR_DETAIL,NMEMBER_NUM,TOT_GOODSPRICE) values ('22121562335641','스누피','01012345678','서울 송파구 동남로 99','경비실','놓고가주세요',to_date('22/12/17','RR/MM/DD'),0,0,42300,to_date('22/12/15','RR/MM/DD'),3,1000,'N',2,1,1,'집',null,53300);
Insert into COLLABEE.ORDERS (ORDER_NUM,ORDER_NAME,ORDER_PHONE,ORDER_ADDR,ORDER_PLACE,ORDER_REQUEST,DELIVERY_PICK,DELIVERY_FEE,TOT_DISCOUNT,TOT_PRICE,ORDER_DATE,COUPON_NUM,USAGE_AMOUNT,REFUND_STATUS,PT_NUM,MEMBER_NUM,DELIVERY_STATUS_NUM,ORDER_ADDR_DETAIL,NMEMBER_NUM,TOT_GOODSPRICE) values ('22121554765225','김석기','01051813718','서울 강남구 강남대로 328','문 앞',null,to_date('22/12/16','RR/MM/DD'),0,6000,196500,to_date('22/12/15','RR/MM/DD'),0,0,'N',3,104,1,'1',null,202500);
Insert into COLLABEE.ORDERS (ORDER_NUM,ORDER_NAME,ORDER_PHONE,ORDER_ADDR,ORDER_PLACE,ORDER_REQUEST,DELIVERY_PICK,DELIVERY_FEE,TOT_DISCOUNT,TOT_PRICE,ORDER_DATE,COUPON_NUM,USAGE_AMOUNT,REFUND_STATUS,PT_NUM,MEMBER_NUM,DELIVERY_STATUS_NUM,ORDER_ADDR_DETAIL,NMEMBER_NUM,TOT_GOODSPRICE) values ('22121600611304','신짱구','01012345678','충남 계룡시 두마면 팥거리로 43-12','문 앞',null,to_date('22/12/17','RR/MM/DD'),0,6000,87400,to_date('22/12/16','RR/MM/DD'),null,0,'N',3,null,1,'팥','a6U6Pp',93400);
Insert into COLLABEE.ORDERS (ORDER_NUM,ORDER_NAME,ORDER_PHONE,ORDER_ADDR,ORDER_PLACE,ORDER_REQUEST,DELIVERY_PICK,DELIVERY_FEE,TOT_DISCOUNT,TOT_PRICE,ORDER_DATE,COUPON_NUM,USAGE_AMOUNT,REFUND_STATUS,PT_NUM,MEMBER_NUM,DELIVERY_STATUS_NUM,ORDER_ADDR_DETAIL,NMEMBER_NUM,TOT_GOODSPRICE) values ('22121671653560','스누피','01012345678','서울 강남구 테헤란로 105','문 앞',null,to_date('22/12/21','RR/MM/DD'),0,2955,37785,to_date('22/12/16','RR/MM/DD'),4,1000,'N',2,1,1,'스누피 하우스',null,44740);
Insert into COLLABEE.ORDERS (ORDER_NUM,ORDER_NAME,ORDER_PHONE,ORDER_ADDR,ORDER_PLACE,ORDER_REQUEST,DELIVERY_PICK,DELIVERY_FEE,TOT_DISCOUNT,TOT_PRICE,ORDER_DATE,COUPON_NUM,USAGE_AMOUNT,REFUND_STATUS,PT_NUM,MEMBER_NUM,DELIVERY_STATUS_NUM,ORDER_ADDR_DETAIL,NMEMBER_NUM,TOT_GOODSPRICE) values ('22121465246143','스누피','01012345678','제주특별자치도 서귀포시 가가로 14','문 앞',null,to_date('22/12/16','RR/MM/DD'),0,69805,262495,to_date('22/12/14','RR/MM/DD'),4,0,'N',1,1,1,'스누피 하우스',null,342300);
Insert into COLLABEE.ORDERS (ORDER_NUM,ORDER_NAME,ORDER_PHONE,ORDER_ADDR,ORDER_PLACE,ORDER_REQUEST,DELIVERY_PICK,DELIVERY_FEE,TOT_DISCOUNT,TOT_PRICE,ORDER_DATE,COUPON_NUM,USAGE_AMOUNT,REFUND_STATUS,PT_NUM,MEMBER_NUM,DELIVERY_STATUS_NUM,ORDER_ADDR_DETAIL,NMEMBER_NUM,TOT_GOODSPRICE) values ('22121457661764','스누피','01012345678','제주특별자치도 서귀포시 가가로 14','문 앞',null,to_date('22/12/15','RR/MM/DD'),0,1500,13500,to_date('22/12/14','RR/MM/DD'),0,0,'N',3,1,1,'스누피 하우스',null,15000);
Insert into COLLABEE.ORDERS (ORDER_NUM,ORDER_NAME,ORDER_PHONE,ORDER_ADDR,ORDER_PLACE,ORDER_REQUEST,DELIVERY_PICK,DELIVERY_FEE,TOT_DISCOUNT,TOT_PRICE,ORDER_DATE,COUPON_NUM,USAGE_AMOUNT,REFUND_STATUS,PT_NUM,MEMBER_NUM,DELIVERY_STATUS_NUM,ORDER_ADDR_DETAIL,NMEMBER_NUM,TOT_GOODSPRICE) values ('22121477663361','스누피','01012345678','제주특별자치도 서귀포시 가가로 14','문 앞',null,to_date('22/12/15','RR/MM/DD'),0,0,47400,to_date('22/12/14','RR/MM/DD'),0,0,'N',3,1,1,'스누피 하우스',null,47400);
Insert into COLLABEE.ORDERS (ORDER_NUM,ORDER_NAME,ORDER_PHONE,ORDER_ADDR,ORDER_PLACE,ORDER_REQUEST,DELIVERY_PICK,DELIVERY_FEE,TOT_DISCOUNT,TOT_PRICE,ORDER_DATE,COUPON_NUM,USAGE_AMOUNT,REFUND_STATUS,PT_NUM,MEMBER_NUM,DELIVERY_STATUS_NUM,ORDER_ADDR_DETAIL,NMEMBER_NUM,TOT_GOODSPRICE) values ('22121462557602','스누피','01012345678','제주특별자치도 서귀포시 가가로 14','문 앞',null,to_date('22/12/15','RR/MM/DD'),0,26850,62650,to_date('22/12/14','RR/MM/DD'),0,0,'N',3,1,1,'스누피 하우스',null,89500);
Insert into COLLABEE.ORDERS (ORDER_NUM,ORDER_NAME,ORDER_PHONE,ORDER_ADDR,ORDER_PLACE,ORDER_REQUEST,DELIVERY_PICK,DELIVERY_FEE,TOT_DISCOUNT,TOT_PRICE,ORDER_DATE,COUPON_NUM,USAGE_AMOUNT,REFUND_STATUS,PT_NUM,MEMBER_NUM,DELIVERY_STATUS_NUM,ORDER_ADDR_DETAIL,NMEMBER_NUM,TOT_GOODSPRICE) values ('22121440611721','스누피','01012345678','제주특별자치도 서귀포시 가가로 14','문 앞',null,to_date('22/12/15','RR/MM/DD'),0,0,35600,to_date('22/12/14','RR/MM/DD'),0,0,'N',6,1,1,'스누피 하우스',null,35600);
Insert into COLLABEE.ORDERS (ORDER_NUM,ORDER_NAME,ORDER_PHONE,ORDER_ADDR,ORDER_PLACE,ORDER_REQUEST,DELIVERY_PICK,DELIVERY_FEE,TOT_DISCOUNT,TOT_PRICE,ORDER_DATE,COUPON_NUM,USAGE_AMOUNT,REFUND_STATUS,PT_NUM,MEMBER_NUM,DELIVERY_STATUS_NUM,ORDER_ADDR_DETAIL,NMEMBER_NUM,TOT_GOODSPRICE) values ('22121411253074','스누피','01012345678','제주특별자치도 서귀포시 가가로 14','문 앞',null,to_date('22/12/15','RR/MM/DD'),0,0,13900,to_date('22/12/14','RR/MM/DD'),0,0,'N',4,1,1,'스누피 하우스',null,13900);
Insert into COLLABEE.ORDERS (ORDER_NUM,ORDER_NAME,ORDER_PHONE,ORDER_ADDR,ORDER_PLACE,ORDER_REQUEST,DELIVERY_PICK,DELIVERY_FEE,TOT_DISCOUNT,TOT_PRICE,ORDER_DATE,COUPON_NUM,USAGE_AMOUNT,REFUND_STATUS,PT_NUM,MEMBER_NUM,DELIVERY_STATUS_NUM,ORDER_ADDR_DETAIL,NMEMBER_NUM,TOT_GOODSPRICE) values ('22121435252520','스누피','01012345678','제주특별자치도 서귀포시 가가로 14','문 앞',null,to_date('22/12/15','RR/MM/DD'),0,0,10900,to_date('22/12/14','RR/MM/DD'),0,0,'N',5,1,1,'스누피 하우스',null,10900);
Insert into COLLABEE.ORDERS (ORDER_NUM,ORDER_NAME,ORDER_PHONE,ORDER_ADDR,ORDER_PLACE,ORDER_REQUEST,DELIVERY_PICK,DELIVERY_FEE,TOT_DISCOUNT,TOT_PRICE,ORDER_DATE,COUPON_NUM,USAGE_AMOUNT,REFUND_STATUS,PT_NUM,MEMBER_NUM,DELIVERY_STATUS_NUM,ORDER_ADDR_DETAIL,NMEMBER_NUM,TOT_GOODSPRICE) values ('22121456165452','신짱구','01055555555','강원 속초시 떡밭재로 10','문 앞',null,to_date('22/12/15','RR/MM/DD'),0,0,8900,to_date('22/12/14','RR/MM/DD'),null,0,'N',6,null,1,'떡잎마을','0CWwW7',8900);
Insert into COLLABEE.ORDERS (ORDER_NUM,ORDER_NAME,ORDER_PHONE,ORDER_ADDR,ORDER_PLACE,ORDER_REQUEST,DELIVERY_PICK,DELIVERY_FEE,TOT_DISCOUNT,TOT_PRICE,ORDER_DATE,COUPON_NUM,USAGE_AMOUNT,REFUND_STATUS,PT_NUM,MEMBER_NUM,DELIVERY_STATUS_NUM,ORDER_ADDR_DETAIL,NMEMBER_NUM,TOT_GOODSPRICE) values ('22121453344061','맹구','01099999999','서울 성북구 돌곶이로 3','문 앞',null,to_date('22/12/15','RR/MM/DD'),0,0,8900,to_date('22/12/14','RR/MM/DD'),null,0,'N',6,null,1,'돌멩이','0CWwW7',8900);
Insert into COLLABEE.ORDERS (ORDER_NUM,ORDER_NAME,ORDER_PHONE,ORDER_ADDR,ORDER_PLACE,ORDER_REQUEST,DELIVERY_PICK,DELIVERY_FEE,TOT_DISCOUNT,TOT_PRICE,ORDER_DATE,COUPON_NUM,USAGE_AMOUNT,REFUND_STATUS,PT_NUM,MEMBER_NUM,DELIVERY_STATUS_NUM,ORDER_ADDR_DETAIL,NMEMBER_NUM,TOT_GOODSPRICE) values ('22121515706723','스누피','01012345678','서울 송파구 동남로 99','문 앞',null,to_date('22/12/16','RR/MM/DD'),0,6000,55990,to_date('22/12/15','RR/MM/DD'),0,0,'N',3,1,1,'집',null,61990);
Insert into COLLABEE.ORDERS (ORDER_NUM,ORDER_NAME,ORDER_PHONE,ORDER_ADDR,ORDER_PLACE,ORDER_REQUEST,DELIVERY_PICK,DELIVERY_FEE,TOT_DISCOUNT,TOT_PRICE,ORDER_DATE,COUPON_NUM,USAGE_AMOUNT,REFUND_STATUS,PT_NUM,MEMBER_NUM,DELIVERY_STATUS_NUM,ORDER_ADDR_DETAIL,NMEMBER_NUM,TOT_GOODSPRICE) values ('22121403070507','신짱아','01022222222','서울 구로구 벚꽃로 370','문 앞',null,to_date('22/12/15','RR/MM/DD'),0,0,8900,to_date('22/12/14','RR/MM/DD'),null,0,'N',6,null,1,'돗자리 위','0CWwW7',8900);
Insert into COLLABEE.ORDERS (ORDER_NUM,ORDER_NAME,ORDER_PHONE,ORDER_ADDR,ORDER_PLACE,ORDER_REQUEST,DELIVERY_PICK,DELIVERY_FEE,TOT_DISCOUNT,TOT_PRICE,ORDER_DATE,COUPON_NUM,USAGE_AMOUNT,REFUND_STATUS,PT_NUM,MEMBER_NUM,DELIVERY_STATUS_NUM,ORDER_ADDR_DETAIL,NMEMBER_NUM,TOT_GOODSPRICE) values ('22121576436231','콩쥐','01012345678','전북 완주군 이서면 콩쥐팥쥐로 900','기타 장소 (장독대 앞에 놔주세요)','깨지지 않게 부탁 드려요!',to_date('22/12/17','RR/MM/DD'),0,3510,52190,to_date('22/12/15','RR/MM/DD'),null,0,'N',6,null,1,'콩팥','z6FWkC',55700);
Insert into COLLABEE.ORDERS (ORDER_NUM,ORDER_NAME,ORDER_PHONE,ORDER_ADDR,ORDER_PLACE,ORDER_REQUEST,DELIVERY_PICK,DELIVERY_FEE,TOT_DISCOUNT,TOT_PRICE,ORDER_DATE,COUPON_NUM,USAGE_AMOUNT,REFUND_STATUS,PT_NUM,MEMBER_NUM,DELIVERY_STATUS_NUM,ORDER_ADDR_DETAIL,NMEMBER_NUM,TOT_GOODSPRICE) values ('22121562661326','김석기','01051813718','서울 강남구 강남대로 328','문 앞',null,to_date('22/12/16','RR/MM/DD'),0,0,26700,to_date('22/12/15','RR/MM/DD'),0,0,'N',3,104,1,'1',null,26700);
Insert into COLLABEE.ORDERS (ORDER_NUM,ORDER_NAME,ORDER_PHONE,ORDER_ADDR,ORDER_PLACE,ORDER_REQUEST,DELIVERY_PICK,DELIVERY_FEE,TOT_DISCOUNT,TOT_PRICE,ORDER_DATE,COUPON_NUM,USAGE_AMOUNT,REFUND_STATUS,PT_NUM,MEMBER_NUM,DELIVERY_STATUS_NUM,ORDER_ADDR_DETAIL,NMEMBER_NUM,TOT_GOODSPRICE) values ('22122557336036','콩쥐','01077778888','전북 전주시 덕진구 콩쥐팥쥐로 1571','문 앞',null,to_date('22/12/27','RR/MM/DD'),0,550,49750,to_date('22/12/25','RR/MM/DD'),null,0,'N',6,null,1,'팥콩','sWnyby',50300);
REM INSERTING into COLLABEE.ORDER_PRODUCT
SET DEFINE OFF;
Insert into COLLABEE.ORDER_PRODUCT (ORDER_NUM,MEMBER_NUM,PRODUCT_NUM,COUNT,SALEPRICE,NMEMBER_NUM,PRICE,REVIEW_STATUS) values ('22121553651711',110,81,1,9945,null,11700,'Y');
Insert into COLLABEE.ORDER_PRODUCT (ORDER_NUM,MEMBER_NUM,PRODUCT_NUM,COUNT,SALEPRICE,NMEMBER_NUM,PRICE,REVIEW_STATUS) values ('22121553651711',110,2,2,6750,null,7500,'N');
Insert into COLLABEE.ORDER_PRODUCT (ORDER_NUM,MEMBER_NUM,PRODUCT_NUM,COUNT,SALEPRICE,NMEMBER_NUM,PRICE,REVIEW_STATUS) values ('22121553651711',110,84,1,4240,null,4690,'Y');
Insert into COLLABEE.ORDER_PRODUCT (ORDER_NUM,MEMBER_NUM,PRODUCT_NUM,COUNT,SALEPRICE,NMEMBER_NUM,PRICE,REVIEW_STATUS) values ('22121553651711',110,5,4,4950,null,5500,'N');
Insert into COLLABEE.ORDER_PRODUCT (ORDER_NUM,MEMBER_NUM,PRODUCT_NUM,COUNT,SALEPRICE,NMEMBER_NUM,PRICE,REVIEW_STATUS) values ('22121401761526',1,68,5,2800,null,2800,'N');
Insert into COLLABEE.ORDER_PRODUCT (ORDER_NUM,MEMBER_NUM,PRODUCT_NUM,COUNT,SALEPRICE,NMEMBER_NUM,PRICE,REVIEW_STATUS) values ('22121416133731',1,82,5,13900,null,13900,'N');
Insert into COLLABEE.ORDER_PRODUCT (ORDER_NUM,MEMBER_NUM,PRODUCT_NUM,COUNT,SALEPRICE,NMEMBER_NUM,PRICE,REVIEW_STATUS) values ('22121553651711',110,72,4,8900,null,8900,'N');
Insert into COLLABEE.ORDER_PRODUCT (ORDER_NUM,MEMBER_NUM,PRODUCT_NUM,COUNT,SALEPRICE,NMEMBER_NUM,PRICE,REVIEW_STATUS) values ('22121631323024',1,83,1,12530,null,17900,'N');
Insert into COLLABEE.ORDER_PRODUCT (ORDER_NUM,MEMBER_NUM,PRODUCT_NUM,COUNT,SALEPRICE,NMEMBER_NUM,PRICE,REVIEW_STATUS) values ('22121416265307',1,70,1,2700,null,3000,'Y');
Insert into COLLABEE.ORDER_PRODUCT (ORDER_NUM,MEMBER_NUM,PRODUCT_NUM,COUNT,SALEPRICE,NMEMBER_NUM,PRICE,REVIEW_STATUS) values ('22121444355400',110,81,1,9945,null,11700,'N');
Insert into COLLABEE.ORDER_PRODUCT (ORDER_NUM,MEMBER_NUM,PRODUCT_NUM,COUNT,SALEPRICE,NMEMBER_NUM,PRICE,REVIEW_STATUS) values ('22121444355400',110,5,1,4950,null,5500,'N');
Insert into COLLABEE.ORDER_PRODUCT (ORDER_NUM,MEMBER_NUM,PRODUCT_NUM,COUNT,SALEPRICE,NMEMBER_NUM,PRICE,REVIEW_STATUS) values ('22121433765273',110,3,1,12900,null,15900,'N');
Insert into COLLABEE.ORDER_PRODUCT (ORDER_NUM,MEMBER_NUM,PRODUCT_NUM,COUNT,SALEPRICE,NMEMBER_NUM,PRICE,REVIEW_STATUS) values ('22121446621406',110,999,10,10900,null,10900,'N');
Insert into COLLABEE.ORDER_PRODUCT (ORDER_NUM,MEMBER_NUM,PRODUCT_NUM,COUNT,SALEPRICE,NMEMBER_NUM,PRICE,REVIEW_STATUS) values ('22121417631706',110,8,1,18900,null,18900,'N');
Insert into COLLABEE.ORDER_PRODUCT (ORDER_NUM,MEMBER_NUM,PRODUCT_NUM,COUNT,SALEPRICE,NMEMBER_NUM,PRICE,REVIEW_STATUS) values ('22121417631706',110,68,10,2800,null,2800,'N');
Insert into COLLABEE.ORDER_PRODUCT (ORDER_NUM,MEMBER_NUM,PRODUCT_NUM,COUNT,SALEPRICE,NMEMBER_NUM,PRICE,REVIEW_STATUS) values ('22121463125177',110,67,6,42000,null,42000,'N');
Insert into COLLABEE.ORDER_PRODUCT (ORDER_NUM,MEMBER_NUM,PRODUCT_NUM,COUNT,SALEPRICE,NMEMBER_NUM,PRICE,REVIEW_STATUS) values ('22121463125177',110,72,5,8900,null,8900,'N');
Insert into COLLABEE.ORDER_PRODUCT (ORDER_NUM,MEMBER_NUM,PRODUCT_NUM,COUNT,SALEPRICE,NMEMBER_NUM,PRICE,REVIEW_STATUS) values ('22121413440003',110,71,1,7650,null,8500,'N');
Insert into COLLABEE.ORDER_PRODUCT (ORDER_NUM,MEMBER_NUM,PRODUCT_NUM,COUNT,SALEPRICE,NMEMBER_NUM,PRICE,REVIEW_STATUS) values ('22121413440003',110,68,1,2800,null,2800,'N');
Insert into COLLABEE.ORDER_PRODUCT (ORDER_NUM,MEMBER_NUM,PRODUCT_NUM,COUNT,SALEPRICE,NMEMBER_NUM,PRICE,REVIEW_STATUS) values ('22121431727014',110,1,9,7900,null,7900,'N');
Insert into COLLABEE.ORDER_PRODUCT (ORDER_NUM,MEMBER_NUM,PRODUCT_NUM,COUNT,SALEPRICE,NMEMBER_NUM,PRICE,REVIEW_STATUS) values ('22121431727014',110,70,6,2700,null,3000,'N');
Insert into COLLABEE.ORDER_PRODUCT (ORDER_NUM,MEMBER_NUM,PRODUCT_NUM,COUNT,SALEPRICE,NMEMBER_NUM,PRICE,REVIEW_STATUS) values ('22121431727014',110,84,6,4240,null,4690,'N');
Insert into COLLABEE.ORDER_PRODUCT (ORDER_NUM,MEMBER_NUM,PRODUCT_NUM,COUNT,SALEPRICE,NMEMBER_NUM,PRICE,REVIEW_STATUS) values ('22121461023252',110,82,6,13900,null,13900,'N');
Insert into COLLABEE.ORDER_PRODUCT (ORDER_NUM,MEMBER_NUM,PRODUCT_NUM,COUNT,SALEPRICE,NMEMBER_NUM,PRICE,REVIEW_STATUS) values ('22121471054026',110,67,1,42000,null,42000,'N');
Insert into COLLABEE.ORDER_PRODUCT (ORDER_NUM,MEMBER_NUM,PRODUCT_NUM,COUNT,SALEPRICE,NMEMBER_NUM,PRICE,REVIEW_STATUS) values ('22121471054026',110,72,1,8900,null,8900,'N');
Insert into COLLABEE.ORDER_PRODUCT (ORDER_NUM,MEMBER_NUM,PRODUCT_NUM,COUNT,SALEPRICE,NMEMBER_NUM,PRICE,REVIEW_STATUS) values ('22121541406671',null,81,5,9945,'xU2u4Z',11700,'N');
Insert into COLLABEE.ORDER_PRODUCT (ORDER_NUM,MEMBER_NUM,PRODUCT_NUM,COUNT,SALEPRICE,NMEMBER_NUM,PRICE,REVIEW_STATUS) values ('22121541406671',null,71,2,7650,'xU2u4Z',8500,'N');
Insert into COLLABEE.ORDER_PRODUCT (ORDER_NUM,MEMBER_NUM,PRODUCT_NUM,COUNT,SALEPRICE,NMEMBER_NUM,PRICE,REVIEW_STATUS) values ('22121541406671',null,999,3,10900,'xU2u4Z',10900,'N');
Insert into COLLABEE.ORDER_PRODUCT (ORDER_NUM,MEMBER_NUM,PRODUCT_NUM,COUNT,SALEPRICE,NMEMBER_NUM,PRICE,REVIEW_STATUS) values ('22121541406671',null,3,4,12900,'xU2u4Z',15900,'N');
Insert into COLLABEE.ORDER_PRODUCT (ORDER_NUM,MEMBER_NUM,PRODUCT_NUM,COUNT,SALEPRICE,NMEMBER_NUM,PRICE,REVIEW_STATUS) values ('22121562335641',1,82,2,13900,null,13900,'Y');
Insert into COLLABEE.ORDER_PRODUCT (ORDER_NUM,MEMBER_NUM,PRODUCT_NUM,COUNT,SALEPRICE,NMEMBER_NUM,PRICE,REVIEW_STATUS) values ('22121562335641',1,4,3,5700,null,5700,'Y');
Insert into COLLABEE.ORDER_PRODUCT (ORDER_NUM,MEMBER_NUM,PRODUCT_NUM,COUNT,SALEPRICE,NMEMBER_NUM,PRICE,REVIEW_STATUS) values ('22121562335641',1,68,3,2800,null,2800,'N');
Insert into COLLABEE.ORDER_PRODUCT (ORDER_NUM,MEMBER_NUM,PRODUCT_NUM,COUNT,SALEPRICE,NMEMBER_NUM,PRICE,REVIEW_STATUS) values ('22121554765225',104,82,1,13900,null,13900,'N');
Insert into COLLABEE.ORDER_PRODUCT (ORDER_NUM,MEMBER_NUM,PRODUCT_NUM,COUNT,SALEPRICE,NMEMBER_NUM,PRICE,REVIEW_STATUS) values ('22121554765225',104,2,8,6750,null,7500,'N');
Insert into COLLABEE.ORDER_PRODUCT (ORDER_NUM,MEMBER_NUM,PRODUCT_NUM,COUNT,SALEPRICE,NMEMBER_NUM,PRICE,REVIEW_STATUS) values ('22121554765225',104,999,2,10900,null,10900,'N');
Insert into COLLABEE.ORDER_PRODUCT (ORDER_NUM,MEMBER_NUM,PRODUCT_NUM,COUNT,SALEPRICE,NMEMBER_NUM,PRICE,REVIEW_STATUS) values ('22121554765225',104,72,12,8900,null,8900,'Y');
Insert into COLLABEE.ORDER_PRODUCT (ORDER_NUM,MEMBER_NUM,PRODUCT_NUM,COUNT,SALEPRICE,NMEMBER_NUM,PRICE,REVIEW_STATUS) values ('22121600611304',null,3,2,12900,'a6U6Pp',15900,'N');
Insert into COLLABEE.ORDER_PRODUCT (ORDER_NUM,MEMBER_NUM,PRODUCT_NUM,COUNT,SALEPRICE,NMEMBER_NUM,PRICE,REVIEW_STATUS) values ('22121600611304',null,4,3,5700,'a6U6Pp',5700,'N');
Insert into COLLABEE.ORDER_PRODUCT (ORDER_NUM,MEMBER_NUM,PRODUCT_NUM,COUNT,SALEPRICE,NMEMBER_NUM,PRICE,REVIEW_STATUS) values ('22121600611304',null,72,5,8900,'a6U6Pp',8900,'N');
Insert into COLLABEE.ORDER_PRODUCT (ORDER_NUM,MEMBER_NUM,PRODUCT_NUM,COUNT,SALEPRICE,NMEMBER_NUM,PRICE,REVIEW_STATUS) values ('22121671653560',1,85,5,2390,null,2390,'N');
Insert into COLLABEE.ORDER_PRODUCT (ORDER_NUM,MEMBER_NUM,PRODUCT_NUM,COUNT,SALEPRICE,NMEMBER_NUM,PRICE,REVIEW_STATUS) values ('22121671653560',1,84,1,4240,null,4690,'N');
Insert into COLLABEE.ORDER_PRODUCT (ORDER_NUM,MEMBER_NUM,PRODUCT_NUM,COUNT,SALEPRICE,NMEMBER_NUM,PRICE,REVIEW_STATUS) values ('22121671653560',1,81,1,9945,null,11700,'N');
Insert into COLLABEE.ORDER_PRODUCT (ORDER_NUM,MEMBER_NUM,PRODUCT_NUM,COUNT,SALEPRICE,NMEMBER_NUM,PRICE,REVIEW_STATUS) values ('22121671653560',1,2,1,6750,null,7500,'N');
Insert into COLLABEE.ORDER_PRODUCT (ORDER_NUM,MEMBER_NUM,PRODUCT_NUM,COUNT,SALEPRICE,NMEMBER_NUM,PRICE,REVIEW_STATUS) values ('22121671653560',1,72,1,8900,null,8900,'N');
Insert into COLLABEE.ORDER_PRODUCT (ORDER_NUM,MEMBER_NUM,PRODUCT_NUM,COUNT,SALEPRICE,NMEMBER_NUM,PRICE,REVIEW_STATUS) values ('22121465246143',1,5,1,4950,null,5500,'N');
Insert into COLLABEE.ORDER_PRODUCT (ORDER_NUM,MEMBER_NUM,PRODUCT_NUM,COUNT,SALEPRICE,NMEMBER_NUM,PRICE,REVIEW_STATUS) values ('22121465246143',1,4,1,5700,null,5700,'N');
Insert into COLLABEE.ORDER_PRODUCT (ORDER_NUM,MEMBER_NUM,PRODUCT_NUM,COUNT,SALEPRICE,NMEMBER_NUM,PRICE,REVIEW_STATUS) values ('22121465246143',1,7,1,154000,null,220000,'N');
Insert into COLLABEE.ORDER_PRODUCT (ORDER_NUM,MEMBER_NUM,PRODUCT_NUM,COUNT,SALEPRICE,NMEMBER_NUM,PRICE,REVIEW_STATUS) values ('22121465246143',1,8,1,18900,null,18900,'N');
Insert into COLLABEE.ORDER_PRODUCT (ORDER_NUM,MEMBER_NUM,PRODUCT_NUM,COUNT,SALEPRICE,NMEMBER_NUM,PRICE,REVIEW_STATUS) values ('22121465246143',1,6,1,29900,null,29900,'N');
Insert into COLLABEE.ORDER_PRODUCT (ORDER_NUM,MEMBER_NUM,PRODUCT_NUM,COUNT,SALEPRICE,NMEMBER_NUM,PRICE,REVIEW_STATUS) values ('22121465246143',1,2,2,6750,null,7500,'Y');
Insert into COLLABEE.ORDER_PRODUCT (ORDER_NUM,MEMBER_NUM,PRODUCT_NUM,COUNT,SALEPRICE,NMEMBER_NUM,PRICE,REVIEW_STATUS) values ('22121465246143',1,81,1,9945,null,11700,'N');
Insert into COLLABEE.ORDER_PRODUCT (ORDER_NUM,MEMBER_NUM,PRODUCT_NUM,COUNT,SALEPRICE,NMEMBER_NUM,PRICE,REVIEW_STATUS) values ('22121465246143',1,72,4,8900,null,8900,'Y');
Insert into COLLABEE.ORDER_PRODUCT (ORDER_NUM,MEMBER_NUM,PRODUCT_NUM,COUNT,SALEPRICE,NMEMBER_NUM,PRICE,REVIEW_STATUS) values ('22121457661764',1,70,5,2700,null,3000,'Y');
Insert into COLLABEE.ORDER_PRODUCT (ORDER_NUM,MEMBER_NUM,PRODUCT_NUM,COUNT,SALEPRICE,NMEMBER_NUM,PRICE,REVIEW_STATUS) values ('22121477663361',1,1,6,7900,null,7900,'Y');
Insert into COLLABEE.ORDER_PRODUCT (ORDER_NUM,MEMBER_NUM,PRODUCT_NUM,COUNT,SALEPRICE,NMEMBER_NUM,PRICE,REVIEW_STATUS) values ('22121462557602',1,83,5,12530,null,17900,'N');
Insert into COLLABEE.ORDER_PRODUCT (ORDER_NUM,MEMBER_NUM,PRODUCT_NUM,COUNT,SALEPRICE,NMEMBER_NUM,PRICE,REVIEW_STATUS) values ('22121440611721',1,72,4,8900,null,8900,'Y');
Insert into COLLABEE.ORDER_PRODUCT (ORDER_NUM,MEMBER_NUM,PRODUCT_NUM,COUNT,SALEPRICE,NMEMBER_NUM,PRICE,REVIEW_STATUS) values ('22121411253074',1,82,1,13900,null,13900,'N');
Insert into COLLABEE.ORDER_PRODUCT (ORDER_NUM,MEMBER_NUM,PRODUCT_NUM,COUNT,SALEPRICE,NMEMBER_NUM,PRICE,REVIEW_STATUS) values ('22121435252520',1,999,1,10900,null,10900,'N');
Insert into COLLABEE.ORDER_PRODUCT (ORDER_NUM,MEMBER_NUM,PRODUCT_NUM,COUNT,SALEPRICE,NMEMBER_NUM,PRICE,REVIEW_STATUS) values ('22121456165452',null,72,1,8900,'0CWwW7',8900,'N');
Insert into COLLABEE.ORDER_PRODUCT (ORDER_NUM,MEMBER_NUM,PRODUCT_NUM,COUNT,SALEPRICE,NMEMBER_NUM,PRICE,REVIEW_STATUS) values ('22121453344061',null,72,1,8900,'0CWwW7',8900,'N');
Insert into COLLABEE.ORDER_PRODUCT (ORDER_NUM,MEMBER_NUM,PRODUCT_NUM,COUNT,SALEPRICE,NMEMBER_NUM,PRICE,REVIEW_STATUS) values ('22121576436231',null,10,1,14900,'z6FWkC',14900,'N');
Insert into COLLABEE.ORDER_PRODUCT (ORDER_NUM,MEMBER_NUM,PRODUCT_NUM,COUNT,SALEPRICE,NMEMBER_NUM,PRICE,REVIEW_STATUS) values ('22121576436231',null,4,1,5700,'z6FWkC',5700,'N');
Insert into COLLABEE.ORDER_PRODUCT (ORDER_NUM,MEMBER_NUM,PRODUCT_NUM,COUNT,SALEPRICE,NMEMBER_NUM,PRICE,REVIEW_STATUS) values ('22121403070507',null,72,1,8900,'0CWwW7',8900,'N');
Insert into COLLABEE.ORDER_PRODUCT (ORDER_NUM,MEMBER_NUM,PRODUCT_NUM,COUNT,SALEPRICE,NMEMBER_NUM,PRICE,REVIEW_STATUS) values ('22121576436231',null,81,2,9945,'z6FWkC',11700,'N');
Insert into COLLABEE.ORDER_PRODUCT (ORDER_NUM,MEMBER_NUM,PRODUCT_NUM,COUNT,SALEPRICE,NMEMBER_NUM,PRICE,REVIEW_STATUS) values ('22121576436231',null,72,1,8900,'z6FWkC',8900,'N');
Insert into COLLABEE.ORDER_PRODUCT (ORDER_NUM,MEMBER_NUM,PRODUCT_NUM,COUNT,SALEPRICE,NMEMBER_NUM,PRICE,REVIEW_STATUS) values ('22121576436231',null,68,1,2800,'z6FWkC',2800,'N');
Insert into COLLABEE.ORDER_PRODUCT (ORDER_NUM,MEMBER_NUM,PRODUCT_NUM,COUNT,SALEPRICE,NMEMBER_NUM,PRICE,REVIEW_STATUS) values ('22121515706723',1,85,1,2390,null,2390,'N');
Insert into COLLABEE.ORDER_PRODUCT (ORDER_NUM,MEMBER_NUM,PRODUCT_NUM,COUNT,SALEPRICE,NMEMBER_NUM,PRICE,REVIEW_STATUS) values ('22121515706723',1,3,2,12900,null,15900,'N');
Insert into COLLABEE.ORDER_PRODUCT (ORDER_NUM,MEMBER_NUM,PRODUCT_NUM,COUNT,SALEPRICE,NMEMBER_NUM,PRICE,REVIEW_STATUS) values ('22121515706723',1,82,2,13900,null,13900,'N');
Insert into COLLABEE.ORDER_PRODUCT (ORDER_NUM,MEMBER_NUM,PRODUCT_NUM,COUNT,SALEPRICE,NMEMBER_NUM,PRICE,REVIEW_STATUS) values ('22121562661326',104,72,3,8900,null,8900,'Y');
Insert into COLLABEE.ORDER_PRODUCT (ORDER_NUM,MEMBER_NUM,PRODUCT_NUM,COUNT,SALEPRICE,NMEMBER_NUM,PRICE,REVIEW_STATUS) values ('22122557336036',null,5,1,4950,'sWnyby',5500,'N');
Insert into COLLABEE.ORDER_PRODUCT (ORDER_NUM,MEMBER_NUM,PRODUCT_NUM,COUNT,SALEPRICE,NMEMBER_NUM,PRICE,REVIEW_STATUS) values ('22122557336036',null,67,1,42000,'sWnyby',42000,'N');
Insert into COLLABEE.ORDER_PRODUCT (ORDER_NUM,MEMBER_NUM,PRODUCT_NUM,COUNT,SALEPRICE,NMEMBER_NUM,PRICE,REVIEW_STATUS) values ('22122557336036',null,68,1,2800,'sWnyby',2800,'N');
REM INSERTING into COLLABEE.PACKAGE_CONDITION
SET DEFINE OFF;
Insert into COLLABEE.PACKAGE_CONDITION (STORAGE_NUM,CONDITION) values (1,'냉장');
Insert into COLLABEE.PACKAGE_CONDITION (STORAGE_NUM,CONDITION) values (2,'냉동');
Insert into COLLABEE.PACKAGE_CONDITION (STORAGE_NUM,CONDITION) values (3,'상온');
REM INSERTING into COLLABEE.PAYMENT_TYPE
SET DEFINE OFF;
Insert into COLLABEE.PAYMENT_TYPE (PT_NUM,PT_NAME,PT_DETAILNAME) values (999,'TEST결제수단','테스트결제수단');
Insert into COLLABEE.PAYMENT_TYPE (PT_NUM,PT_NAME,PT_DETAILNAME) values (1,'카카오 페이','카카오 페이');
Insert into COLLABEE.PAYMENT_TYPE (PT_NUM,PT_NAME,PT_DETAILNAME) values (2,'신용카드','카드 결제');
Insert into COLLABEE.PAYMENT_TYPE (PT_NUM,PT_NAME,PT_DETAILNAME) values (3,'간편 결제','네이버 페이');
Insert into COLLABEE.PAYMENT_TYPE (PT_NUM,PT_NAME,PT_DETAILNAME) values (4,'간편 결제','토스');
Insert into COLLABEE.PAYMENT_TYPE (PT_NUM,PT_NAME,PT_DETAILNAME) values (5,'간편 결제','무통장 입금');
Insert into COLLABEE.PAYMENT_TYPE (PT_NUM,PT_NAME,PT_DETAILNAME) values (6,'휴대폰','휴대폰 결제');
REM INSERTING into COLLABEE.PICK
SET DEFINE OFF;
Insert into COLLABEE.PICK (MEMBER_NUM,PRODUCT_NUM) values (109,1);
Insert into COLLABEE.PICK (MEMBER_NUM,PRODUCT_NUM) values (110,72);
REM INSERTING into COLLABEE.PRODUCT
SET DEFINE OFF;
Insert into COLLABEE.PRODUCT (PRODUCT_NUM,PRODUCT_NAME,DESCRIPTION,PRICE,DIS_RATE,SALEPRICE,REGDATE,COUNT,STOCK,THUM_ORI_FILENAME,THUM_SYS_FILENAME,DETAILE_ORI_FILENAME,DETAILE_SYS_FILENAME,DELIVERY_CODE,SELLER,PRODUCT_DEL,DIS_DATE,DIVISION_NUM,STORAGE_NUM,HIT) values (8,'로스티드 솔티드 마카다미아 270g','오독오독 고소한 맛',18900,0,18900,to_date('22/12/01','RR/MM/DD'),11,29,'macadamia.png','macadamia.png','2','macadamiaDetail.png',1,'COLLABEE','Y',to_date('22/12/01','RR/MM/DD'),15,3,0);
Insert into COLLABEE.PRODUCT (PRODUCT_NUM,PRODUCT_NAME,DESCRIPTION,PRICE,DIS_RATE,SALEPRICE,REGDATE,COUNT,STOCK,THUM_ORI_FILENAME,THUM_SYS_FILENAME,DETAILE_ORI_FILENAME,DETAILE_SYS_FILENAME,DELIVERY_CODE,SELLER,PRODUCT_DEL,DIS_DATE,DIVISION_NUM,STORAGE_NUM,HIT) values (67,'[PPUL] 1++ 한우 치마살 150g (냉동)','100g 당 판매가 : 28,000원',42000,0,42000,to_date('22/12/07','RR/MM/DD'),8,192,'collection_4_1_chima.jpg','collection_4_1_chima.jpg','치마살 상세.png','collections_4_2_chimadetail.png',1,'COLLABEE','N',to_date('22/12/15','RR/MM/DD'),26,2,0);
Insert into COLLABEE.PRODUCT (PRODUCT_NUM,PRODUCT_NAME,DESCRIPTION,PRICE,DIS_RATE,SALEPRICE,REGDATE,COUNT,STOCK,THUM_ORI_FILENAME,THUM_SYS_FILENAME,DETAILE_ORI_FILENAME,DETAILE_SYS_FILENAME,DELIVERY_CODE,SELLER,PRODUCT_DEL,DIS_DATE,DIVISION_NUM,STORAGE_NUM,HIT) values (70,'친환경 애호박 1개입','구워 먹어도 나물로 무쳐 먹어도 맛있는 만능 채소 애호박 (1개)',3000,10,2700,to_date('22/12/07','RR/MM/DD'),12,8,'pumpkin_2022_12_07_035816.jpg','pumpkin_2022_12_07_035816.jpg','111_1.JPG','pumpkindetail_2022_12_07_035816.jpg',1,'COLLABEE','N',to_date('22/12/15','RR/MM/DD'),1,1,0);
Insert into COLLABEE.PRODUCT (PRODUCT_NUM,PRODUCT_NAME,DESCRIPTION,PRICE,DIS_RATE,SALEPRICE,REGDATE,COUNT,STOCK,THUM_ORI_FILENAME,THUM_SYS_FILENAME,DETAILE_ORI_FILENAME,DETAILE_SYS_FILENAME,DELIVERY_CODE,SELLER,PRODUCT_DEL,DIS_DATE,DIVISION_NUM,STORAGE_NUM,HIT) values (71,'[만선] 남해안 왕바지락 500g (생물)','통통한 속살을 품은 바지락',8500,10,7650,to_date('22/12/07','RR/MM/DD'),3,27,'Clam_2022_12_07_052500.jpg','Clam_2022_12_07_052500.jpg','112_1.JPG','ClamDetail.png',1,'COLLABEE','N',to_date('22/12/14','RR/MM/DD'),17,1,0);
Insert into COLLABEE.PRODUCT (PRODUCT_NUM,PRODUCT_NAME,DESCRIPTION,PRICE,DIS_RATE,SALEPRICE,REGDATE,COUNT,STOCK,THUM_ORI_FILENAME,THUM_SYS_FILENAME,DETAILE_ORI_FILENAME,DETAILE_SYS_FILENAME,DELIVERY_CODE,SELLER,PRODUCT_DEL,DIS_DATE,DIVISION_NUM,STORAGE_NUM,HIT) values (68,'[픽어베이글] 베이글 8종','뉴욕에서 맛본 바로 그 맛',2800,0,2800,to_date('22/12/07','RR/MM/DD'),21,979,'bagle_2022_12_07_030004.jpg','bagle_2022_12_07_030004.jpg','베이글상세.png','bagelDetail.png',1,'COLLABEE','N',null,62,3,0);
Insert into COLLABEE.PRODUCT (PRODUCT_NUM,PRODUCT_NAME,DESCRIPTION,PRICE,DIS_RATE,SALEPRICE,REGDATE,COUNT,STOCK,THUM_ORI_FILENAME,THUM_SYS_FILENAME,DETAILE_ORI_FILENAME,DETAILE_SYS_FILENAME,DELIVERY_CODE,SELLER,PRODUCT_DEL,DIS_DATE,DIVISION_NUM,STORAGE_NUM,HIT) values (72,'짱구김 4g X 16봉 (스티커 3개 랜덤 증정)','귀여운 스티커와 함께 즐거운 식사',8900,0,8900,to_date('22/12/07','RR/MM/DD'),39,41,'seaweed_2022_12_07_070225.jpg','seaweed_2022_12_07_070225.jpg','113_1.JPG','seaweedDetail_2022_12_07_070224.png',1,'COLLABEE','N',to_date('22/12/18','RR/MM/DD'),24,3,0);
Insert into COLLABEE.PRODUCT (PRODUCT_NUM,PRODUCT_NAME,DESCRIPTION,PRICE,DIS_RATE,SALEPRICE,REGDATE,COUNT,STOCK,THUM_ORI_FILENAME,THUM_SYS_FILENAME,DETAILE_ORI_FILENAME,DETAILE_SYS_FILENAME,DELIVERY_CODE,SELLER,PRODUCT_DEL,DIS_DATE,DIVISION_NUM,STORAGE_NUM,HIT) values (81,'제주 무농약 노지 감귤 2kg','부드럽고 달콤한 무농약 감귤',11700,15,9945,to_date('22/12/12','RR/MM/DD'),10,90,'mandarin_2022_12_12_081406.jpg','mandarin_2022_12_12_081406.jpg','119_1.png','mandarinDetail_2022_12_12_081406.jpg',1,'COLLABEE','N',to_date('22/12/30','RR/MM/DD'),10,1,0);
Insert into COLLABEE.PRODUCT (PRODUCT_NUM,PRODUCT_NAME,DESCRIPTION,PRICE,DIS_RATE,SALEPRICE,REGDATE,COUNT,STOCK,THUM_ORI_FILENAME,THUM_SYS_FILENAME,DETAILE_ORI_FILENAME,DETAILE_SYS_FILENAME,DELIVERY_CODE,SELLER,PRODUCT_DEL,DIS_DATE,DIVISION_NUM,STORAGE_NUM,HIT) values (82,'향기가득 샤인머스캣 700g','달콤한 향미 가득 연둣빛 포도',13900,0,13900,to_date('22/12/12','RR/MM/DD'),17,33,'shinemuscat_2022_12_12_081548.jpg','shinemuscat_2022_12_12_081548.jpg','120_1.png','shinemuscatDetail_2022_12_12_081548.jpg',1,'COLLABEE','N',to_date('22/12/25','RR/MM/DD'),11,1,0);
Insert into COLLABEE.PRODUCT (PRODUCT_NUM,PRODUCT_NAME,DESCRIPTION,PRICE,DIS_RATE,SALEPRICE,REGDATE,COUNT,STOCK,THUM_ORI_FILENAME,THUM_SYS_FILENAME,DETAILE_ORI_FILENAME,DETAILE_SYS_FILENAME,DELIVERY_CODE,SELLER,PRODUCT_DEL,DIS_DATE,DIVISION_NUM,STORAGE_NUM,HIT) values (83,'금실 딸기 500g','탄탄한 과육을 뽐내는 금실딸기',17900,30,12530,to_date('22/12/12','RR/MM/DD'),6,94,'strawberry_2022_12_12_081718.jpg','strawberry_2022_12_12_081718.jpg','121_1.png','strawberryDetail_2022_12_12_081718.jpg',1,'COLLABEE','N',to_date('22/12/23','RR/MM/DD'),11,1,0);
Insert into COLLABEE.PRODUCT (PRODUCT_NUM,PRODUCT_NAME,DESCRIPTION,PRICE,DIS_RATE,SALEPRICE,REGDATE,COUNT,STOCK,THUM_ORI_FILENAME,THUM_SYS_FILENAME,DETAILE_ORI_FILENAME,DETAILE_SYS_FILENAME,DELIVERY_CODE,SELLER,PRODUCT_DEL,DIS_DATE,DIVISION_NUM,STORAGE_NUM,HIT) values (10,'[태극당] 모나카 5개입','클래식한 달콤함이 매력적인',14900,0,14900,to_date('22/12/06','RR/MM/DD'),1,49,'monaca.jpg','monaca.jpg','2','monacaDetail.png',1,'COLLABEE','N',to_date('22/12/06','RR/MM/DD'),61,1,0);
Insert into COLLABEE.PRODUCT (PRODUCT_NUM,PRODUCT_NAME,DESCRIPTION,PRICE,DIS_RATE,SALEPRICE,REGDATE,COUNT,STOCK,THUM_ORI_FILENAME,THUM_SYS_FILENAME,DETAILE_ORI_FILENAME,DETAILE_SYS_FILENAME,DELIVERY_CODE,SELLER,PRODUCT_DEL,DIS_DATE,DIVISION_NUM,STORAGE_NUM,HIT) values (84,'친환경 브로콜리 1개입','풍부한 영양이 담긴 초록 꽃송이',4690,9,4240,to_date('22/12/12','RR/MM/DD'),8,37,'broccoli_2022_12_12_083119.jpg','broccoli_2022_12_12_083119.jpg','124_1.png','broccoliDetail_2022_12_12_083119.jpg',1,'COLLABEE','N',to_date('22/12/28','RR/MM/DD'),4,1,0);
Insert into COLLABEE.PRODUCT (PRODUCT_NUM,PRODUCT_NAME,DESCRIPTION,PRICE,DIS_RATE,SALEPRICE,REGDATE,COUNT,STOCK,THUM_ORI_FILENAME,THUM_SYS_FILENAME,DETAILE_ORI_FILENAME,DETAILE_SYS_FILENAME,DELIVERY_CODE,SELLER,PRODUCT_DEL,DIS_DATE,DIVISION_NUM,STORAGE_NUM,HIT) values (85,'콜라비 1개입','익숙한 맛의 이색 채소, 콜라비',2390,0,2390,to_date('22/12/12','RR/MM/DD'),6,94,'kohlrabi_2022_12_12_083431.jpg','kohlrabi_2022_12_12_083431.jpg','123_1.png','kohlrabiDetail_2022_12_12_083431.jpg',1,'COLLABEE','N',to_date('23/01/31','RR/MM/DD'),7,1,0);
Insert into COLLABEE.PRODUCT (PRODUCT_NUM,PRODUCT_NAME,DESCRIPTION,PRICE,DIS_RATE,SALEPRICE,REGDATE,COUNT,STOCK,THUM_ORI_FILENAME,THUM_SYS_FILENAME,DETAILE_ORI_FILENAME,DETAILE_SYS_FILENAME,DELIVERY_CODE,SELLER,PRODUCT_DEL,DIS_DATE,DIVISION_NUM,STORAGE_NUM,HIT) values (86,'친환경 세척 당근 500g','손쉽게 사용하는 주황빛 채소',4490,0,4490,to_date('22/12/12','RR/MM/DD'),0,150,'carrot_2022_12_12_083620.jpg','carrot_2022_12_12_083620.jpg','122_1.png','carrotDetail_2022_12_12_083620.jpg',1,'COLLABEE','N',to_date('22/12/31','RR/MM/DD'),2,1,0);
Insert into COLLABEE.PRODUCT (PRODUCT_NUM,PRODUCT_NAME,DESCRIPTION,PRICE,DIS_RATE,SALEPRICE,REGDATE,COUNT,STOCK,THUM_ORI_FILENAME,THUM_SYS_FILENAME,DETAILE_ORI_FILENAME,DETAILE_SYS_FILENAME,DELIVERY_CODE,SELLER,PRODUCT_DEL,DIS_DATE,DIVISION_NUM,STORAGE_NUM,HIT) values (79,'유기농 미나리 200g','지하 120m 암반수로 자라 깨끗한 유기농 미나리',4500,20,3600,to_date('22/12/12','RR/MM/DD'),0,80,'minari_2022_12_12_040113.jpg','minari_2022_12_12_040113.jpg','118_1.png','minariDetail_2022_12_12_040113.jpg',1,'COLLABEE','N',to_date('22/12/18','RR/MM/DD'),3,1,0);
Insert into COLLABEE.PRODUCT (PRODUCT_NUM,PRODUCT_NAME,DESCRIPTION,PRICE,DIS_RATE,SALEPRICE,REGDATE,COUNT,STOCK,THUM_ORI_FILENAME,THUM_SYS_FILENAME,DETAILE_ORI_FILENAME,DETAILE_SYS_FILENAME,DELIVERY_CODE,SELLER,PRODUCT_DEL,DIS_DATE,DIVISION_NUM,STORAGE_NUM,HIT) values (998,'[KF365] DOLE 실속 바나나 1kg(필리핀)','믿고 먹을 수 있는 상품을 합리적인 가격에, KF365',3700,20,2960,to_date('22/11/29','RR/MM/DD'),0,100,'100.jpg','100.jpg','100_1','100_1.jpg',1,'COLLABEE','Y',to_date('22/12/31','RR/MM/DD'),12,3,0);
Insert into COLLABEE.PRODUCT (PRODUCT_NUM,PRODUCT_NAME,DESCRIPTION,PRICE,DIS_RATE,SALEPRICE,REGDATE,COUNT,STOCK,THUM_ORI_FILENAME,THUM_SYS_FILENAME,DETAILE_ORI_FILENAME,DETAILE_SYS_FILENAME,DELIVERY_CODE,SELLER,PRODUCT_DEL,DIS_DATE,DIVISION_NUM,STORAGE_NUM,HIT) values (2,'[최현석의 쵸이닷] 트러플 크림 뇨끼','부드럽고도 강렬한 풍미',7500,10,6750,to_date('22/11/28','RR/MM/DD'),12,9,'pasta_2022_12_09_160940.jpg','pasta_2022_12_09_160940.jpg','de','pastaDetail.png',1,'COLLABEE','N',to_date('22/11/30','RR/MM/DD'),41,1,0);
Insert into COLLABEE.PRODUCT (PRODUCT_NUM,PRODUCT_NAME,DESCRIPTION,PRICE,DIS_RATE,SALEPRICE,REGDATE,COUNT,STOCK,THUM_ORI_FILENAME,THUM_SYS_FILENAME,DETAILE_ORI_FILENAME,DETAILE_SYS_FILENAME,DELIVERY_CODE,SELLER,PRODUCT_DEL,DIS_DATE,DIVISION_NUM,STORAGE_NUM,HIT) values (1,'무농약 제주 청레몬 450g (3~5입)','인공 처리를 하지 않아 더 신선한',7900,0,7900,to_date('22/11/28','RR/MM/DD'),17,4,'1.jpg','1.jpg','3','greenremonDetail.png',1,'COLLABEE','N',to_date('22/11/28','RR/MM/DD'),11,1,0);
Insert into COLLABEE.PRODUCT (PRODUCT_NUM,PRODUCT_NAME,DESCRIPTION,PRICE,DIS_RATE,SALEPRICE,REGDATE,COUNT,STOCK,THUM_ORI_FILENAME,THUM_SYS_FILENAME,DETAILE_ORI_FILENAME,DETAILE_SYS_FILENAME,DELIVERY_CODE,SELLER,PRODUCT_DEL,DIS_DATE,DIVISION_NUM,STORAGE_NUM,HIT) values (3,'태국산 망고 600g (2입)','항공운송으로 더욱 신선하고 농후한 단맛의 대표 열대 과일(1팩 2입)',15900,18,12900,to_date('22/11/28','RR/MM/DD'),10,0,'2.avif','2.avif','2','mangoDetail.png',1,'COLLABEE','N',to_date('22/11/28','RR/MM/DD'),10,1,0);
Insert into COLLABEE.PRODUCT (PRODUCT_NUM,PRODUCT_NAME,DESCRIPTION,PRICE,DIS_RATE,SALEPRICE,REGDATE,COUNT,STOCK,THUM_ORI_FILENAME,THUM_SYS_FILENAME,DETAILE_ORI_FILENAME,DETAILE_SYS_FILENAME,DELIVERY_CODE,SELLER,PRODUCT_DEL,DIS_DATE,DIVISION_NUM,STORAGE_NUM,HIT) values (4,'[밀클레버] 미니붕어빵 4종','작아서 더 좋은 간식계의 클래식',5700,0,5700,to_date('22/11/28','RR/MM/DD'),10,0,'minibread.png','minibread.png','1','minibreadDetail.png',1,'COLLABEE','N',to_date('22/11/28','RR/MM/DD'),62,2,0);
Insert into COLLABEE.PRODUCT (PRODUCT_NUM,PRODUCT_NAME,DESCRIPTION,PRICE,DIS_RATE,SALEPRICE,REGDATE,COUNT,STOCK,THUM_ORI_FILENAME,THUM_SYS_FILENAME,DETAILE_ORI_FILENAME,DETAILE_SYS_FILENAME,DELIVERY_CODE,SELLER,PRODUCT_DEL,DIS_DATE,DIVISION_NUM,STORAGE_NUM,HIT) values (5,'[Eat''s Nice] 수플레 팬케이크 4종','사르르 녹아내리는 달콤함',5500,10,4950,to_date('22/11/28','RR/MM/DD'),8,4,'pancake.png','pancake.png','pancakeDetail.png','pancakeDetail.png',1,'COLLABEE','N',to_date('22/11/28','RR/MM/DD'),64,2,0);
Insert into COLLABEE.PRODUCT (PRODUCT_NUM,PRODUCT_NAME,DESCRIPTION,PRICE,DIS_RATE,SALEPRICE,REGDATE,COUNT,STOCK,THUM_ORI_FILENAME,THUM_SYS_FILENAME,DETAILE_ORI_FILENAME,DETAILE_SYS_FILENAME,DELIVERY_CODE,SELLER,PRODUCT_DEL,DIS_DATE,DIVISION_NUM,STORAGE_NUM,HIT) values (6,'[네오플램] NEW FIKA 쿡웨어 팬','요리할 맛 살려주는 프라이팬',29900,0,29900,to_date('22/11/28','RR/MM/DD'),12,5,'newfika.png','newfika.png','1','newfikaDetail.png',1,'COLLABEE','N',to_date('22/11/28','RR/MM/DD'),73,3,0);
Insert into COLLABEE.PRODUCT (PRODUCT_NUM,PRODUCT_NAME,DESCRIPTION,PRICE,DIS_RATE,SALEPRICE,REGDATE,COUNT,STOCK,THUM_ORI_FILENAME,THUM_SYS_FILENAME,DETAILE_ORI_FILENAME,DETAILE_SYS_FILENAME,DELIVERY_CODE,SELLER,PRODUCT_DEL,DIS_DATE,DIVISION_NUM,STORAGE_NUM,HIT) values (7,'[로얄코펜하겐] 베라왕 다이아몬드 모자이크 고블렛 와인클라스 2P 세트','크리스탈 글라스가 선사하는 우아한 품격',220000,30,154000,to_date('22/11/28','RR/MM/DD'),1,10,'verawang.png','verawang.png','1','verawangDetail.png',1,'COLLABEE','N',to_date('22/11/28','RR/MM/DD'),73,3,0);
Insert into COLLABEE.PRODUCT (PRODUCT_NUM,PRODUCT_NAME,DESCRIPTION,PRICE,DIS_RATE,SALEPRICE,REGDATE,COUNT,STOCK,THUM_ORI_FILENAME,THUM_SYS_FILENAME,DETAILE_ORI_FILENAME,DETAILE_SYS_FILENAME,DELIVERY_CODE,SELLER,PRODUCT_DEL,DIS_DATE,DIVISION_NUM,STORAGE_NUM,HIT) values (999,'해남 호박고구마 1.5kg','해풍이 기른 달콤 촉촉 고구마',10900,0,10900,to_date('22/11/28','RR/MM/DD'),16,484,'sweetpotato.png','sweetpotato.png','c','sweetpotatoDetail.png',1,'COLLABEE','N',to_date('22/12/28','RR/MM/DD'),2,1,0);
Insert into COLLABEE.PRODUCT (PRODUCT_NUM,PRODUCT_NAME,DESCRIPTION,PRICE,DIS_RATE,SALEPRICE,REGDATE,COUNT,STOCK,THUM_ORI_FILENAME,THUM_SYS_FILENAME,DETAILE_ORI_FILENAME,DETAILE_SYS_FILENAME,DELIVERY_CODE,SELLER,PRODUCT_DEL,DIS_DATE,DIVISION_NUM,STORAGE_NUM,HIT) values (78,'친환경 대추방울토마토 500g','씹는 맛이 좋은 친환경 대추방울토마토 (1팩 500g)',8000,10,7200,to_date('22/12/12','RR/MM/DD'),0,100,'tomato_2022_12_12_024957.jpg','tomato_2022_12_12_024957.jpg','117_1.png','tomatoDetail_2022_12_12_024957.jpg',1,'COLLABEE','N',to_date('22/12/28','RR/MM/DD'),9,1,0);
Insert into COLLABEE.PRODUCT (PRODUCT_NUM,PRODUCT_NAME,DESCRIPTION,PRICE,DIS_RATE,SALEPRICE,REGDATE,COUNT,STOCK,THUM_ORI_FILENAME,THUM_SYS_FILENAME,DETAILE_ORI_FILENAME,DETAILE_SYS_FILENAME,DELIVERY_CODE,SELLER,PRODUCT_DEL,DIS_DATE,DIVISION_NUM,STORAGE_NUM,HIT) values (73,'참타리버섯 350g','다채롭게 요리하는 만능버섯',2190,0,2190,to_date('22/12/08','RR/MM/DD'),0,150,'mushroom_2022_12_08_111035.jpg','mushroom_2022_12_08_111035.jpg','115_1.JPG','mushroomDetail_2022_12_08_111035.jpg',1,'COLLABEE','N',to_date('22/12/22','RR/MM/DD'),8,1,0);
Insert into COLLABEE.PRODUCT (PRODUCT_NUM,PRODUCT_NAME,DESCRIPTION,PRICE,DIS_RATE,SALEPRICE,REGDATE,COUNT,STOCK,THUM_ORI_FILENAME,THUM_SYS_FILENAME,DETAILE_ORI_FILENAME,DETAILE_SYS_FILENAME,DELIVERY_CODE,SELLER,PRODUCT_DEL,DIS_DATE,DIVISION_NUM,STORAGE_NUM,HIT) values (95,'구운 아몬드','간편하게 드시는 대용량 구운 아몬드 500g',9900,10,8910,to_date('22/12/15','RR/MM/DD'),0,100,'amond_2022_12_15_121809.jpg','amond_2022_12_15_121809.jpg','126_1.png','testdetail_2022_12_15_121809.jpg',1,'COLLABEE','N',to_date('22/12/20','RR/MM/DD'),20,3,0);
Insert into COLLABEE.PRODUCT (PRODUCT_NUM,PRODUCT_NAME,DESCRIPTION,PRICE,DIS_RATE,SALEPRICE,REGDATE,COUNT,STOCK,THUM_ORI_FILENAME,THUM_SYS_FILENAME,DETAILE_ORI_FILENAME,DETAILE_SYS_FILENAME,DELIVERY_CODE,SELLER,PRODUCT_DEL,DIS_DATE,DIVISION_NUM,STORAGE_NUM,HIT) values (11,'[치키타] 바나나 1.2kg','부드러운 과육이 품은 달콤함',3900,10,3510,to_date('22/12/14','RR/MM/DD'),0,99,'banana_2022_12_14_113151.jpg','banana_2022_12_14_113151.jpg','125_1.png','bananaDetail_2022_12_14_113151.jpg',1,'COLLABEE','N',to_date('23/01/01','RR/MM/DD'),12,3,0);
REM INSERTING into COLLABEE.PRO_QNA
SET DEFINE OFF;
Insert into COLLABEE.PRO_QNA (PRO_QNA_NUM,PRODUCT_NUM,MEMBER_NUM,Q_TITLE,Q_CONTENT,Q_DATE,Q_STATUS,Q_SECRET,A_ANSWER) values (22,2,1,'유통기한','ㅈㄷㄱㅈㄷㄱㅈㄷㄱ',to_date('22/12/14','RR/MM/DD'),'N',0,null);
Insert into COLLABEE.PRO_QNA (PRO_QNA_NUM,PRODUCT_NUM,MEMBER_NUM,Q_TITLE,Q_CONTENT,Q_DATE,Q_STATUS,Q_SECRET,A_ANSWER) values (29,72,105,'ㄴㄴ','ㄴㄴㄴㄴㄴ',to_date('22/12/14','RR/MM/DD'),'N',0,'아아아ㅋㅋ');
Insert into COLLABEE.PRO_QNA (PRO_QNA_NUM,PRODUCT_NUM,MEMBER_NUM,Q_TITLE,Q_CONTENT,Q_DATE,Q_STATUS,Q_SECRET,A_ANSWER) values (14,72,100,'ddd','ddddd',to_date('22/12/14','RR/MM/DD'),'N',0,null);
Insert into COLLABEE.PRO_QNA (PRO_QNA_NUM,PRODUCT_NUM,MEMBER_NUM,Q_TITLE,Q_CONTENT,Q_DATE,Q_STATUS,Q_SECRET,A_ANSWER) values (19,72,100,'문의문의','문의아아아',to_date('22/12/14','RR/MM/DD'),'N',0,'ㄴㄴㄴㄴ');
Insert into COLLABEE.PRO_QNA (PRO_QNA_NUM,PRODUCT_NUM,MEMBER_NUM,Q_TITLE,Q_CONTENT,Q_DATE,Q_STATUS,Q_SECRET,A_ANSWER) values (24,2,1,'상했어요','ㄷㄳㄷㄳㄷ',to_date('22/12/14','RR/MM/DD'),'N',0,'상품 답변입니당~');
Insert into COLLABEE.PRO_QNA (PRO_QNA_NUM,PRODUCT_NUM,MEMBER_NUM,Q_TITLE,Q_CONTENT,Q_DATE,Q_STATUS,Q_SECRET,A_ANSWER) values (32,84,1,'문의 테스트','ㅇㄹㄴㅇㄹㄴ',to_date('22/12/15','RR/MM/DD'),'N',0,'테스트 입니당');
Insert into COLLABEE.PRO_QNA (PRO_QNA_NUM,PRODUCT_NUM,MEMBER_NUM,Q_TITLE,Q_CONTENT,Q_DATE,Q_STATUS,Q_SECRET,A_ANSWER) values (26,72,1,'as','ss',to_date('22/12/14','RR/MM/DD'),'N',0,null);
Insert into COLLABEE.PRO_QNA (PRO_QNA_NUM,PRODUCT_NUM,MEMBER_NUM,Q_TITLE,Q_CONTENT,Q_DATE,Q_STATUS,Q_SECRET,A_ANSWER) values (18,72,100,'zzzz','zzzzz',to_date('22/12/14','RR/MM/DD'),'N',0,null);
Insert into COLLABEE.PRO_QNA (PRO_QNA_NUM,PRODUCT_NUM,MEMBER_NUM,Q_TITLE,Q_CONTENT,Q_DATE,Q_STATUS,Q_SECRET,A_ANSWER) values (27,72,1,'ㅇㅇ','ㅇㅇ',to_date('22/12/14','RR/MM/DD'),'N',0,'답변 드립니다.');
Insert into COLLABEE.PRO_QNA (PRO_QNA_NUM,PRODUCT_NUM,MEMBER_NUM,Q_TITLE,Q_CONTENT,Q_DATE,Q_STATUS,Q_SECRET,A_ANSWER) values (33,71,110,'문의사항','문의 남깁니다',to_date('22/12/14','RR/MM/DD'),'N',0,null);
Insert into COLLABEE.PRO_QNA (PRO_QNA_NUM,PRODUCT_NUM,MEMBER_NUM,Q_TITLE,Q_CONTENT,Q_DATE,Q_STATUS,Q_SECRET,A_ANSWER) values (34,72,110,'저기요','답변안주세요?',to_date('22/12/15','RR/MM/DD'),'Y',0,'답변입니다.');
Insert into COLLABEE.PRO_QNA (PRO_QNA_NUM,PRODUCT_NUM,MEMBER_NUM,Q_TITLE,Q_CONTENT,Q_DATE,Q_STATUS,Q_SECRET,A_ANSWER) values (30,71,1,'유통기한','sdfsdf',to_date('22/12/15','RR/MM/DD'),'N',0,'답변등록');
Insert into COLLABEE.PRO_QNA (PRO_QNA_NUM,PRODUCT_NUM,MEMBER_NUM,Q_TITLE,Q_CONTENT,Q_DATE,Q_STATUS,Q_SECRET,A_ANSWER) values (6,72,104,'dfgdfs','gdsfgsdg',to_date('22/12/14','RR/MM/DD'),'N',0,null);
Insert into COLLABEE.PRO_QNA (PRO_QNA_NUM,PRODUCT_NUM,MEMBER_NUM,Q_TITLE,Q_CONTENT,Q_DATE,Q_STATUS,Q_SECRET,A_ANSWER) values (17,72,1,'찡그','지증',to_date('22/12/14','RR/MM/DD'),'N',0,'spspsp S? s');
REM INSERTING into COLLABEE.PRO_REVIEW
SET DEFINE OFF;
Insert into COLLABEE.PRO_REVIEW (REVIEW_NUM,ORDER_NUM,PRODUCT_NUM,MEMBER_NUM,R_CONTENT,R_ORI_FILENAME,R_SYS_FILENAME,R_DATE,REC,POINT) values (90,'22121553651711',84,110,'브로코리 보리코리','1234.jpg','d6de2710-e710-4548-a62a-d967a987ca01.jpg',to_date('22/12/16','RR/MM/DD'),0,200);
Insert into COLLABEE.PRO_REVIEW (REVIEW_NUM,ORDER_NUM,PRODUCT_NUM,MEMBER_NUM,R_CONTENT,R_ORI_FILENAME,R_SYS_FILENAME,R_DATE,REC,POINT) values (72,'22121465246143',72,1,'ㅋㅋㅋㅋㅋㅋㅋㅋㅋㅋㅋㅋㅋ',null,null,to_date('22/12/15','RR/MM/DD'),0,200);
Insert into COLLABEE.PRO_REVIEW (REVIEW_NUM,ORDER_NUM,PRODUCT_NUM,MEMBER_NUM,R_CONTENT,R_ORI_FILENAME,R_SYS_FILENAME,R_DATE,REC,POINT) values (44,'1',2,1,'리뷰작성~~',null,null,to_date('22/12/14','RR/MM/DD'),0,200);
Insert into COLLABEE.PRO_REVIEW (REVIEW_NUM,ORDER_NUM,PRODUCT_NUM,MEMBER_NUM,R_CONTENT,R_ORI_FILENAME,R_SYS_FILENAME,R_DATE,REC,POINT) values (56,'2147483647',72,1,'asdfasfadsf','1.jpg','cf7f5e43-1bf0-40ad-b360-2a56ef1b71d9.jpg',to_date('22/12/14','RR/MM/DD'),0,200);
Insert into COLLABEE.PRO_REVIEW (REVIEW_NUM,ORDER_NUM,PRODUCT_NUM,MEMBER_NUM,R_CONTENT,R_ORI_FILENAME,R_SYS_FILENAME,R_DATE,REC,POINT) values (43,'1',2,1,'율ㅇㄹ',null,null,to_date('22/12/14','RR/MM/DD'),0,200);
Insert into COLLABEE.PRO_REVIEW (REVIEW_NUM,ORDER_NUM,PRODUCT_NUM,MEMBER_NUM,R_CONTENT,R_ORI_FILENAME,R_SYS_FILENAME,R_DATE,REC,POINT) values (75,'22121440611721',72,1,'werwerwer',null,null,to_date('22/12/15','RR/MM/DD'),0,200);
Insert into COLLABEE.PRO_REVIEW (REVIEW_NUM,ORDER_NUM,PRODUCT_NUM,MEMBER_NUM,R_CONTENT,R_ORI_FILENAME,R_SYS_FILENAME,R_DATE,REC,POINT) values (59,'2147483647',1,1,'ㅈㄷㄱㅈㄷㄱㅈㄷㄱ','1.jpg','d1a2312b-a225-452d-a1ac-fea3a03a7e8b.jpg',to_date('22/12/14','RR/MM/DD'),0,200);
Insert into COLLABEE.PRO_REVIEW (REVIEW_NUM,ORDER_NUM,PRODUCT_NUM,MEMBER_NUM,R_CONTENT,R_ORI_FILENAME,R_SYS_FILENAME,R_DATE,REC,POINT) values (36,'2147483647',2,1,'sdfsdf',null,null,to_date('22/12/14','RR/MM/DD'),0,200);
Insert into COLLABEE.PRO_REVIEW (REVIEW_NUM,ORDER_NUM,PRODUCT_NUM,MEMBER_NUM,R_CONTENT,R_ORI_FILENAME,R_SYS_FILENAME,R_DATE,REC,POINT) values (88,'22121554765225',72,104,'후기!2022','1.jpg','bc62843d-8f93-4c0c-ab39-54a54346fd7b.jpg',to_date('22/12/15','RR/MM/DD'),0,100);
Insert into COLLABEE.PRO_REVIEW (REVIEW_NUM,ORDER_NUM,PRODUCT_NUM,MEMBER_NUM,R_CONTENT,R_ORI_FILENAME,R_SYS_FILENAME,R_DATE,REC,POINT) values (87,'22121562335641',4,1,'붕어빵낸하','icons8-동그라미-q-48.png','4cb0c646-6352-453b-9de3-1356e862f0d7.jpg',to_date('22/12/15','RR/MM/DD'),0,200);
Insert into COLLABEE.PRO_REVIEW (REVIEW_NUM,ORDER_NUM,PRODUCT_NUM,MEMBER_NUM,R_CONTENT,R_ORI_FILENAME,R_SYS_FILENAME,R_DATE,REC,POINT) values (89,'22121562661326',72,104,'아아아',null,null,to_date('22/12/15','RR/MM/DD'),0,100);
REM INSERTING into COLLABEE.PT_INSTALLMENT
SET DEFINE OFF;
REM INSERTING into COLLABEE.SPECIAL
SET DEFINE OFF;
Insert into COLLABEE.SPECIAL (SPECIAL_NUM,PRODUCT_NUM) values (3,78);
Insert into COLLABEE.SPECIAL (SPECIAL_NUM,PRODUCT_NUM) values (2,79);
Insert into COLLABEE.SPECIAL (SPECIAL_NUM,PRODUCT_NUM) values (1,81);
Insert into COLLABEE.SPECIAL (SPECIAL_NUM,PRODUCT_NUM) values (3,82);
Insert into COLLABEE.SPECIAL (SPECIAL_NUM,PRODUCT_NUM) values (3,83);
Insert into COLLABEE.SPECIAL (SPECIAL_NUM,PRODUCT_NUM) values (2,84);
Insert into COLLABEE.SPECIAL (SPECIAL_NUM,PRODUCT_NUM) values (2,86);
Insert into COLLABEE.SPECIAL (SPECIAL_NUM,PRODUCT_NUM) values (2,85);
Insert into COLLABEE.SPECIAL (SPECIAL_NUM,PRODUCT_NUM) values (2,90);
Insert into COLLABEE.SPECIAL (SPECIAL_NUM,PRODUCT_NUM) values (1,72);
Insert into COLLABEE.SPECIAL (SPECIAL_NUM,PRODUCT_NUM) values (2,73);
Insert into COLLABEE.SPECIAL (SPECIAL_NUM,PRODUCT_NUM) values (3,10);
Insert into COLLABEE.SPECIAL (SPECIAL_NUM,PRODUCT_NUM) values (2,70);
Insert into COLLABEE.SPECIAL (SPECIAL_NUM,PRODUCT_NUM) values (2,67);
Insert into COLLABEE.SPECIAL (SPECIAL_NUM,PRODUCT_NUM) values (2,71);
Insert into COLLABEE.SPECIAL (SPECIAL_NUM,PRODUCT_NUM) values (3,68);
Insert into COLLABEE.SPECIAL (SPECIAL_NUM,PRODUCT_NUM) values (1,6);
Insert into COLLABEE.SPECIAL (SPECIAL_NUM,PRODUCT_NUM) values (3,4);
Insert into COLLABEE.SPECIAL (SPECIAL_NUM,PRODUCT_NUM) values (1,1);
Insert into COLLABEE.SPECIAL (SPECIAL_NUM,PRODUCT_NUM) values (1,3);
Insert into COLLABEE.SPECIAL (SPECIAL_NUM,PRODUCT_NUM) values (1,7);
Insert into COLLABEE.SPECIAL (SPECIAL_NUM,PRODUCT_NUM) values (1,2);
Insert into COLLABEE.SPECIAL (SPECIAL_NUM,PRODUCT_NUM) values (1,5);
Insert into COLLABEE.SPECIAL (SPECIAL_NUM,PRODUCT_NUM) values (2,9);
Insert into COLLABEE.SPECIAL (SPECIAL_NUM,PRODUCT_NUM) values (3,8);
Insert into COLLABEE.SPECIAL (SPECIAL_NUM,PRODUCT_NUM) values (3,9);
Insert into COLLABEE.SPECIAL (SPECIAL_NUM,PRODUCT_NUM) values (3,998);
Insert into COLLABEE.SPECIAL (SPECIAL_NUM,PRODUCT_NUM) values (3,999);
Insert into COLLABEE.SPECIAL (SPECIAL_NUM,PRODUCT_NUM) values (1,9);
Insert into COLLABEE.SPECIAL (SPECIAL_NUM,PRODUCT_NUM) values (3,95);
REM INSERTING into COLLABEE.SPECIAL_CAT
SET DEFINE OFF;
Insert into COLLABEE.SPECIAL_CAT (SPECIAL_NUM,TITLE,S_DESCRIPTION) values (3,'콜라비 추천 상품!','에디터가 강추합니다~');
Insert into COLLABEE.SPECIAL_CAT (SPECIAL_NUM,TITLE,S_DESCRIPTION) values (1,'이 상품 어때?','추천상품');
Insert into COLLABEE.SPECIAL_CAT (SPECIAL_NUM,TITLE,S_DESCRIPTION) values (2,'냉장고 속 단골 재료!','어느 요리에나 잘 쓰이는 기본 재료 모음');
REM INSERTING into COLLABEE.VIEW_MYCOUPONBOX
SET DEFINE OFF;
Insert into COLLABEE.VIEW_MYCOUPONBOX (MEMBER_NUM,COUPON_NUM,COUPON_NAME,DIS_PRICE,COUPON_DATE,USAGE_STATE,ISSUE_DATE) values (110,2,'쿠폰1',1000,to_date('22/12/23','RR/MM/DD'),'Y',to_date('22/12/21','RR/MM/DD'));
Insert into COLLABEE.VIEW_MYCOUPONBOX (MEMBER_NUM,COUPON_NUM,COUPON_NAME,DIS_PRICE,COUPON_DATE,USAGE_STATE,ISSUE_DATE) values (1,22,'무료배송 쿠폰',2500,to_date('22/12/21','RR/MM/DD'),'N',to_date('22/12/16','RR/MM/DD'));
Insert into COLLABEE.VIEW_MYCOUPONBOX (MEMBER_NUM,COUPON_NUM,COUPON_NAME,DIS_PRICE,COUPON_DATE,USAGE_STATE,ISSUE_DATE) values (1,4,'쿠폰3',3000,to_date('23/01/31','RR/MM/DD'),'Y',to_date('22/12/16','RR/MM/DD'));
Insert into COLLABEE.VIEW_MYCOUPONBOX (MEMBER_NUM,COUPON_NUM,COUPON_NAME,DIS_PRICE,COUPON_DATE,USAGE_STATE,ISSUE_DATE) values (1,3,'쿠폰2',10000,to_date('22/12/29','RR/MM/DD'),'N',to_date('22/12/16','RR/MM/DD'));
Insert into COLLABEE.VIEW_MYCOUPONBOX (MEMBER_NUM,COUPON_NUM,COUPON_NAME,DIS_PRICE,COUPON_DATE,USAGE_STATE,ISSUE_DATE) values (124,2,'쿠폰1',1000,to_date('22/12/23','RR/MM/DD'),'N',to_date('22/12/15','RR/MM/DD'));
Insert into COLLABEE.VIEW_MYCOUPONBOX (MEMBER_NUM,COUPON_NUM,COUPON_NAME,DIS_PRICE,COUPON_DATE,USAGE_STATE,ISSUE_DATE) values (1,2,'쿠폰1',1000,to_date('22/12/23','RR/MM/DD'),'N',to_date('22/12/15','RR/MM/DD'));
Insert into COLLABEE.VIEW_MYCOUPONBOX (MEMBER_NUM,COUPON_NUM,COUPON_NAME,DIS_PRICE,COUPON_DATE,USAGE_STATE,ISSUE_DATE) values (118,2,'쿠폰1',1000,to_date('22/12/23','RR/MM/DD'),'N',to_date('22/12/15','RR/MM/DD'));
Insert into COLLABEE.VIEW_MYCOUPONBOX (MEMBER_NUM,COUPON_NUM,COUPON_NAME,DIS_PRICE,COUPON_DATE,USAGE_STATE,ISSUE_DATE) values (123,2,'쿠폰1',1000,to_date('22/12/23','RR/MM/DD'),'N',to_date('22/12/15','RR/MM/DD'));
Insert into COLLABEE.VIEW_MYCOUPONBOX (MEMBER_NUM,COUPON_NUM,COUPON_NAME,DIS_PRICE,COUPON_DATE,USAGE_STATE,ISSUE_DATE) values (120,2,'쿠폰1',1000,to_date('22/12/23','RR/MM/DD'),'N',to_date('22/12/15','RR/MM/DD'));
Insert into COLLABEE.VIEW_MYCOUPONBOX (MEMBER_NUM,COUPON_NUM,COUPON_NAME,DIS_PRICE,COUPON_DATE,USAGE_STATE,ISSUE_DATE) values (119,2,'쿠폰1',1000,to_date('22/12/23','RR/MM/DD'),'N',to_date('22/12/15','RR/MM/DD'));
Insert into COLLABEE.VIEW_MYCOUPONBOX (MEMBER_NUM,COUPON_NUM,COUPON_NAME,DIS_PRICE,COUPON_DATE,USAGE_STATE,ISSUE_DATE) values (1,1,'사장님이 리얼리 미쳤어요~~!',100,to_date('22/12/31','RR/MM/DD'),'N',to_date('22/12/15','RR/MM/DD'));
Insert into COLLABEE.VIEW_MYCOUPONBOX (MEMBER_NUM,COUPON_NUM,COUPON_NAME,DIS_PRICE,COUPON_DATE,USAGE_STATE,ISSUE_DATE) values (104,1,'사장님이 리얼리 미쳤어요~~!',100,to_date('22/12/31','RR/MM/DD'),'N',to_date('22/12/15','RR/MM/DD'));
Insert into COLLABEE.VIEW_MYCOUPONBOX (MEMBER_NUM,COUPON_NUM,COUPON_NAME,DIS_PRICE,COUPON_DATE,USAGE_STATE,ISSUE_DATE) values (122,2,'쿠폰1',1000,to_date('22/12/23','RR/MM/DD'),'N',to_date('22/12/15','RR/MM/DD'));
Insert into COLLABEE.VIEW_MYCOUPONBOX (MEMBER_NUM,COUPON_NUM,COUPON_NAME,DIS_PRICE,COUPON_DATE,USAGE_STATE,ISSUE_DATE) values (121,2,'쿠폰1',1000,to_date('22/12/23','RR/MM/DD'),'N',to_date('22/12/15','RR/MM/DD'));
Insert into COLLABEE.VIEW_MYCOUPONBOX (MEMBER_NUM,COUPON_NUM,COUPON_NAME,DIS_PRICE,COUPON_DATE,USAGE_STATE,ISSUE_DATE) values (125,2,'쿠폰1',1000,to_date('22/12/23','RR/MM/DD'),'N',to_date('22/12/15','RR/MM/DD'));
Insert into COLLABEE.VIEW_MYCOUPONBOX (MEMBER_NUM,COUPON_NUM,COUPON_NAME,DIS_PRICE,COUPON_DATE,USAGE_STATE,ISSUE_DATE) values (117,2,'쿠폰1',1000,to_date('22/12/23','RR/MM/DD'),'N',to_date('22/12/15','RR/MM/DD'));
Insert into COLLABEE.VIEW_MYCOUPONBOX (MEMBER_NUM,COUPON_NUM,COUPON_NAME,DIS_PRICE,COUPON_DATE,USAGE_STATE,ISSUE_DATE) values (115,2,'쿠폰1',1000,to_date('22/12/23','RR/MM/DD'),'N',to_date('22/12/14','RR/MM/DD'));
Insert into COLLABEE.VIEW_MYCOUPONBOX (MEMBER_NUM,COUPON_NUM,COUPON_NAME,DIS_PRICE,COUPON_DATE,USAGE_STATE,ISSUE_DATE) values (100,4,'쿠폰3',3000,to_date('23/01/31','RR/MM/DD'),'N',to_date('22/12/14','RR/MM/DD'));
Insert into COLLABEE.VIEW_MYCOUPONBOX (MEMBER_NUM,COUPON_NUM,COUPON_NAME,DIS_PRICE,COUPON_DATE,USAGE_STATE,ISSUE_DATE) values (116,2,'쿠폰1',1000,to_date('22/12/23','RR/MM/DD'),'N',to_date('22/12/14','RR/MM/DD'));
Insert into COLLABEE.VIEW_MYCOUPONBOX (MEMBER_NUM,COUPON_NUM,COUPON_NAME,DIS_PRICE,COUPON_DATE,USAGE_STATE,ISSUE_DATE) values (110,1,'사장님이 리얼리 미쳤어요~~!',100,to_date('22/12/31','RR/MM/DD'),'N',to_date('22/12/13','RR/MM/DD'));
Insert into COLLABEE.VIEW_MYCOUPONBOX (MEMBER_NUM,COUPON_NUM,COUPON_NAME,DIS_PRICE,COUPON_DATE,USAGE_STATE,ISSUE_DATE) values (100,2,'쿠폰1',1000,to_date('22/12/23','RR/MM/DD'),'N',to_date('22/12/13','RR/MM/DD'));
Insert into COLLABEE.VIEW_MYCOUPONBOX (MEMBER_NUM,COUPON_NUM,COUPON_NAME,DIS_PRICE,COUPON_DATE,USAGE_STATE,ISSUE_DATE) values (100,3,'쿠폰2',10000,to_date('22/12/29','RR/MM/DD'),'N',to_date('22/12/13','RR/MM/DD'));
Insert into COLLABEE.VIEW_MYCOUPONBOX (MEMBER_NUM,COUPON_NUM,COUPON_NAME,DIS_PRICE,COUPON_DATE,USAGE_STATE,ISSUE_DATE) values (100,1,'사장님이 리얼리 미쳤어요~~!',100,to_date('22/12/31','RR/MM/DD'),'N',to_date('22/12/13','RR/MM/DD'));
Insert into COLLABEE.VIEW_MYCOUPONBOX (MEMBER_NUM,COUPON_NUM,COUPON_NAME,DIS_PRICE,COUPON_DATE,USAGE_STATE,ISSUE_DATE) values (110,2,'쿠폰1',1000,to_date('22/12/23','RR/MM/DD'),'Y',to_date('22/12/05','RR/MM/DD'));
Insert into COLLABEE.VIEW_MYCOUPONBOX (MEMBER_NUM,COUPON_NUM,COUPON_NAME,DIS_PRICE,COUPON_DATE,USAGE_STATE,ISSUE_DATE) values (110,1,'사장님이 리얼리 미쳤어요~~!',100,to_date('22/12/31','RR/MM/DD'),'N',to_date('22/12/05','RR/MM/DD'));
Insert into COLLABEE.VIEW_MYCOUPONBOX (MEMBER_NUM,COUPON_NUM,COUPON_NAME,DIS_PRICE,COUPON_DATE,USAGE_STATE,ISSUE_DATE) values (110,4,'쿠폰3',3000,to_date('23/01/31','RR/MM/DD'),'Y',to_date('22/12/05','RR/MM/DD'));
Insert into COLLABEE.VIEW_MYCOUPONBOX (MEMBER_NUM,COUPON_NUM,COUPON_NAME,DIS_PRICE,COUPON_DATE,USAGE_STATE,ISSUE_DATE) values (110,3,'쿠폰2',10000,to_date('22/12/29','RR/MM/DD'),'Y',to_date('22/12/05','RR/MM/DD'));
Insert into COLLABEE.VIEW_MYCOUPONBOX (MEMBER_NUM,COUPON_NUM,COUPON_NAME,DIS_PRICE,COUPON_DATE,USAGE_STATE,ISSUE_DATE) values (110,3,'쿠폰2',10000,to_date('22/12/29','RR/MM/DD'),'Y',to_date('22/12/05','RR/MM/DD'));
Insert into COLLABEE.VIEW_MYCOUPONBOX (MEMBER_NUM,COUPON_NUM,COUPON_NAME,DIS_PRICE,COUPON_DATE,USAGE_STATE,ISSUE_DATE) values (107,4,'쿠폰3',3000,to_date('23/01/31','RR/MM/DD'),'N',to_date('22/12/02','RR/MM/DD'));
Insert into COLLABEE.VIEW_MYCOUPONBOX (MEMBER_NUM,COUPON_NUM,COUPON_NAME,DIS_PRICE,COUPON_DATE,USAGE_STATE,ISSUE_DATE) values (110,2,'쿠폰1',1000,to_date('22/12/23','RR/MM/DD'),'Y',to_date('22/11/22','RR/MM/DD'));
Insert into COLLABEE.VIEW_MYCOUPONBOX (MEMBER_NUM,COUPON_NUM,COUPON_NAME,DIS_PRICE,COUPON_DATE,USAGE_STATE,ISSUE_DATE) values (110,3,'쿠폰2',10000,to_date('22/12/29','RR/MM/DD'),'Y',to_date('22/11/07','RR/MM/DD'));
Insert into COLLABEE.VIEW_MYCOUPONBOX (MEMBER_NUM,COUPON_NUM,COUPON_NAME,DIS_PRICE,COUPON_DATE,USAGE_STATE,ISSUE_DATE) values (110,2,'쿠폰1',1000,to_date('22/12/23','RR/MM/DD'),'Y',to_date('22/11/07','RR/MM/DD'));
Insert into COLLABEE.VIEW_MYCOUPONBOX (MEMBER_NUM,COUPON_NUM,COUPON_NAME,DIS_PRICE,COUPON_DATE,USAGE_STATE,ISSUE_DATE) values (110,4,'쿠폰3',3000,to_date('23/01/31','RR/MM/DD'),'Y',to_date('22/11/07','RR/MM/DD'));
Insert into COLLABEE.VIEW_MYCOUPONBOX (MEMBER_NUM,COUPON_NUM,COUPON_NAME,DIS_PRICE,COUPON_DATE,USAGE_STATE,ISSUE_DATE) values (110,3,'쿠폰2',10000,to_date('22/12/29','RR/MM/DD'),'Y',to_date('22/11/07','RR/MM/DD'));
Insert into COLLABEE.VIEW_MYCOUPONBOX (MEMBER_NUM,COUPON_NUM,COUPON_NAME,DIS_PRICE,COUPON_DATE,USAGE_STATE,ISSUE_DATE) values (110,1,'사장님이 리얼리 미쳤어요~~!',100,to_date('22/12/31','RR/MM/DD'),'Y',to_date('22/11/07','RR/MM/DD'));
Insert into COLLABEE.VIEW_MYCOUPONBOX (MEMBER_NUM,COUPON_NUM,COUPON_NAME,DIS_PRICE,COUPON_DATE,USAGE_STATE,ISSUE_DATE) values (110,1,'사장님이 리얼리 미쳤어요~~!',100,to_date('22/12/31','RR/MM/DD'),'Y',to_date('22/11/07','RR/MM/DD'));
Insert into COLLABEE.VIEW_MYCOUPONBOX (MEMBER_NUM,COUPON_NUM,COUPON_NAME,DIS_PRICE,COUPON_DATE,USAGE_STATE,ISSUE_DATE) values (110,3,'쿠폰2',10000,to_date('22/12/29','RR/MM/DD'),'Y',to_date('22/10/25','RR/MM/DD'));
Insert into COLLABEE.VIEW_MYCOUPONBOX (MEMBER_NUM,COUPON_NUM,COUPON_NAME,DIS_PRICE,COUPON_DATE,USAGE_STATE,ISSUE_DATE) values (110,2,'쿠폰1',1000,to_date('22/12/23','RR/MM/DD'),'Y',to_date('22/09/20','RR/MM/DD'));
Insert into COLLABEE.VIEW_MYCOUPONBOX (MEMBER_NUM,COUPON_NUM,COUPON_NAME,DIS_PRICE,COUPON_DATE,USAGE_STATE,ISSUE_DATE) values (110,4,'쿠폰3',3000,to_date('23/01/31','RR/MM/DD'),'Y',to_date('22/09/20','RR/MM/DD'));
REM INSERTING into COLLABEE.VIEW_MYORDERLIST
SET DEFINE OFF;
Insert into COLLABEE.VIEW_MYORDERLIST (ORDER_NUM,MEMBER_NUM,PRODUCT_NUM,PRODUCT_NAME,THUM_SYS_FILENAME,PRICE,COUNT,DESCRIPTION,SALEPRICE,DELIVERY_STATUS,DELIVERY_FEE,TOT_PRICE,TOT_GOODSPRICE,PT_DETAILNAME,ORDER_NAME,ORDER_PHONE,ORDER_DATE,ORDER_ADDR,ORDER_ADDR_DETAIL,ORDER_PLACE,ORDER_REQUEST,CONDITION,REVIEW_STATUS,USAGE_AMOUNT,AMOUNT) values ('22121435252520',1,999,'해남 호박고구마 1.5kg','sweetpotato.png',10900,1,'해풍이 기른 달콤 촉촉 고구마',10900,'주문 완료',0,10900,10900,'무통장 입금','스누피','01012345678',to_date('22/12/14','RR/MM/DD'),'제주특별자치도 서귀포시 가가로 14','스누피 하우스','문 앞',null,'냉장','N',0,763);
Insert into COLLABEE.VIEW_MYORDERLIST (ORDER_NUM,MEMBER_NUM,PRODUCT_NUM,PRODUCT_NAME,THUM_SYS_FILENAME,PRICE,COUNT,DESCRIPTION,SALEPRICE,DELIVERY_STATUS,DELIVERY_FEE,TOT_PRICE,TOT_GOODSPRICE,PT_DETAILNAME,ORDER_NAME,ORDER_PHONE,ORDER_DATE,ORDER_ADDR,ORDER_ADDR_DETAIL,ORDER_PLACE,ORDER_REQUEST,CONDITION,REVIEW_STATUS,USAGE_AMOUNT,AMOUNT) values ('22121446621406',110,999,'해남 호박고구마 1.5kg','sweetpotato.png',10900,10,'해풍이 기른 달콤 촉촉 고구마',10900,'주문 완료',0,99000,109000,'네이버 페이','임수진','01044444444',to_date('22/12/14','RR/MM/DD'),'경기 광주시 경안로 5','젤존빌딩z','문 앞',null,'냉장','N',0,990);
Insert into COLLABEE.VIEW_MYORDERLIST (ORDER_NUM,MEMBER_NUM,PRODUCT_NUM,PRODUCT_NAME,THUM_SYS_FILENAME,PRICE,COUNT,DESCRIPTION,SALEPRICE,DELIVERY_STATUS,DELIVERY_FEE,TOT_PRICE,TOT_GOODSPRICE,PT_DETAILNAME,ORDER_NAME,ORDER_PHONE,ORDER_DATE,ORDER_ADDR,ORDER_ADDR_DETAIL,ORDER_PLACE,ORDER_REQUEST,CONDITION,REVIEW_STATUS,USAGE_AMOUNT,AMOUNT) values ('22121554765225',104,999,'해남 호박고구마 1.5kg','sweetpotato.png',10900,2,'해풍이 기른 달콤 촉촉 고구마',10900,'주문 완료',0,196500,202500,'네이버 페이','김석기','01051813718',to_date('22/12/15','RR/MM/DD'),'서울 강남구 강남대로 328','1','문 앞',null,'냉장','N',0,13755);
Insert into COLLABEE.VIEW_MYORDERLIST (ORDER_NUM,MEMBER_NUM,PRODUCT_NUM,PRODUCT_NAME,THUM_SYS_FILENAME,PRICE,COUNT,DESCRIPTION,SALEPRICE,DELIVERY_STATUS,DELIVERY_FEE,TOT_PRICE,TOT_GOODSPRICE,PT_DETAILNAME,ORDER_NAME,ORDER_PHONE,ORDER_DATE,ORDER_ADDR,ORDER_ADDR_DETAIL,ORDER_PLACE,ORDER_REQUEST,CONDITION,REVIEW_STATUS,USAGE_AMOUNT,AMOUNT) values ('22121671653560',1,85,'콜라비 1개입','kohlrabi_2022_12_12_083431.jpg',2390,5,'익숙한 맛의 이색 채소, 콜라비',2390,'주문 완료',0,37785,44740,'카드 결제','스누피','01012345678',to_date('22/12/16','RR/MM/DD'),'서울 강남구 테헤란로 105','스누피 하우스','문 앞',null,'냉장','N',1000,2645);
Insert into COLLABEE.VIEW_MYORDERLIST (ORDER_NUM,MEMBER_NUM,PRODUCT_NUM,PRODUCT_NAME,THUM_SYS_FILENAME,PRICE,COUNT,DESCRIPTION,SALEPRICE,DELIVERY_STATUS,DELIVERY_FEE,TOT_PRICE,TOT_GOODSPRICE,PT_DETAILNAME,ORDER_NAME,ORDER_PHONE,ORDER_DATE,ORDER_ADDR,ORDER_ADDR_DETAIL,ORDER_PLACE,ORDER_REQUEST,CONDITION,REVIEW_STATUS,USAGE_AMOUNT,AMOUNT) values ('22121671653560',1,85,'콜라비 1개입','kohlrabi_2022_12_12_083431.jpg',2390,5,'익숙한 맛의 이색 채소, 콜라비',2390,'주문 완료',0,37785,44740,'카드 결제','스누피','01012345678',to_date('22/12/16','RR/MM/DD'),'서울 강남구 테헤란로 105','스누피 하우스','문 앞',null,'냉장','N',1000,1000);
Insert into COLLABEE.VIEW_MYORDERLIST (ORDER_NUM,MEMBER_NUM,PRODUCT_NUM,PRODUCT_NAME,THUM_SYS_FILENAME,PRICE,COUNT,DESCRIPTION,SALEPRICE,DELIVERY_STATUS,DELIVERY_FEE,TOT_PRICE,TOT_GOODSPRICE,PT_DETAILNAME,ORDER_NAME,ORDER_PHONE,ORDER_DATE,ORDER_ADDR,ORDER_ADDR_DETAIL,ORDER_PLACE,ORDER_REQUEST,CONDITION,REVIEW_STATUS,USAGE_AMOUNT,AMOUNT) values ('22121515706723',1,85,'콜라비 1개입','kohlrabi_2022_12_12_083431.jpg',2390,1,'익숙한 맛의 이색 채소, 콜라비',2390,'주문 완료',0,55990,61990,'네이버 페이','스누피','01012345678',to_date('22/12/15','RR/MM/DD'),'서울 송파구 동남로 99','집','문 앞',null,'냉장','N',0,3919);
Insert into COLLABEE.VIEW_MYORDERLIST (ORDER_NUM,MEMBER_NUM,PRODUCT_NUM,PRODUCT_NAME,THUM_SYS_FILENAME,PRICE,COUNT,DESCRIPTION,SALEPRICE,DELIVERY_STATUS,DELIVERY_FEE,TOT_PRICE,TOT_GOODSPRICE,PT_DETAILNAME,ORDER_NAME,ORDER_PHONE,ORDER_DATE,ORDER_ADDR,ORDER_ADDR_DETAIL,ORDER_PLACE,ORDER_REQUEST,CONDITION,REVIEW_STATUS,USAGE_AMOUNT,AMOUNT) values ('22121671653560',1,84,'친환경 브로콜리 1개입','broccoli_2022_12_12_083119.jpg',4690,1,'풍부한 영양이 담긴 초록 꽃송이',4240,'주문 완료',0,37785,44740,'카드 결제','스누피','01012345678',to_date('22/12/16','RR/MM/DD'),'서울 강남구 테헤란로 105','스누피 하우스','문 앞',null,'냉장','N',1000,2645);
Insert into COLLABEE.VIEW_MYORDERLIST (ORDER_NUM,MEMBER_NUM,PRODUCT_NUM,PRODUCT_NAME,THUM_SYS_FILENAME,PRICE,COUNT,DESCRIPTION,SALEPRICE,DELIVERY_STATUS,DELIVERY_FEE,TOT_PRICE,TOT_GOODSPRICE,PT_DETAILNAME,ORDER_NAME,ORDER_PHONE,ORDER_DATE,ORDER_ADDR,ORDER_ADDR_DETAIL,ORDER_PLACE,ORDER_REQUEST,CONDITION,REVIEW_STATUS,USAGE_AMOUNT,AMOUNT) values ('22121671653560',1,84,'친환경 브로콜리 1개입','broccoli_2022_12_12_083119.jpg',4690,1,'풍부한 영양이 담긴 초록 꽃송이',4240,'주문 완료',0,37785,44740,'카드 결제','스누피','01012345678',to_date('22/12/16','RR/MM/DD'),'서울 강남구 테헤란로 105','스누피 하우스','문 앞',null,'냉장','N',1000,1000);
Insert into COLLABEE.VIEW_MYORDERLIST (ORDER_NUM,MEMBER_NUM,PRODUCT_NUM,PRODUCT_NAME,THUM_SYS_FILENAME,PRICE,COUNT,DESCRIPTION,SALEPRICE,DELIVERY_STATUS,DELIVERY_FEE,TOT_PRICE,TOT_GOODSPRICE,PT_DETAILNAME,ORDER_NAME,ORDER_PHONE,ORDER_DATE,ORDER_ADDR,ORDER_ADDR_DETAIL,ORDER_PLACE,ORDER_REQUEST,CONDITION,REVIEW_STATUS,USAGE_AMOUNT,AMOUNT) values ('22121553651711',110,84,'친환경 브로콜리 1개입','broccoli_2022_12_12_083119.jpg',4690,1,'풍부한 영양이 담긴 초록 꽃송이',4240,'주문 완료',0,81000,88990,'카드 결제','임수징','01044444444',to_date('22/12/15','RR/MM/DD'),'서울 강남구 가로수길 5','삼원','문 앞',null,'냉장','Y',2085,810);
Insert into COLLABEE.VIEW_MYORDERLIST (ORDER_NUM,MEMBER_NUM,PRODUCT_NUM,PRODUCT_NAME,THUM_SYS_FILENAME,PRICE,COUNT,DESCRIPTION,SALEPRICE,DELIVERY_STATUS,DELIVERY_FEE,TOT_PRICE,TOT_GOODSPRICE,PT_DETAILNAME,ORDER_NAME,ORDER_PHONE,ORDER_DATE,ORDER_ADDR,ORDER_ADDR_DETAIL,ORDER_PLACE,ORDER_REQUEST,CONDITION,REVIEW_STATUS,USAGE_AMOUNT,AMOUNT) values ('22121553651711',110,84,'친환경 브로콜리 1개입','broccoli_2022_12_12_083119.jpg',4690,1,'풍부한 영양이 담긴 초록 꽃송이',4240,'주문 완료',0,81000,88990,'카드 결제','임수징','01044444444',to_date('22/12/15','RR/MM/DD'),'서울 강남구 가로수길 5','삼원','문 앞',null,'냉장','Y',2085,2085);
Insert into COLLABEE.VIEW_MYORDERLIST (ORDER_NUM,MEMBER_NUM,PRODUCT_NUM,PRODUCT_NAME,THUM_SYS_FILENAME,PRICE,COUNT,DESCRIPTION,SALEPRICE,DELIVERY_STATUS,DELIVERY_FEE,TOT_PRICE,TOT_GOODSPRICE,PT_DETAILNAME,ORDER_NAME,ORDER_PHONE,ORDER_DATE,ORDER_ADDR,ORDER_ADDR_DETAIL,ORDER_PLACE,ORDER_REQUEST,CONDITION,REVIEW_STATUS,USAGE_AMOUNT,AMOUNT) values ('22121431727014',110,84,'친환경 브로콜리 1개입','broccoli_2022_12_12_083119.jpg',4690,6,'풍부한 영양이 담긴 초록 꽃송이',4240,'주문 완료',0,112740,117240,'네이버 페이','임수진','01044444444',to_date('22/10/14','RR/MM/DD'),'경기 광주시 경안로 5','젤존빌딩z','문 앞',null,'냉장','N',0,1127);
Insert into COLLABEE.VIEW_MYORDERLIST (ORDER_NUM,MEMBER_NUM,PRODUCT_NUM,PRODUCT_NAME,THUM_SYS_FILENAME,PRICE,COUNT,DESCRIPTION,SALEPRICE,DELIVERY_STATUS,DELIVERY_FEE,TOT_PRICE,TOT_GOODSPRICE,PT_DETAILNAME,ORDER_NAME,ORDER_PHONE,ORDER_DATE,ORDER_ADDR,ORDER_ADDR_DETAIL,ORDER_PLACE,ORDER_REQUEST,CONDITION,REVIEW_STATUS,USAGE_AMOUNT,AMOUNT) values ('22121462557602',1,83,'금실 딸기 500g','strawberry_2022_12_12_081718.jpg',17900,5,'탄탄한 과육을 뽐내는 금실딸기',12530,'주문 완료',0,62650,89500,'네이버 페이','스누피','01012345678',to_date('22/12/14','RR/MM/DD'),'제주특별자치도 서귀포시 가가로 14','스누피 하우스','문 앞',null,'냉장','N',0,4386);
Insert into COLLABEE.VIEW_MYORDERLIST (ORDER_NUM,MEMBER_NUM,PRODUCT_NUM,PRODUCT_NAME,THUM_SYS_FILENAME,PRICE,COUNT,DESCRIPTION,SALEPRICE,DELIVERY_STATUS,DELIVERY_FEE,TOT_PRICE,TOT_GOODSPRICE,PT_DETAILNAME,ORDER_NAME,ORDER_PHONE,ORDER_DATE,ORDER_ADDR,ORDER_ADDR_DETAIL,ORDER_PLACE,ORDER_REQUEST,CONDITION,REVIEW_STATUS,USAGE_AMOUNT,AMOUNT) values ('22121631323024',1,83,'금실 딸기 500g','strawberry_2022_12_12_081718.jpg',17900,1,'탄탄한 과육을 뽐내는 금실딸기',12530,'주문 완료',0,12530,17900,'휴대폰 결제','스누피','01012345678',to_date('22/12/16','RR/MM/DD'),'서울 강남구 테헤란로 105','스누피 하우스','문 앞',null,'냉장','N',0,877);
Insert into COLLABEE.VIEW_MYORDERLIST (ORDER_NUM,MEMBER_NUM,PRODUCT_NUM,PRODUCT_NAME,THUM_SYS_FILENAME,PRICE,COUNT,DESCRIPTION,SALEPRICE,DELIVERY_STATUS,DELIVERY_FEE,TOT_PRICE,TOT_GOODSPRICE,PT_DETAILNAME,ORDER_NAME,ORDER_PHONE,ORDER_DATE,ORDER_ADDR,ORDER_ADDR_DETAIL,ORDER_PLACE,ORDER_REQUEST,CONDITION,REVIEW_STATUS,USAGE_AMOUNT,AMOUNT) values ('22121515706723',1,82,'향기가득 샤인머스캣 700g','shinemuscat_2022_12_12_081548.jpg',13900,2,'달콤한 향미 가득 연둣빛 포도',13900,'주문 완료',0,55990,61990,'네이버 페이','스누피','01012345678',to_date('22/12/15','RR/MM/DD'),'서울 송파구 동남로 99','집','문 앞',null,'냉장','N',0,3919);
Insert into COLLABEE.VIEW_MYORDERLIST (ORDER_NUM,MEMBER_NUM,PRODUCT_NUM,PRODUCT_NAME,THUM_SYS_FILENAME,PRICE,COUNT,DESCRIPTION,SALEPRICE,DELIVERY_STATUS,DELIVERY_FEE,TOT_PRICE,TOT_GOODSPRICE,PT_DETAILNAME,ORDER_NAME,ORDER_PHONE,ORDER_DATE,ORDER_ADDR,ORDER_ADDR_DETAIL,ORDER_PLACE,ORDER_REQUEST,CONDITION,REVIEW_STATUS,USAGE_AMOUNT,AMOUNT) values ('22121562335641',1,82,'향기가득 샤인머스캣 700g','shinemuscat_2022_12_12_081548.jpg',13900,2,'달콤한 향미 가득 연둣빛 포도',13900,'주문 완료',0,42300,53300,'카드 결제','스누피','01012345678',to_date('22/12/15','RR/MM/DD'),'서울 송파구 동남로 99','집','경비실','놓고가주세요','냉장','Y',1000,1000);
Insert into COLLABEE.VIEW_MYORDERLIST (ORDER_NUM,MEMBER_NUM,PRODUCT_NUM,PRODUCT_NAME,THUM_SYS_FILENAME,PRICE,COUNT,DESCRIPTION,SALEPRICE,DELIVERY_STATUS,DELIVERY_FEE,TOT_PRICE,TOT_GOODSPRICE,PT_DETAILNAME,ORDER_NAME,ORDER_PHONE,ORDER_DATE,ORDER_ADDR,ORDER_ADDR_DETAIL,ORDER_PLACE,ORDER_REQUEST,CONDITION,REVIEW_STATUS,USAGE_AMOUNT,AMOUNT) values ('22121461023252',110,82,'향기가득 샤인머스캣 700g','shinemuscat_2022_12_12_081548.jpg',13900,6,'달콤한 향미 가득 연둣빛 포도',13900,'주문 완료',0,83100,83400,'카드 결제','임수진','01044444444',to_date('22/12/14','RR/MM/DD'),'경기 광주시 경안로 5','젤존빌딩z','문 앞',null,'냉장','N',300,300);
Insert into COLLABEE.VIEW_MYORDERLIST (ORDER_NUM,MEMBER_NUM,PRODUCT_NUM,PRODUCT_NAME,THUM_SYS_FILENAME,PRICE,COUNT,DESCRIPTION,SALEPRICE,DELIVERY_STATUS,DELIVERY_FEE,TOT_PRICE,TOT_GOODSPRICE,PT_DETAILNAME,ORDER_NAME,ORDER_PHONE,ORDER_DATE,ORDER_ADDR,ORDER_ADDR_DETAIL,ORDER_PLACE,ORDER_REQUEST,CONDITION,REVIEW_STATUS,USAGE_AMOUNT,AMOUNT) values ('22121461023252',110,82,'향기가득 샤인머스캣 700g','shinemuscat_2022_12_12_081548.jpg',13900,6,'달콤한 향미 가득 연둣빛 포도',13900,'주문 완료',0,83100,83400,'카드 결제','임수진','01044444444',to_date('22/12/14','RR/MM/DD'),'경기 광주시 경안로 5','젤존빌딩z','문 앞',null,'냉장','N',300,831);
Insert into COLLABEE.VIEW_MYORDERLIST (ORDER_NUM,MEMBER_NUM,PRODUCT_NUM,PRODUCT_NAME,THUM_SYS_FILENAME,PRICE,COUNT,DESCRIPTION,SALEPRICE,DELIVERY_STATUS,DELIVERY_FEE,TOT_PRICE,TOT_GOODSPRICE,PT_DETAILNAME,ORDER_NAME,ORDER_PHONE,ORDER_DATE,ORDER_ADDR,ORDER_ADDR_DETAIL,ORDER_PLACE,ORDER_REQUEST,CONDITION,REVIEW_STATUS,USAGE_AMOUNT,AMOUNT) values ('22121554765225',104,82,'향기가득 샤인머스캣 700g','shinemuscat_2022_12_12_081548.jpg',13900,1,'달콤한 향미 가득 연둣빛 포도',13900,'주문 완료',0,196500,202500,'네이버 페이','김석기','01051813718',to_date('22/12/15','RR/MM/DD'),'서울 강남구 강남대로 328','1','문 앞',null,'냉장','N',0,13755);
Insert into COLLABEE.VIEW_MYORDERLIST (ORDER_NUM,MEMBER_NUM,PRODUCT_NUM,PRODUCT_NAME,THUM_SYS_FILENAME,PRICE,COUNT,DESCRIPTION,SALEPRICE,DELIVERY_STATUS,DELIVERY_FEE,TOT_PRICE,TOT_GOODSPRICE,PT_DETAILNAME,ORDER_NAME,ORDER_PHONE,ORDER_DATE,ORDER_ADDR,ORDER_ADDR_DETAIL,ORDER_PLACE,ORDER_REQUEST,CONDITION,REVIEW_STATUS,USAGE_AMOUNT,AMOUNT) values ('22121411253074',1,82,'향기가득 샤인머스캣 700g','shinemuscat_2022_12_12_081548.jpg',13900,1,'달콤한 향미 가득 연둣빛 포도',13900,'주문 완료',0,13900,13900,'토스','스누피','01012345678',to_date('22/12/14','RR/MM/DD'),'제주특별자치도 서귀포시 가가로 14','스누피 하우스','문 앞',null,'냉장','N',0,973);
Insert into COLLABEE.VIEW_MYORDERLIST (ORDER_NUM,MEMBER_NUM,PRODUCT_NUM,PRODUCT_NAME,THUM_SYS_FILENAME,PRICE,COUNT,DESCRIPTION,SALEPRICE,DELIVERY_STATUS,DELIVERY_FEE,TOT_PRICE,TOT_GOODSPRICE,PT_DETAILNAME,ORDER_NAME,ORDER_PHONE,ORDER_DATE,ORDER_ADDR,ORDER_ADDR_DETAIL,ORDER_PLACE,ORDER_REQUEST,CONDITION,REVIEW_STATUS,USAGE_AMOUNT,AMOUNT) values ('22121416133731',1,82,'향기가득 샤인머스캣 700g','shinemuscat_2022_12_12_081548.jpg',13900,5,'달콤한 향미 가득 연둣빛 포도',13900,'주문 완료',0,69500,69500,'카카오 페이','스누피','01012345678',to_date('22/12/14','RR/MM/DD'),'제주특별자치도 서귀포시 가가로 14','스누피 하우스','문 앞',null,'냉장','N',0,4865);
Insert into COLLABEE.VIEW_MYORDERLIST (ORDER_NUM,MEMBER_NUM,PRODUCT_NUM,PRODUCT_NAME,THUM_SYS_FILENAME,PRICE,COUNT,DESCRIPTION,SALEPRICE,DELIVERY_STATUS,DELIVERY_FEE,TOT_PRICE,TOT_GOODSPRICE,PT_DETAILNAME,ORDER_NAME,ORDER_PHONE,ORDER_DATE,ORDER_ADDR,ORDER_ADDR_DETAIL,ORDER_PLACE,ORDER_REQUEST,CONDITION,REVIEW_STATUS,USAGE_AMOUNT,AMOUNT) values ('22121562335641',1,82,'향기가득 샤인머스캣 700g','shinemuscat_2022_12_12_081548.jpg',13900,2,'달콤한 향미 가득 연둣빛 포도',13900,'주문 완료',0,42300,53300,'카드 결제','스누피','01012345678',to_date('22/12/15','RR/MM/DD'),'서울 송파구 동남로 99','집','경비실','놓고가주세요','냉장','Y',1000,2961);
Insert into COLLABEE.VIEW_MYORDERLIST (ORDER_NUM,MEMBER_NUM,PRODUCT_NUM,PRODUCT_NAME,THUM_SYS_FILENAME,PRICE,COUNT,DESCRIPTION,SALEPRICE,DELIVERY_STATUS,DELIVERY_FEE,TOT_PRICE,TOT_GOODSPRICE,PT_DETAILNAME,ORDER_NAME,ORDER_PHONE,ORDER_DATE,ORDER_ADDR,ORDER_ADDR_DETAIL,ORDER_PLACE,ORDER_REQUEST,CONDITION,REVIEW_STATUS,USAGE_AMOUNT,AMOUNT) values ('22121465246143',1,81,'제주 무농약 노지 감귤 2kg','mandarin_2022_12_12_081406.jpg',11700,1,'부드럽고 달콤한 무농약 감귤',9945,'주문 완료',0,262495,342300,'카카오 페이','스누피','01012345678',to_date('22/12/14','RR/MM/DD'),'제주특별자치도 서귀포시 가가로 14','스누피 하우스','문 앞',null,'냉장','N',0,18375);
Insert into COLLABEE.VIEW_MYORDERLIST (ORDER_NUM,MEMBER_NUM,PRODUCT_NUM,PRODUCT_NAME,THUM_SYS_FILENAME,PRICE,COUNT,DESCRIPTION,SALEPRICE,DELIVERY_STATUS,DELIVERY_FEE,TOT_PRICE,TOT_GOODSPRICE,PT_DETAILNAME,ORDER_NAME,ORDER_PHONE,ORDER_DATE,ORDER_ADDR,ORDER_ADDR_DETAIL,ORDER_PLACE,ORDER_REQUEST,CONDITION,REVIEW_STATUS,USAGE_AMOUNT,AMOUNT) values ('22121553651711',110,81,'제주 무농약 노지 감귤 2kg','mandarin_2022_12_12_081406.jpg',11700,1,'부드럽고 달콤한 무농약 감귤',9945,'주문 완료',0,81000,88990,'카드 결제','임수징','01044444444',to_date('22/12/15','RR/MM/DD'),'서울 강남구 가로수길 5','삼원','문 앞',null,'냉장','Y',2085,2085);
Insert into COLLABEE.VIEW_MYORDERLIST (ORDER_NUM,MEMBER_NUM,PRODUCT_NUM,PRODUCT_NAME,THUM_SYS_FILENAME,PRICE,COUNT,DESCRIPTION,SALEPRICE,DELIVERY_STATUS,DELIVERY_FEE,TOT_PRICE,TOT_GOODSPRICE,PT_DETAILNAME,ORDER_NAME,ORDER_PHONE,ORDER_DATE,ORDER_ADDR,ORDER_ADDR_DETAIL,ORDER_PLACE,ORDER_REQUEST,CONDITION,REVIEW_STATUS,USAGE_AMOUNT,AMOUNT) values ('22121553651711',110,81,'제주 무농약 노지 감귤 2kg','mandarin_2022_12_12_081406.jpg',11700,1,'부드럽고 달콤한 무농약 감귤',9945,'주문 완료',0,81000,88990,'카드 결제','임수징','01044444444',to_date('22/12/15','RR/MM/DD'),'서울 강남구 가로수길 5','삼원','문 앞',null,'냉장','Y',2085,810);
Insert into COLLABEE.VIEW_MYORDERLIST (ORDER_NUM,MEMBER_NUM,PRODUCT_NUM,PRODUCT_NAME,THUM_SYS_FILENAME,PRICE,COUNT,DESCRIPTION,SALEPRICE,DELIVERY_STATUS,DELIVERY_FEE,TOT_PRICE,TOT_GOODSPRICE,PT_DETAILNAME,ORDER_NAME,ORDER_PHONE,ORDER_DATE,ORDER_ADDR,ORDER_ADDR_DETAIL,ORDER_PLACE,ORDER_REQUEST,CONDITION,REVIEW_STATUS,USAGE_AMOUNT,AMOUNT) values ('22121671653560',1,81,'제주 무농약 노지 감귤 2kg','mandarin_2022_12_12_081406.jpg',11700,1,'부드럽고 달콤한 무농약 감귤',9945,'주문 완료',0,37785,44740,'카드 결제','스누피','01012345678',to_date('22/12/16','RR/MM/DD'),'서울 강남구 테헤란로 105','스누피 하우스','문 앞',null,'냉장','N',1000,1000);
Insert into COLLABEE.VIEW_MYORDERLIST (ORDER_NUM,MEMBER_NUM,PRODUCT_NUM,PRODUCT_NAME,THUM_SYS_FILENAME,PRICE,COUNT,DESCRIPTION,SALEPRICE,DELIVERY_STATUS,DELIVERY_FEE,TOT_PRICE,TOT_GOODSPRICE,PT_DETAILNAME,ORDER_NAME,ORDER_PHONE,ORDER_DATE,ORDER_ADDR,ORDER_ADDR_DETAIL,ORDER_PLACE,ORDER_REQUEST,CONDITION,REVIEW_STATUS,USAGE_AMOUNT,AMOUNT) values ('22121671653560',1,81,'제주 무농약 노지 감귤 2kg','mandarin_2022_12_12_081406.jpg',11700,1,'부드럽고 달콤한 무농약 감귤',9945,'주문 완료',0,37785,44740,'카드 결제','스누피','01012345678',to_date('22/12/16','RR/MM/DD'),'서울 강남구 테헤란로 105','스누피 하우스','문 앞',null,'냉장','N',1000,2645);
Insert into COLLABEE.VIEW_MYORDERLIST (ORDER_NUM,MEMBER_NUM,PRODUCT_NUM,PRODUCT_NAME,THUM_SYS_FILENAME,PRICE,COUNT,DESCRIPTION,SALEPRICE,DELIVERY_STATUS,DELIVERY_FEE,TOT_PRICE,TOT_GOODSPRICE,PT_DETAILNAME,ORDER_NAME,ORDER_PHONE,ORDER_DATE,ORDER_ADDR,ORDER_ADDR_DETAIL,ORDER_PLACE,ORDER_REQUEST,CONDITION,REVIEW_STATUS,USAGE_AMOUNT,AMOUNT) values ('22121444355400',110,81,'제주 무농약 노지 감귤 2kg','mandarin_2022_12_12_081406.jpg',11700,1,'부드럽고 달콤한 무농약 감귤',9945,'주문 완료',0,14895,17200,'네이버 페이','임수진','01044444444',to_date('22/07/14','RR/MM/DD'),'경기 광주시 경안로 5','젤존빌딩z','문 앞',null,'냉장','N',0,149);
Insert into COLLABEE.VIEW_MYORDERLIST (ORDER_NUM,MEMBER_NUM,PRODUCT_NUM,PRODUCT_NAME,THUM_SYS_FILENAME,PRICE,COUNT,DESCRIPTION,SALEPRICE,DELIVERY_STATUS,DELIVERY_FEE,TOT_PRICE,TOT_GOODSPRICE,PT_DETAILNAME,ORDER_NAME,ORDER_PHONE,ORDER_DATE,ORDER_ADDR,ORDER_ADDR_DETAIL,ORDER_PLACE,ORDER_REQUEST,CONDITION,REVIEW_STATUS,USAGE_AMOUNT,AMOUNT) values ('22121471054026',110,72,'짱구김 4g X 16봉 (스티커 3개 랜덤 증정)','seaweed_2022_12_07_070225.jpg',8900,1,'귀여운 스티커와 함께 즐거운 식사',8900,'주문 완료',0,50900,50900,'카카오 페이','임수진','01044444444',to_date('22/12/14','RR/MM/DD'),'경기 광주시 경안로 5','젤존빌딩z','문 앞',null,'상온','N',0,509);
Insert into COLLABEE.VIEW_MYORDERLIST (ORDER_NUM,MEMBER_NUM,PRODUCT_NUM,PRODUCT_NAME,THUM_SYS_FILENAME,PRICE,COUNT,DESCRIPTION,SALEPRICE,DELIVERY_STATUS,DELIVERY_FEE,TOT_PRICE,TOT_GOODSPRICE,PT_DETAILNAME,ORDER_NAME,ORDER_PHONE,ORDER_DATE,ORDER_ADDR,ORDER_ADDR_DETAIL,ORDER_PLACE,ORDER_REQUEST,CONDITION,REVIEW_STATUS,USAGE_AMOUNT,AMOUNT) values ('22121671653560',1,72,'짱구김 4g X 16봉 (스티커 3개 랜덤 증정)','seaweed_2022_12_07_070225.jpg',8900,1,'귀여운 스티커와 함께 즐거운 식사',8900,'주문 완료',0,37785,44740,'카드 결제','스누피','01012345678',to_date('22/12/16','RR/MM/DD'),'서울 강남구 테헤란로 105','스누피 하우스','문 앞',null,'상온','N',1000,1000);
Insert into COLLABEE.VIEW_MYORDERLIST (ORDER_NUM,MEMBER_NUM,PRODUCT_NUM,PRODUCT_NAME,THUM_SYS_FILENAME,PRICE,COUNT,DESCRIPTION,SALEPRICE,DELIVERY_STATUS,DELIVERY_FEE,TOT_PRICE,TOT_GOODSPRICE,PT_DETAILNAME,ORDER_NAME,ORDER_PHONE,ORDER_DATE,ORDER_ADDR,ORDER_ADDR_DETAIL,ORDER_PLACE,ORDER_REQUEST,CONDITION,REVIEW_STATUS,USAGE_AMOUNT,AMOUNT) values ('22121440611721',1,72,'짱구김 4g X 16봉 (스티커 3개 랜덤 증정)','seaweed_2022_12_07_070225.jpg',8900,4,'귀여운 스티커와 함께 즐거운 식사',8900,'주문 완료',0,35600,35600,'휴대폰 결제','스누피','01012345678',to_date('22/12/14','RR/MM/DD'),'제주특별자치도 서귀포시 가가로 14','스누피 하우스','문 앞',null,'상온','Y',0,2492);
Insert into COLLABEE.VIEW_MYORDERLIST (ORDER_NUM,MEMBER_NUM,PRODUCT_NUM,PRODUCT_NAME,THUM_SYS_FILENAME,PRICE,COUNT,DESCRIPTION,SALEPRICE,DELIVERY_STATUS,DELIVERY_FEE,TOT_PRICE,TOT_GOODSPRICE,PT_DETAILNAME,ORDER_NAME,ORDER_PHONE,ORDER_DATE,ORDER_ADDR,ORDER_ADDR_DETAIL,ORDER_PLACE,ORDER_REQUEST,CONDITION,REVIEW_STATUS,USAGE_AMOUNT,AMOUNT) values ('22121671653560',1,72,'짱구김 4g X 16봉 (스티커 3개 랜덤 증정)','seaweed_2022_12_07_070225.jpg',8900,1,'귀여운 스티커와 함께 즐거운 식사',8900,'주문 완료',0,37785,44740,'카드 결제','스누피','01012345678',to_date('22/12/16','RR/MM/DD'),'서울 강남구 테헤란로 105','스누피 하우스','문 앞',null,'상온','N',1000,2645);
Insert into COLLABEE.VIEW_MYORDERLIST (ORDER_NUM,MEMBER_NUM,PRODUCT_NUM,PRODUCT_NAME,THUM_SYS_FILENAME,PRICE,COUNT,DESCRIPTION,SALEPRICE,DELIVERY_STATUS,DELIVERY_FEE,TOT_PRICE,TOT_GOODSPRICE,PT_DETAILNAME,ORDER_NAME,ORDER_PHONE,ORDER_DATE,ORDER_ADDR,ORDER_ADDR_DETAIL,ORDER_PLACE,ORDER_REQUEST,CONDITION,REVIEW_STATUS,USAGE_AMOUNT,AMOUNT) values ('22121463125177',110,72,'짱구김 4g X 16봉 (스티커 3개 랜덤 증정)','seaweed_2022_12_07_070225.jpg',8900,5,'귀여운 스티커와 함께 즐거운 식사',8900,'주문 완료',0,296500,296500,'네이버 페이','임수진','01044444444',to_date('22/08/10','RR/MM/DD'),'경기 광주시 경안로 5','젤존빌딩z','문 앞',null,'상온','N',0,2965);
Insert into COLLABEE.VIEW_MYORDERLIST (ORDER_NUM,MEMBER_NUM,PRODUCT_NUM,PRODUCT_NAME,THUM_SYS_FILENAME,PRICE,COUNT,DESCRIPTION,SALEPRICE,DELIVERY_STATUS,DELIVERY_FEE,TOT_PRICE,TOT_GOODSPRICE,PT_DETAILNAME,ORDER_NAME,ORDER_PHONE,ORDER_DATE,ORDER_ADDR,ORDER_ADDR_DETAIL,ORDER_PLACE,ORDER_REQUEST,CONDITION,REVIEW_STATUS,USAGE_AMOUNT,AMOUNT) values ('22121553651711',110,72,'짱구김 4g X 16봉 (스티커 3개 랜덤 증정)','seaweed_2022_12_07_070225.jpg',8900,4,'귀여운 스티커와 함께 즐거운 식사',8900,'주문 완료',0,81000,88990,'카드 결제','임수징','01044444444',to_date('22/12/15','RR/MM/DD'),'서울 강남구 가로수길 5','삼원','문 앞',null,'상온','N',2085,810);
Insert into COLLABEE.VIEW_MYORDERLIST (ORDER_NUM,MEMBER_NUM,PRODUCT_NUM,PRODUCT_NAME,THUM_SYS_FILENAME,PRICE,COUNT,DESCRIPTION,SALEPRICE,DELIVERY_STATUS,DELIVERY_FEE,TOT_PRICE,TOT_GOODSPRICE,PT_DETAILNAME,ORDER_NAME,ORDER_PHONE,ORDER_DATE,ORDER_ADDR,ORDER_ADDR_DETAIL,ORDER_PLACE,ORDER_REQUEST,CONDITION,REVIEW_STATUS,USAGE_AMOUNT,AMOUNT) values ('22121553651711',110,72,'짱구김 4g X 16봉 (스티커 3개 랜덤 증정)','seaweed_2022_12_07_070225.jpg',8900,4,'귀여운 스티커와 함께 즐거운 식사',8900,'주문 완료',0,81000,88990,'카드 결제','임수징','01044444444',to_date('22/12/15','RR/MM/DD'),'서울 강남구 가로수길 5','삼원','문 앞',null,'상온','N',2085,2085);
Insert into COLLABEE.VIEW_MYORDERLIST (ORDER_NUM,MEMBER_NUM,PRODUCT_NUM,PRODUCT_NAME,THUM_SYS_FILENAME,PRICE,COUNT,DESCRIPTION,SALEPRICE,DELIVERY_STATUS,DELIVERY_FEE,TOT_PRICE,TOT_GOODSPRICE,PT_DETAILNAME,ORDER_NAME,ORDER_PHONE,ORDER_DATE,ORDER_ADDR,ORDER_ADDR_DETAIL,ORDER_PLACE,ORDER_REQUEST,CONDITION,REVIEW_STATUS,USAGE_AMOUNT,AMOUNT) values ('22121562661326',104,72,'짱구김 4g X 16봉 (스티커 3개 랜덤 증정)','seaweed_2022_12_07_070225.jpg',8900,3,'귀여운 스티커와 함께 즐거운 식사',8900,'주문 완료',0,26700,26700,'네이버 페이','김석기','01051813718',to_date('22/12/15','RR/MM/DD'),'서울 강남구 강남대로 328','1','문 앞',null,'상온','Y',0,1869);
Insert into COLLABEE.VIEW_MYORDERLIST (ORDER_NUM,MEMBER_NUM,PRODUCT_NUM,PRODUCT_NAME,THUM_SYS_FILENAME,PRICE,COUNT,DESCRIPTION,SALEPRICE,DELIVERY_STATUS,DELIVERY_FEE,TOT_PRICE,TOT_GOODSPRICE,PT_DETAILNAME,ORDER_NAME,ORDER_PHONE,ORDER_DATE,ORDER_ADDR,ORDER_ADDR_DETAIL,ORDER_PLACE,ORDER_REQUEST,CONDITION,REVIEW_STATUS,USAGE_AMOUNT,AMOUNT) values ('22121554765225',104,72,'짱구김 4g X 16봉 (스티커 3개 랜덤 증정)','seaweed_2022_12_07_070225.jpg',8900,12,'귀여운 스티커와 함께 즐거운 식사',8900,'주문 완료',0,196500,202500,'네이버 페이','김석기','01051813718',to_date('22/12/15','RR/MM/DD'),'서울 강남구 강남대로 328','1','문 앞',null,'상온','Y',0,13755);
Insert into COLLABEE.VIEW_MYORDERLIST (ORDER_NUM,MEMBER_NUM,PRODUCT_NUM,PRODUCT_NAME,THUM_SYS_FILENAME,PRICE,COUNT,DESCRIPTION,SALEPRICE,DELIVERY_STATUS,DELIVERY_FEE,TOT_PRICE,TOT_GOODSPRICE,PT_DETAILNAME,ORDER_NAME,ORDER_PHONE,ORDER_DATE,ORDER_ADDR,ORDER_ADDR_DETAIL,ORDER_PLACE,ORDER_REQUEST,CONDITION,REVIEW_STATUS,USAGE_AMOUNT,AMOUNT) values ('22121465246143',1,72,'짱구김 4g X 16봉 (스티커 3개 랜덤 증정)','seaweed_2022_12_07_070225.jpg',8900,4,'귀여운 스티커와 함께 즐거운 식사',8900,'주문 완료',0,262495,342300,'카카오 페이','스누피','01012345678',to_date('22/12/14','RR/MM/DD'),'제주특별자치도 서귀포시 가가로 14','스누피 하우스','문 앞',null,'상온','Y',0,18375);
Insert into COLLABEE.VIEW_MYORDERLIST (ORDER_NUM,MEMBER_NUM,PRODUCT_NUM,PRODUCT_NAME,THUM_SYS_FILENAME,PRICE,COUNT,DESCRIPTION,SALEPRICE,DELIVERY_STATUS,DELIVERY_FEE,TOT_PRICE,TOT_GOODSPRICE,PT_DETAILNAME,ORDER_NAME,ORDER_PHONE,ORDER_DATE,ORDER_ADDR,ORDER_ADDR_DETAIL,ORDER_PLACE,ORDER_REQUEST,CONDITION,REVIEW_STATUS,USAGE_AMOUNT,AMOUNT) values ('22121413440003',110,71,'[만선] 남해안 왕바지락 500g (생물)','Clam_2022_12_07_052500.jpg',8500,1,'통통한 속살을 품은 바지락',7650,'주문 완료',3000,2450,11300,'네이버 페이','임수진','01044444444',to_date('22/09/10','RR/MM/DD'),'경기 광주시 경안로 5','젤존빌딩z','문 앞',null,'냉장','N',1000,1000);
Insert into COLLABEE.VIEW_MYORDERLIST (ORDER_NUM,MEMBER_NUM,PRODUCT_NUM,PRODUCT_NAME,THUM_SYS_FILENAME,PRICE,COUNT,DESCRIPTION,SALEPRICE,DELIVERY_STATUS,DELIVERY_FEE,TOT_PRICE,TOT_GOODSPRICE,PT_DETAILNAME,ORDER_NAME,ORDER_PHONE,ORDER_DATE,ORDER_ADDR,ORDER_ADDR_DETAIL,ORDER_PLACE,ORDER_REQUEST,CONDITION,REVIEW_STATUS,USAGE_AMOUNT,AMOUNT) values ('22121413440003',110,71,'[만선] 남해안 왕바지락 500g (생물)','Clam_2022_12_07_052500.jpg',8500,1,'통통한 속살을 품은 바지락',7650,'주문 완료',3000,2450,11300,'네이버 페이','임수진','01044444444',to_date('22/09/10','RR/MM/DD'),'경기 광주시 경안로 5','젤존빌딩z','문 앞',null,'냉장','N',1000,-5);
Insert into COLLABEE.VIEW_MYORDERLIST (ORDER_NUM,MEMBER_NUM,PRODUCT_NUM,PRODUCT_NAME,THUM_SYS_FILENAME,PRICE,COUNT,DESCRIPTION,SALEPRICE,DELIVERY_STATUS,DELIVERY_FEE,TOT_PRICE,TOT_GOODSPRICE,PT_DETAILNAME,ORDER_NAME,ORDER_PHONE,ORDER_DATE,ORDER_ADDR,ORDER_ADDR_DETAIL,ORDER_PLACE,ORDER_REQUEST,CONDITION,REVIEW_STATUS,USAGE_AMOUNT,AMOUNT) values ('22121457661764',1,70,'친환경 애호박 1개입','pumpkin_2022_12_07_035816.jpg',3000,5,'구워 먹어도 나물로 무쳐 먹어도 맛있는 만능 채소 애호박 (1개)',2700,'주문 완료',0,13500,15000,'네이버 페이','스누피','01012345678',to_date('22/12/14','RR/MM/DD'),'제주특별자치도 서귀포시 가가로 14','스누피 하우스','문 앞',null,'냉장','Y',0,945);
Insert into COLLABEE.VIEW_MYORDERLIST (ORDER_NUM,MEMBER_NUM,PRODUCT_NUM,PRODUCT_NAME,THUM_SYS_FILENAME,PRICE,COUNT,DESCRIPTION,SALEPRICE,DELIVERY_STATUS,DELIVERY_FEE,TOT_PRICE,TOT_GOODSPRICE,PT_DETAILNAME,ORDER_NAME,ORDER_PHONE,ORDER_DATE,ORDER_ADDR,ORDER_ADDR_DETAIL,ORDER_PLACE,ORDER_REQUEST,CONDITION,REVIEW_STATUS,USAGE_AMOUNT,AMOUNT) values ('22121416265307',1,70,'친환경 애호박 1개입','pumpkin_2022_12_07_035816.jpg',3000,1,'구워 먹어도 나물로 무쳐 먹어도 맛있는 만능 채소 애호박 (1개)',2700,'주문 완료',3000,5700,3000,'휴대폰 결제','스누피','01012345678',to_date('22/12/14','RR/MM/DD'),'제주특별자치도 서귀포시 가가로 14','스누피 하우스','문 앞',null,'냉장','Y',0,189);
Insert into COLLABEE.VIEW_MYORDERLIST (ORDER_NUM,MEMBER_NUM,PRODUCT_NUM,PRODUCT_NAME,THUM_SYS_FILENAME,PRICE,COUNT,DESCRIPTION,SALEPRICE,DELIVERY_STATUS,DELIVERY_FEE,TOT_PRICE,TOT_GOODSPRICE,PT_DETAILNAME,ORDER_NAME,ORDER_PHONE,ORDER_DATE,ORDER_ADDR,ORDER_ADDR_DETAIL,ORDER_PLACE,ORDER_REQUEST,CONDITION,REVIEW_STATUS,USAGE_AMOUNT,AMOUNT) values ('22121431727014',110,70,'친환경 애호박 1개입','pumpkin_2022_12_07_035816.jpg',3000,6,'구워 먹어도 나물로 무쳐 먹어도 맛있는 만능 채소 애호박 (1개)',2700,'주문 완료',0,112740,117240,'네이버 페이','임수진','01044444444',to_date('22/10/14','RR/MM/DD'),'경기 광주시 경안로 5','젤존빌딩z','문 앞',null,'냉장','N',0,1127);
Insert into COLLABEE.VIEW_MYORDERLIST (ORDER_NUM,MEMBER_NUM,PRODUCT_NUM,PRODUCT_NAME,THUM_SYS_FILENAME,PRICE,COUNT,DESCRIPTION,SALEPRICE,DELIVERY_STATUS,DELIVERY_FEE,TOT_PRICE,TOT_GOODSPRICE,PT_DETAILNAME,ORDER_NAME,ORDER_PHONE,ORDER_DATE,ORDER_ADDR,ORDER_ADDR_DETAIL,ORDER_PLACE,ORDER_REQUEST,CONDITION,REVIEW_STATUS,USAGE_AMOUNT,AMOUNT) values ('22121562335641',1,68,'[픽어베이글] 베이글 8종','bagle_2022_12_07_030004.jpg',2800,3,'뉴욕에서 맛본 바로 그 맛',2800,'주문 완료',0,42300,53300,'카드 결제','스누피','01012345678',to_date('22/12/15','RR/MM/DD'),'서울 송파구 동남로 99','집','경비실','놓고가주세요','상온','N',1000,2961);
Insert into COLLABEE.VIEW_MYORDERLIST (ORDER_NUM,MEMBER_NUM,PRODUCT_NUM,PRODUCT_NAME,THUM_SYS_FILENAME,PRICE,COUNT,DESCRIPTION,SALEPRICE,DELIVERY_STATUS,DELIVERY_FEE,TOT_PRICE,TOT_GOODSPRICE,PT_DETAILNAME,ORDER_NAME,ORDER_PHONE,ORDER_DATE,ORDER_ADDR,ORDER_ADDR_DETAIL,ORDER_PLACE,ORDER_REQUEST,CONDITION,REVIEW_STATUS,USAGE_AMOUNT,AMOUNT) values ('22121417631706',110,68,'[픽어베이글] 베이글 8종','bagle_2022_12_07_030004.jpg',2800,10,'뉴욕에서 맛본 바로 그 맛',2800,'주문 완료',0,46900,46900,'네이버 페이','임수진','01044444444',to_date('22/08/14','RR/MM/DD'),'경기 광주시 경안로 5','젤존빌딩z','문 앞',null,'상온','N',0,469);
Insert into COLLABEE.VIEW_MYORDERLIST (ORDER_NUM,MEMBER_NUM,PRODUCT_NUM,PRODUCT_NAME,THUM_SYS_FILENAME,PRICE,COUNT,DESCRIPTION,SALEPRICE,DELIVERY_STATUS,DELIVERY_FEE,TOT_PRICE,TOT_GOODSPRICE,PT_DETAILNAME,ORDER_NAME,ORDER_PHONE,ORDER_DATE,ORDER_ADDR,ORDER_ADDR_DETAIL,ORDER_PLACE,ORDER_REQUEST,CONDITION,REVIEW_STATUS,USAGE_AMOUNT,AMOUNT) values ('22121401761526',1,68,'[픽어베이글] 베이글 8종','bagle_2022_12_07_030004.jpg',2800,5,'뉴욕에서 맛본 바로 그 맛',2800,'주문 완료',0,14000,14000,'카카오 페이','스누피','01012345678',to_date('22/12/14','RR/MM/DD'),'제주특별자치도 서귀포시 가가로 14','스누피 하우스','문 앞',null,'상온','N',0,980);
Insert into COLLABEE.VIEW_MYORDERLIST (ORDER_NUM,MEMBER_NUM,PRODUCT_NUM,PRODUCT_NAME,THUM_SYS_FILENAME,PRICE,COUNT,DESCRIPTION,SALEPRICE,DELIVERY_STATUS,DELIVERY_FEE,TOT_PRICE,TOT_GOODSPRICE,PT_DETAILNAME,ORDER_NAME,ORDER_PHONE,ORDER_DATE,ORDER_ADDR,ORDER_ADDR_DETAIL,ORDER_PLACE,ORDER_REQUEST,CONDITION,REVIEW_STATUS,USAGE_AMOUNT,AMOUNT) values ('22121413440003',110,68,'[픽어베이글] 베이글 8종','bagle_2022_12_07_030004.jpg',2800,1,'뉴욕에서 맛본 바로 그 맛',2800,'주문 완료',3000,2450,11300,'네이버 페이','임수진','01044444444',to_date('22/09/10','RR/MM/DD'),'경기 광주시 경안로 5','젤존빌딩z','문 앞',null,'상온','N',1000,-5);
Insert into COLLABEE.VIEW_MYORDERLIST (ORDER_NUM,MEMBER_NUM,PRODUCT_NUM,PRODUCT_NAME,THUM_SYS_FILENAME,PRICE,COUNT,DESCRIPTION,SALEPRICE,DELIVERY_STATUS,DELIVERY_FEE,TOT_PRICE,TOT_GOODSPRICE,PT_DETAILNAME,ORDER_NAME,ORDER_PHONE,ORDER_DATE,ORDER_ADDR,ORDER_ADDR_DETAIL,ORDER_PLACE,ORDER_REQUEST,CONDITION,REVIEW_STATUS,USAGE_AMOUNT,AMOUNT) values ('22121562335641',1,68,'[픽어베이글] 베이글 8종','bagle_2022_12_07_030004.jpg',2800,3,'뉴욕에서 맛본 바로 그 맛',2800,'주문 완료',0,42300,53300,'카드 결제','스누피','01012345678',to_date('22/12/15','RR/MM/DD'),'서울 송파구 동남로 99','집','경비실','놓고가주세요','상온','N',1000,1000);
Insert into COLLABEE.VIEW_MYORDERLIST (ORDER_NUM,MEMBER_NUM,PRODUCT_NUM,PRODUCT_NAME,THUM_SYS_FILENAME,PRICE,COUNT,DESCRIPTION,SALEPRICE,DELIVERY_STATUS,DELIVERY_FEE,TOT_PRICE,TOT_GOODSPRICE,PT_DETAILNAME,ORDER_NAME,ORDER_PHONE,ORDER_DATE,ORDER_ADDR,ORDER_ADDR_DETAIL,ORDER_PLACE,ORDER_REQUEST,CONDITION,REVIEW_STATUS,USAGE_AMOUNT,AMOUNT) values ('22121413440003',110,68,'[픽어베이글] 베이글 8종','bagle_2022_12_07_030004.jpg',2800,1,'뉴욕에서 맛본 바로 그 맛',2800,'주문 완료',3000,2450,11300,'네이버 페이','임수진','01044444444',to_date('22/09/10','RR/MM/DD'),'경기 광주시 경안로 5','젤존빌딩z','문 앞',null,'상온','N',1000,1000);
Insert into COLLABEE.VIEW_MYORDERLIST (ORDER_NUM,MEMBER_NUM,PRODUCT_NUM,PRODUCT_NAME,THUM_SYS_FILENAME,PRICE,COUNT,DESCRIPTION,SALEPRICE,DELIVERY_STATUS,DELIVERY_FEE,TOT_PRICE,TOT_GOODSPRICE,PT_DETAILNAME,ORDER_NAME,ORDER_PHONE,ORDER_DATE,ORDER_ADDR,ORDER_ADDR_DETAIL,ORDER_PLACE,ORDER_REQUEST,CONDITION,REVIEW_STATUS,USAGE_AMOUNT,AMOUNT) values ('22121471054026',110,67,'[PPUL] 1++ 한우 치마살 150g (냉동)','collection_4_1_chima.jpg',42000,1,'100g 당 판매가 : 28,000원',42000,'주문 완료',0,50900,50900,'카카오 페이','임수진','01044444444',to_date('22/12/14','RR/MM/DD'),'경기 광주시 경안로 5','젤존빌딩z','문 앞',null,'냉동','N',0,509);
Insert into COLLABEE.VIEW_MYORDERLIST (ORDER_NUM,MEMBER_NUM,PRODUCT_NUM,PRODUCT_NAME,THUM_SYS_FILENAME,PRICE,COUNT,DESCRIPTION,SALEPRICE,DELIVERY_STATUS,DELIVERY_FEE,TOT_PRICE,TOT_GOODSPRICE,PT_DETAILNAME,ORDER_NAME,ORDER_PHONE,ORDER_DATE,ORDER_ADDR,ORDER_ADDR_DETAIL,ORDER_PLACE,ORDER_REQUEST,CONDITION,REVIEW_STATUS,USAGE_AMOUNT,AMOUNT) values ('22121463125177',110,67,'[PPUL] 1++ 한우 치마살 150g (냉동)','collection_4_1_chima.jpg',42000,6,'100g 당 판매가 : 28,000원',42000,'주문 완료',0,296500,296500,'네이버 페이','임수진','01044444444',to_date('22/08/10','RR/MM/DD'),'경기 광주시 경안로 5','젤존빌딩z','문 앞',null,'냉동','N',0,2965);
Insert into COLLABEE.VIEW_MYORDERLIST (ORDER_NUM,MEMBER_NUM,PRODUCT_NUM,PRODUCT_NAME,THUM_SYS_FILENAME,PRICE,COUNT,DESCRIPTION,SALEPRICE,DELIVERY_STATUS,DELIVERY_FEE,TOT_PRICE,TOT_GOODSPRICE,PT_DETAILNAME,ORDER_NAME,ORDER_PHONE,ORDER_DATE,ORDER_ADDR,ORDER_ADDR_DETAIL,ORDER_PLACE,ORDER_REQUEST,CONDITION,REVIEW_STATUS,USAGE_AMOUNT,AMOUNT) values ('22121417631706',110,8,'로스티드 솔티드 마카다미아 270g','macadamia.png',18900,1,'오독오독 고소한 맛',18900,'주문 완료',0,46900,46900,'네이버 페이','임수진','01044444444',to_date('22/08/14','RR/MM/DD'),'경기 광주시 경안로 5','젤존빌딩z','문 앞',null,'상온','N',0,469);
Insert into COLLABEE.VIEW_MYORDERLIST (ORDER_NUM,MEMBER_NUM,PRODUCT_NUM,PRODUCT_NAME,THUM_SYS_FILENAME,PRICE,COUNT,DESCRIPTION,SALEPRICE,DELIVERY_STATUS,DELIVERY_FEE,TOT_PRICE,TOT_GOODSPRICE,PT_DETAILNAME,ORDER_NAME,ORDER_PHONE,ORDER_DATE,ORDER_ADDR,ORDER_ADDR_DETAIL,ORDER_PLACE,ORDER_REQUEST,CONDITION,REVIEW_STATUS,USAGE_AMOUNT,AMOUNT) values ('22121465246143',1,8,'로스티드 솔티드 마카다미아 270g','macadamia.png',18900,1,'오독오독 고소한 맛',18900,'주문 완료',0,262495,342300,'카카오 페이','스누피','01012345678',to_date('22/12/14','RR/MM/DD'),'제주특별자치도 서귀포시 가가로 14','스누피 하우스','문 앞',null,'상온','N',0,18375);
Insert into COLLABEE.VIEW_MYORDERLIST (ORDER_NUM,MEMBER_NUM,PRODUCT_NUM,PRODUCT_NAME,THUM_SYS_FILENAME,PRICE,COUNT,DESCRIPTION,SALEPRICE,DELIVERY_STATUS,DELIVERY_FEE,TOT_PRICE,TOT_GOODSPRICE,PT_DETAILNAME,ORDER_NAME,ORDER_PHONE,ORDER_DATE,ORDER_ADDR,ORDER_ADDR_DETAIL,ORDER_PLACE,ORDER_REQUEST,CONDITION,REVIEW_STATUS,USAGE_AMOUNT,AMOUNT) values ('22121465246143',1,7,'[로얄코펜하겐] 베라왕 다이아몬드 모자이크 고블렛 와인클라스 2P 세트','verawang.png',220000,1,'크리스탈 글라스가 선사하는 우아한 품격',154000,'주문 완료',0,262495,342300,'카카오 페이','스누피','01012345678',to_date('22/12/14','RR/MM/DD'),'제주특별자치도 서귀포시 가가로 14','스누피 하우스','문 앞',null,'상온','N',0,18375);
Insert into COLLABEE.VIEW_MYORDERLIST (ORDER_NUM,MEMBER_NUM,PRODUCT_NUM,PRODUCT_NAME,THUM_SYS_FILENAME,PRICE,COUNT,DESCRIPTION,SALEPRICE,DELIVERY_STATUS,DELIVERY_FEE,TOT_PRICE,TOT_GOODSPRICE,PT_DETAILNAME,ORDER_NAME,ORDER_PHONE,ORDER_DATE,ORDER_ADDR,ORDER_ADDR_DETAIL,ORDER_PLACE,ORDER_REQUEST,CONDITION,REVIEW_STATUS,USAGE_AMOUNT,AMOUNT) values ('22121465246143',1,6,'[네오플램] NEW FIKA 쿡웨어 팬','newfika.png',29900,1,'요리할 맛 살려주는 프라이팬',29900,'주문 완료',0,262495,342300,'카카오 페이','스누피','01012345678',to_date('22/12/14','RR/MM/DD'),'제주특별자치도 서귀포시 가가로 14','스누피 하우스','문 앞',null,'상온','N',0,18375);
Insert into COLLABEE.VIEW_MYORDERLIST (ORDER_NUM,MEMBER_NUM,PRODUCT_NUM,PRODUCT_NAME,THUM_SYS_FILENAME,PRICE,COUNT,DESCRIPTION,SALEPRICE,DELIVERY_STATUS,DELIVERY_FEE,TOT_PRICE,TOT_GOODSPRICE,PT_DETAILNAME,ORDER_NAME,ORDER_PHONE,ORDER_DATE,ORDER_ADDR,ORDER_ADDR_DETAIL,ORDER_PLACE,ORDER_REQUEST,CONDITION,REVIEW_STATUS,USAGE_AMOUNT,AMOUNT) values ('22121444355400',110,5,'[Eat''s Nice] 수플레 팬케이크 4종','pancake.png',5500,1,'사르르 녹아내리는 달콤함',4950,'주문 완료',0,14895,17200,'네이버 페이','임수진','01044444444',to_date('22/07/14','RR/MM/DD'),'경기 광주시 경안로 5','젤존빌딩z','문 앞',null,'냉동','N',0,149);
Insert into COLLABEE.VIEW_MYORDERLIST (ORDER_NUM,MEMBER_NUM,PRODUCT_NUM,PRODUCT_NAME,THUM_SYS_FILENAME,PRICE,COUNT,DESCRIPTION,SALEPRICE,DELIVERY_STATUS,DELIVERY_FEE,TOT_PRICE,TOT_GOODSPRICE,PT_DETAILNAME,ORDER_NAME,ORDER_PHONE,ORDER_DATE,ORDER_ADDR,ORDER_ADDR_DETAIL,ORDER_PLACE,ORDER_REQUEST,CONDITION,REVIEW_STATUS,USAGE_AMOUNT,AMOUNT) values ('22121553651711',110,5,'[Eat''s Nice] 수플레 팬케이크 4종','pancake.png',5500,4,'사르르 녹아내리는 달콤함',4950,'주문 완료',0,81000,88990,'카드 결제','임수징','01044444444',to_date('22/12/15','RR/MM/DD'),'서울 강남구 가로수길 5','삼원','문 앞',null,'냉동','N',2085,810);
Insert into COLLABEE.VIEW_MYORDERLIST (ORDER_NUM,MEMBER_NUM,PRODUCT_NUM,PRODUCT_NAME,THUM_SYS_FILENAME,PRICE,COUNT,DESCRIPTION,SALEPRICE,DELIVERY_STATUS,DELIVERY_FEE,TOT_PRICE,TOT_GOODSPRICE,PT_DETAILNAME,ORDER_NAME,ORDER_PHONE,ORDER_DATE,ORDER_ADDR,ORDER_ADDR_DETAIL,ORDER_PLACE,ORDER_REQUEST,CONDITION,REVIEW_STATUS,USAGE_AMOUNT,AMOUNT) values ('22121465246143',1,5,'[Eat''s Nice] 수플레 팬케이크 4종','pancake.png',5500,1,'사르르 녹아내리는 달콤함',4950,'주문 완료',0,262495,342300,'카카오 페이','스누피','01012345678',to_date('22/12/14','RR/MM/DD'),'제주특별자치도 서귀포시 가가로 14','스누피 하우스','문 앞',null,'냉동','N',0,18375);
Insert into COLLABEE.VIEW_MYORDERLIST (ORDER_NUM,MEMBER_NUM,PRODUCT_NUM,PRODUCT_NAME,THUM_SYS_FILENAME,PRICE,COUNT,DESCRIPTION,SALEPRICE,DELIVERY_STATUS,DELIVERY_FEE,TOT_PRICE,TOT_GOODSPRICE,PT_DETAILNAME,ORDER_NAME,ORDER_PHONE,ORDER_DATE,ORDER_ADDR,ORDER_ADDR_DETAIL,ORDER_PLACE,ORDER_REQUEST,CONDITION,REVIEW_STATUS,USAGE_AMOUNT,AMOUNT) values ('22121553651711',110,5,'[Eat''s Nice] 수플레 팬케이크 4종','pancake.png',5500,4,'사르르 녹아내리는 달콤함',4950,'주문 완료',0,81000,88990,'카드 결제','임수징','01044444444',to_date('22/12/15','RR/MM/DD'),'서울 강남구 가로수길 5','삼원','문 앞',null,'냉동','N',2085,2085);
Insert into COLLABEE.VIEW_MYORDERLIST (ORDER_NUM,MEMBER_NUM,PRODUCT_NUM,PRODUCT_NAME,THUM_SYS_FILENAME,PRICE,COUNT,DESCRIPTION,SALEPRICE,DELIVERY_STATUS,DELIVERY_FEE,TOT_PRICE,TOT_GOODSPRICE,PT_DETAILNAME,ORDER_NAME,ORDER_PHONE,ORDER_DATE,ORDER_ADDR,ORDER_ADDR_DETAIL,ORDER_PLACE,ORDER_REQUEST,CONDITION,REVIEW_STATUS,USAGE_AMOUNT,AMOUNT) values ('22121465246143',1,4,'[밀클레버] 미니붕어빵 4종','minibread.png',5700,1,'작아서 더 좋은 간식계의 클래식',5700,'주문 완료',0,262495,342300,'카카오 페이','스누피','01012345678',to_date('22/12/14','RR/MM/DD'),'제주특별자치도 서귀포시 가가로 14','스누피 하우스','문 앞',null,'냉동','N',0,18375);
Insert into COLLABEE.VIEW_MYORDERLIST (ORDER_NUM,MEMBER_NUM,PRODUCT_NUM,PRODUCT_NAME,THUM_SYS_FILENAME,PRICE,COUNT,DESCRIPTION,SALEPRICE,DELIVERY_STATUS,DELIVERY_FEE,TOT_PRICE,TOT_GOODSPRICE,PT_DETAILNAME,ORDER_NAME,ORDER_PHONE,ORDER_DATE,ORDER_ADDR,ORDER_ADDR_DETAIL,ORDER_PLACE,ORDER_REQUEST,CONDITION,REVIEW_STATUS,USAGE_AMOUNT,AMOUNT) values ('22121562335641',1,4,'[밀클레버] 미니붕어빵 4종','minibread.png',5700,3,'작아서 더 좋은 간식계의 클래식',5700,'주문 완료',0,42300,53300,'카드 결제','스누피','01012345678',to_date('22/12/15','RR/MM/DD'),'서울 송파구 동남로 99','집','경비실','놓고가주세요','냉동','Y',1000,1000);
Insert into COLLABEE.VIEW_MYORDERLIST (ORDER_NUM,MEMBER_NUM,PRODUCT_NUM,PRODUCT_NAME,THUM_SYS_FILENAME,PRICE,COUNT,DESCRIPTION,SALEPRICE,DELIVERY_STATUS,DELIVERY_FEE,TOT_PRICE,TOT_GOODSPRICE,PT_DETAILNAME,ORDER_NAME,ORDER_PHONE,ORDER_DATE,ORDER_ADDR,ORDER_ADDR_DETAIL,ORDER_PLACE,ORDER_REQUEST,CONDITION,REVIEW_STATUS,USAGE_AMOUNT,AMOUNT) values ('22121562335641',1,4,'[밀클레버] 미니붕어빵 4종','minibread.png',5700,3,'작아서 더 좋은 간식계의 클래식',5700,'주문 완료',0,42300,53300,'카드 결제','스누피','01012345678',to_date('22/12/15','RR/MM/DD'),'서울 송파구 동남로 99','집','경비실','놓고가주세요','냉동','Y',1000,2961);
Insert into COLLABEE.VIEW_MYORDERLIST (ORDER_NUM,MEMBER_NUM,PRODUCT_NUM,PRODUCT_NAME,THUM_SYS_FILENAME,PRICE,COUNT,DESCRIPTION,SALEPRICE,DELIVERY_STATUS,DELIVERY_FEE,TOT_PRICE,TOT_GOODSPRICE,PT_DETAILNAME,ORDER_NAME,ORDER_PHONE,ORDER_DATE,ORDER_ADDR,ORDER_ADDR_DETAIL,ORDER_PLACE,ORDER_REQUEST,CONDITION,REVIEW_STATUS,USAGE_AMOUNT,AMOUNT) values ('22121515706723',1,3,'태국산 망고 600g (2입)','2.avif',15900,2,'항공운송으로 더욱 신선하고 농후한 단맛의 대표 열대 과일(1팩 2입)',12900,'주문 완료',0,55990,61990,'네이버 페이','스누피','01012345678',to_date('22/12/15','RR/MM/DD'),'서울 송파구 동남로 99','집','문 앞',null,'냉장','N',0,3919);
Insert into COLLABEE.VIEW_MYORDERLIST (ORDER_NUM,MEMBER_NUM,PRODUCT_NUM,PRODUCT_NAME,THUM_SYS_FILENAME,PRICE,COUNT,DESCRIPTION,SALEPRICE,DELIVERY_STATUS,DELIVERY_FEE,TOT_PRICE,TOT_GOODSPRICE,PT_DETAILNAME,ORDER_NAME,ORDER_PHONE,ORDER_DATE,ORDER_ADDR,ORDER_ADDR_DETAIL,ORDER_PLACE,ORDER_REQUEST,CONDITION,REVIEW_STATUS,USAGE_AMOUNT,AMOUNT) values ('22121433765273',110,3,'태국산 망고 600g (2입)','2.avif',15900,1,'항공운송으로 더욱 신선하고 농후한 단맛의 대표 열대 과일(1팩 2입)',12900,'주문 완료',3000,10900,15900,'카드 결제','임수진','01044444444',to_date('22/12/14','RR/MM/DD'),'경기 광주시 경안로 5','젤존빌딩z','문 앞',null,'냉장','N',0,79);
Insert into COLLABEE.VIEW_MYORDERLIST (ORDER_NUM,MEMBER_NUM,PRODUCT_NUM,PRODUCT_NAME,THUM_SYS_FILENAME,PRICE,COUNT,DESCRIPTION,SALEPRICE,DELIVERY_STATUS,DELIVERY_FEE,TOT_PRICE,TOT_GOODSPRICE,PT_DETAILNAME,ORDER_NAME,ORDER_PHONE,ORDER_DATE,ORDER_ADDR,ORDER_ADDR_DETAIL,ORDER_PLACE,ORDER_REQUEST,CONDITION,REVIEW_STATUS,USAGE_AMOUNT,AMOUNT) values ('22121553651711',110,2,'[최현석의 쵸이닷] 트러플 크림 뇨끼','pasta_2022_12_09_160940.jpg',7500,2,'부드럽고도 강렬한 풍미',6750,'주문 완료',0,81000,88990,'카드 결제','임수징','01044444444',to_date('22/12/15','RR/MM/DD'),'서울 강남구 가로수길 5','삼원','문 앞',null,'냉장','N',2085,2085);
Insert into COLLABEE.VIEW_MYORDERLIST (ORDER_NUM,MEMBER_NUM,PRODUCT_NUM,PRODUCT_NAME,THUM_SYS_FILENAME,PRICE,COUNT,DESCRIPTION,SALEPRICE,DELIVERY_STATUS,DELIVERY_FEE,TOT_PRICE,TOT_GOODSPRICE,PT_DETAILNAME,ORDER_NAME,ORDER_PHONE,ORDER_DATE,ORDER_ADDR,ORDER_ADDR_DETAIL,ORDER_PLACE,ORDER_REQUEST,CONDITION,REVIEW_STATUS,USAGE_AMOUNT,AMOUNT) values ('22121553651711',110,2,'[최현석의 쵸이닷] 트러플 크림 뇨끼','pasta_2022_12_09_160940.jpg',7500,2,'부드럽고도 강렬한 풍미',6750,'주문 완료',0,81000,88990,'카드 결제','임수징','01044444444',to_date('22/12/15','RR/MM/DD'),'서울 강남구 가로수길 5','삼원','문 앞',null,'냉장','N',2085,810);
Insert into COLLABEE.VIEW_MYORDERLIST (ORDER_NUM,MEMBER_NUM,PRODUCT_NUM,PRODUCT_NAME,THUM_SYS_FILENAME,PRICE,COUNT,DESCRIPTION,SALEPRICE,DELIVERY_STATUS,DELIVERY_FEE,TOT_PRICE,TOT_GOODSPRICE,PT_DETAILNAME,ORDER_NAME,ORDER_PHONE,ORDER_DATE,ORDER_ADDR,ORDER_ADDR_DETAIL,ORDER_PLACE,ORDER_REQUEST,CONDITION,REVIEW_STATUS,USAGE_AMOUNT,AMOUNT) values ('22121465246143',1,2,'[최현석의 쵸이닷] 트러플 크림 뇨끼','pasta_2022_12_09_160940.jpg',7500,2,'부드럽고도 강렬한 풍미',6750,'주문 완료',0,262495,342300,'카카오 페이','스누피','01012345678',to_date('22/12/14','RR/MM/DD'),'제주특별자치도 서귀포시 가가로 14','스누피 하우스','문 앞',null,'냉장','Y',0,18375);
Insert into COLLABEE.VIEW_MYORDERLIST (ORDER_NUM,MEMBER_NUM,PRODUCT_NUM,PRODUCT_NAME,THUM_SYS_FILENAME,PRICE,COUNT,DESCRIPTION,SALEPRICE,DELIVERY_STATUS,DELIVERY_FEE,TOT_PRICE,TOT_GOODSPRICE,PT_DETAILNAME,ORDER_NAME,ORDER_PHONE,ORDER_DATE,ORDER_ADDR,ORDER_ADDR_DETAIL,ORDER_PLACE,ORDER_REQUEST,CONDITION,REVIEW_STATUS,USAGE_AMOUNT,AMOUNT) values ('22121671653560',1,2,'[최현석의 쵸이닷] 트러플 크림 뇨끼','pasta_2022_12_09_160940.jpg',7500,1,'부드럽고도 강렬한 풍미',6750,'주문 완료',0,37785,44740,'카드 결제','스누피','01012345678',to_date('22/12/16','RR/MM/DD'),'서울 강남구 테헤란로 105','스누피 하우스','문 앞',null,'냉장','N',1000,1000);
Insert into COLLABEE.VIEW_MYORDERLIST (ORDER_NUM,MEMBER_NUM,PRODUCT_NUM,PRODUCT_NAME,THUM_SYS_FILENAME,PRICE,COUNT,DESCRIPTION,SALEPRICE,DELIVERY_STATUS,DELIVERY_FEE,TOT_PRICE,TOT_GOODSPRICE,PT_DETAILNAME,ORDER_NAME,ORDER_PHONE,ORDER_DATE,ORDER_ADDR,ORDER_ADDR_DETAIL,ORDER_PLACE,ORDER_REQUEST,CONDITION,REVIEW_STATUS,USAGE_AMOUNT,AMOUNT) values ('22121554765225',104,2,'[최현석의 쵸이닷] 트러플 크림 뇨끼','pasta_2022_12_09_160940.jpg',7500,8,'부드럽고도 강렬한 풍미',6750,'주문 완료',0,196500,202500,'네이버 페이','김석기','01051813718',to_date('22/12/15','RR/MM/DD'),'서울 강남구 강남대로 328','1','문 앞',null,'냉장','N',0,13755);
Insert into COLLABEE.VIEW_MYORDERLIST (ORDER_NUM,MEMBER_NUM,PRODUCT_NUM,PRODUCT_NAME,THUM_SYS_FILENAME,PRICE,COUNT,DESCRIPTION,SALEPRICE,DELIVERY_STATUS,DELIVERY_FEE,TOT_PRICE,TOT_GOODSPRICE,PT_DETAILNAME,ORDER_NAME,ORDER_PHONE,ORDER_DATE,ORDER_ADDR,ORDER_ADDR_DETAIL,ORDER_PLACE,ORDER_REQUEST,CONDITION,REVIEW_STATUS,USAGE_AMOUNT,AMOUNT) values ('22121671653560',1,2,'[최현석의 쵸이닷] 트러플 크림 뇨끼','pasta_2022_12_09_160940.jpg',7500,1,'부드럽고도 강렬한 풍미',6750,'주문 완료',0,37785,44740,'카드 결제','스누피','01012345678',to_date('22/12/16','RR/MM/DD'),'서울 강남구 테헤란로 105','스누피 하우스','문 앞',null,'냉장','N',1000,2645);
Insert into COLLABEE.VIEW_MYORDERLIST (ORDER_NUM,MEMBER_NUM,PRODUCT_NUM,PRODUCT_NAME,THUM_SYS_FILENAME,PRICE,COUNT,DESCRIPTION,SALEPRICE,DELIVERY_STATUS,DELIVERY_FEE,TOT_PRICE,TOT_GOODSPRICE,PT_DETAILNAME,ORDER_NAME,ORDER_PHONE,ORDER_DATE,ORDER_ADDR,ORDER_ADDR_DETAIL,ORDER_PLACE,ORDER_REQUEST,CONDITION,REVIEW_STATUS,USAGE_AMOUNT,AMOUNT) values ('22121431727014',110,1,'무농약 제주 청레몬 450g (3~5입)','1.jpg',7900,9,'인공 처리를 하지 않아 더 신선한',7900,'주문 완료',0,112740,117240,'네이버 페이','임수진','01044444444',to_date('22/10/14','RR/MM/DD'),'경기 광주시 경안로 5','젤존빌딩z','문 앞',null,'냉장','N',0,1127);
Insert into COLLABEE.VIEW_MYORDERLIST (ORDER_NUM,MEMBER_NUM,PRODUCT_NUM,PRODUCT_NAME,THUM_SYS_FILENAME,PRICE,COUNT,DESCRIPTION,SALEPRICE,DELIVERY_STATUS,DELIVERY_FEE,TOT_PRICE,TOT_GOODSPRICE,PT_DETAILNAME,ORDER_NAME,ORDER_PHONE,ORDER_DATE,ORDER_ADDR,ORDER_ADDR_DETAIL,ORDER_PLACE,ORDER_REQUEST,CONDITION,REVIEW_STATUS,USAGE_AMOUNT,AMOUNT) values ('22121477663361',1,1,'무농약 제주 청레몬 450g (3~5입)','1.jpg',7900,6,'인공 처리를 하지 않아 더 신선한',7900,'주문 완료',0,47400,47400,'네이버 페이','스누피','01012345678',to_date('22/12/14','RR/MM/DD'),'제주특별자치도 서귀포시 가가로 14','스누피 하우스','문 앞',null,'냉장','Y',0,3318);
REM INSERTING into COLLABEE.VIEW_MYPICKLIST
SET DEFINE OFF;
Insert into COLLABEE.VIEW_MYPICKLIST (MEMBER_NUM,PRODUCT_NUM,PRODUCT_NAME,DESCRIPTION,PRICE,DIS_RATE,SALEPRICE,STOCK,THUM_ORI_FILENAME,THUM_SYS_FILENAME) values (109,1,'무농약 제주 청레몬 450g (3~5입)','인공 처리를 하지 않아 더 신선한',7900,0,7900,4,'1.jpg','1.jpg');
Insert into COLLABEE.VIEW_MYPICKLIST (MEMBER_NUM,PRODUCT_NUM,PRODUCT_NAME,DESCRIPTION,PRICE,DIS_RATE,SALEPRICE,STOCK,THUM_ORI_FILENAME,THUM_SYS_FILENAME) values (110,72,'짱구김 4g X 16봉 (스티커 3개 랜덤 증정)','귀여운 스티커와 함께 즐거운 식사',8900,0,8900,41,'seaweed_2022_12_07_070225.jpg','seaweed_2022_12_07_070225.jpg');
REM INSERTING into COLLABEE.VIEW_MYREVIEW
SET DEFINE OFF;
Insert into COLLABEE.VIEW_MYREVIEW (ORDER_NUM,MEMBER_NUM,PRODUCT_NUM,PRODUCT_NAME,DELIVERY_PICK,DELIVERY_STATUS,COUNT,SALEPRICE,NMEMBER_NUM,PRICE,REVIEW_STATUS,THUM_ORI_FILENAME,THUM_SYS_FILENAME) values ('22121553651711',110,81,'제주 무농약 노지 감귤 2kg',to_date('22/12/16','RR/MM/DD'),'주문 완료',1,9945,null,11700,'Y','mandarin_2022_12_12_081406.jpg','mandarin_2022_12_12_081406.jpg');
Insert into COLLABEE.VIEW_MYREVIEW (ORDER_NUM,MEMBER_NUM,PRODUCT_NUM,PRODUCT_NAME,DELIVERY_PICK,DELIVERY_STATUS,COUNT,SALEPRICE,NMEMBER_NUM,PRICE,REVIEW_STATUS,THUM_ORI_FILENAME,THUM_SYS_FILENAME) values ('22121553651711',110,2,'[최현석의 쵸이닷] 트러플 크림 뇨끼',to_date('22/12/16','RR/MM/DD'),'주문 완료',2,6750,null,7500,'N','pasta_2022_12_09_160940.jpg','pasta_2022_12_09_160940.jpg');
Insert into COLLABEE.VIEW_MYREVIEW (ORDER_NUM,MEMBER_NUM,PRODUCT_NUM,PRODUCT_NAME,DELIVERY_PICK,DELIVERY_STATUS,COUNT,SALEPRICE,NMEMBER_NUM,PRICE,REVIEW_STATUS,THUM_ORI_FILENAME,THUM_SYS_FILENAME) values ('22121553651711',110,84,'친환경 브로콜리 1개입',to_date('22/12/16','RR/MM/DD'),'주문 완료',1,4240,null,4690,'Y','broccoli_2022_12_12_083119.jpg','broccoli_2022_12_12_083119.jpg');
Insert into COLLABEE.VIEW_MYREVIEW (ORDER_NUM,MEMBER_NUM,PRODUCT_NUM,PRODUCT_NAME,DELIVERY_PICK,DELIVERY_STATUS,COUNT,SALEPRICE,NMEMBER_NUM,PRICE,REVIEW_STATUS,THUM_ORI_FILENAME,THUM_SYS_FILENAME) values ('22121553651711',110,5,'[Eat''s Nice] 수플레 팬케이크 4종',to_date('22/12/16','RR/MM/DD'),'주문 완료',4,4950,null,5500,'N','pancake.png','pancake.png');
Insert into COLLABEE.VIEW_MYREVIEW (ORDER_NUM,MEMBER_NUM,PRODUCT_NUM,PRODUCT_NAME,DELIVERY_PICK,DELIVERY_STATUS,COUNT,SALEPRICE,NMEMBER_NUM,PRICE,REVIEW_STATUS,THUM_ORI_FILENAME,THUM_SYS_FILENAME) values ('22121401761526',1,68,'[픽어베이글] 베이글 8종',to_date('22/12/15','RR/MM/DD'),'주문 완료',5,2800,null,2800,'N','bagle_2022_12_07_030004.jpg','bagle_2022_12_07_030004.jpg');
Insert into COLLABEE.VIEW_MYREVIEW (ORDER_NUM,MEMBER_NUM,PRODUCT_NUM,PRODUCT_NAME,DELIVERY_PICK,DELIVERY_STATUS,COUNT,SALEPRICE,NMEMBER_NUM,PRICE,REVIEW_STATUS,THUM_ORI_FILENAME,THUM_SYS_FILENAME) values ('22121416133731',1,82,'향기가득 샤인머스캣 700g',to_date('22/12/15','RR/MM/DD'),'주문 완료',5,13900,null,13900,'N','shinemuscat_2022_12_12_081548.jpg','shinemuscat_2022_12_12_081548.jpg');
Insert into COLLABEE.VIEW_MYREVIEW (ORDER_NUM,MEMBER_NUM,PRODUCT_NUM,PRODUCT_NAME,DELIVERY_PICK,DELIVERY_STATUS,COUNT,SALEPRICE,NMEMBER_NUM,PRICE,REVIEW_STATUS,THUM_ORI_FILENAME,THUM_SYS_FILENAME) values ('22121553651711',110,72,'짱구김 4g X 16봉 (스티커 3개 랜덤 증정)',to_date('22/12/16','RR/MM/DD'),'주문 완료',4,8900,null,8900,'N','seaweed_2022_12_07_070225.jpg','seaweed_2022_12_07_070225.jpg');
Insert into COLLABEE.VIEW_MYREVIEW (ORDER_NUM,MEMBER_NUM,PRODUCT_NUM,PRODUCT_NAME,DELIVERY_PICK,DELIVERY_STATUS,COUNT,SALEPRICE,NMEMBER_NUM,PRICE,REVIEW_STATUS,THUM_ORI_FILENAME,THUM_SYS_FILENAME) values ('22121631323024',1,83,'금실 딸기 500g',to_date('22/12/17','RR/MM/DD'),'주문 완료',1,12530,null,17900,'N','strawberry_2022_12_12_081718.jpg','strawberry_2022_12_12_081718.jpg');
Insert into COLLABEE.VIEW_MYREVIEW (ORDER_NUM,MEMBER_NUM,PRODUCT_NUM,PRODUCT_NAME,DELIVERY_PICK,DELIVERY_STATUS,COUNT,SALEPRICE,NMEMBER_NUM,PRICE,REVIEW_STATUS,THUM_ORI_FILENAME,THUM_SYS_FILENAME) values ('22121416265307',1,70,'친환경 애호박 1개입',to_date('22/12/15','RR/MM/DD'),'주문 완료',1,2700,null,3000,'Y','pumpkin_2022_12_07_035816.jpg','pumpkin_2022_12_07_035816.jpg');
Insert into COLLABEE.VIEW_MYREVIEW (ORDER_NUM,MEMBER_NUM,PRODUCT_NUM,PRODUCT_NAME,DELIVERY_PICK,DELIVERY_STATUS,COUNT,SALEPRICE,NMEMBER_NUM,PRICE,REVIEW_STATUS,THUM_ORI_FILENAME,THUM_SYS_FILENAME) values ('22121444355400',110,81,'제주 무농약 노지 감귤 2kg',to_date('22/12/15','RR/MM/DD'),'주문 완료',1,9945,null,11700,'N','mandarin_2022_12_12_081406.jpg','mandarin_2022_12_12_081406.jpg');
Insert into COLLABEE.VIEW_MYREVIEW (ORDER_NUM,MEMBER_NUM,PRODUCT_NUM,PRODUCT_NAME,DELIVERY_PICK,DELIVERY_STATUS,COUNT,SALEPRICE,NMEMBER_NUM,PRICE,REVIEW_STATUS,THUM_ORI_FILENAME,THUM_SYS_FILENAME) values ('22121444355400',110,5,'[Eat''s Nice] 수플레 팬케이크 4종',to_date('22/12/15','RR/MM/DD'),'주문 완료',1,4950,null,5500,'N','pancake.png','pancake.png');
Insert into COLLABEE.VIEW_MYREVIEW (ORDER_NUM,MEMBER_NUM,PRODUCT_NUM,PRODUCT_NAME,DELIVERY_PICK,DELIVERY_STATUS,COUNT,SALEPRICE,NMEMBER_NUM,PRICE,REVIEW_STATUS,THUM_ORI_FILENAME,THUM_SYS_FILENAME) values ('22121433765273',110,3,'태국산 망고 600g (2입)',to_date('22/12/16','RR/MM/DD'),'주문 완료',1,12900,null,15900,'N','2.avif','2.avif');
Insert into COLLABEE.VIEW_MYREVIEW (ORDER_NUM,MEMBER_NUM,PRODUCT_NUM,PRODUCT_NAME,DELIVERY_PICK,DELIVERY_STATUS,COUNT,SALEPRICE,NMEMBER_NUM,PRICE,REVIEW_STATUS,THUM_ORI_FILENAME,THUM_SYS_FILENAME) values ('22121446621406',110,999,'해남 호박고구마 1.5kg',to_date('22/12/15','RR/MM/DD'),'주문 완료',10,10900,null,10900,'N','sweetpotato.png','sweetpotato.png');
Insert into COLLABEE.VIEW_MYREVIEW (ORDER_NUM,MEMBER_NUM,PRODUCT_NUM,PRODUCT_NAME,DELIVERY_PICK,DELIVERY_STATUS,COUNT,SALEPRICE,NMEMBER_NUM,PRICE,REVIEW_STATUS,THUM_ORI_FILENAME,THUM_SYS_FILENAME) values ('22121417631706',110,8,'로스티드 솔티드 마카다미아 270g',to_date('22/12/15','RR/MM/DD'),'주문 완료',1,18900,null,18900,'N','macadamia.png','macadamia.png');
Insert into COLLABEE.VIEW_MYREVIEW (ORDER_NUM,MEMBER_NUM,PRODUCT_NUM,PRODUCT_NAME,DELIVERY_PICK,DELIVERY_STATUS,COUNT,SALEPRICE,NMEMBER_NUM,PRICE,REVIEW_STATUS,THUM_ORI_FILENAME,THUM_SYS_FILENAME) values ('22121417631706',110,68,'[픽어베이글] 베이글 8종',to_date('22/12/15','RR/MM/DD'),'주문 완료',10,2800,null,2800,'N','bagle_2022_12_07_030004.jpg','bagle_2022_12_07_030004.jpg');
Insert into COLLABEE.VIEW_MYREVIEW (ORDER_NUM,MEMBER_NUM,PRODUCT_NUM,PRODUCT_NAME,DELIVERY_PICK,DELIVERY_STATUS,COUNT,SALEPRICE,NMEMBER_NUM,PRICE,REVIEW_STATUS,THUM_ORI_FILENAME,THUM_SYS_FILENAME) values ('22121463125177',110,67,'[PPUL] 1++ 한우 치마살 150g (냉동)',to_date('22/12/15','RR/MM/DD'),'주문 완료',6,42000,null,42000,'N','collection_4_1_chima.jpg','collection_4_1_chima.jpg');
Insert into COLLABEE.VIEW_MYREVIEW (ORDER_NUM,MEMBER_NUM,PRODUCT_NUM,PRODUCT_NAME,DELIVERY_PICK,DELIVERY_STATUS,COUNT,SALEPRICE,NMEMBER_NUM,PRICE,REVIEW_STATUS,THUM_ORI_FILENAME,THUM_SYS_FILENAME) values ('22121463125177',110,72,'짱구김 4g X 16봉 (스티커 3개 랜덤 증정)',to_date('22/12/15','RR/MM/DD'),'주문 완료',5,8900,null,8900,'N','seaweed_2022_12_07_070225.jpg','seaweed_2022_12_07_070225.jpg');
Insert into COLLABEE.VIEW_MYREVIEW (ORDER_NUM,MEMBER_NUM,PRODUCT_NUM,PRODUCT_NAME,DELIVERY_PICK,DELIVERY_STATUS,COUNT,SALEPRICE,NMEMBER_NUM,PRICE,REVIEW_STATUS,THUM_ORI_FILENAME,THUM_SYS_FILENAME) values ('22121413440003',110,71,'[만선] 남해안 왕바지락 500g (생물)',to_date('22/12/15','RR/MM/DD'),'주문 완료',1,7650,null,8500,'N','Clam_2022_12_07_052500.jpg','Clam_2022_12_07_052500.jpg');
Insert into COLLABEE.VIEW_MYREVIEW (ORDER_NUM,MEMBER_NUM,PRODUCT_NUM,PRODUCT_NAME,DELIVERY_PICK,DELIVERY_STATUS,COUNT,SALEPRICE,NMEMBER_NUM,PRICE,REVIEW_STATUS,THUM_ORI_FILENAME,THUM_SYS_FILENAME) values ('22121413440003',110,68,'[픽어베이글] 베이글 8종',to_date('22/12/15','RR/MM/DD'),'주문 완료',1,2800,null,2800,'N','bagle_2022_12_07_030004.jpg','bagle_2022_12_07_030004.jpg');
Insert into COLLABEE.VIEW_MYREVIEW (ORDER_NUM,MEMBER_NUM,PRODUCT_NUM,PRODUCT_NAME,DELIVERY_PICK,DELIVERY_STATUS,COUNT,SALEPRICE,NMEMBER_NUM,PRICE,REVIEW_STATUS,THUM_ORI_FILENAME,THUM_SYS_FILENAME) values ('22121431727014',110,1,'무농약 제주 청레몬 450g (3~5입)',to_date('22/12/15','RR/MM/DD'),'주문 완료',9,7900,null,7900,'N','1.jpg','1.jpg');
Insert into COLLABEE.VIEW_MYREVIEW (ORDER_NUM,MEMBER_NUM,PRODUCT_NUM,PRODUCT_NAME,DELIVERY_PICK,DELIVERY_STATUS,COUNT,SALEPRICE,NMEMBER_NUM,PRICE,REVIEW_STATUS,THUM_ORI_FILENAME,THUM_SYS_FILENAME) values ('22121431727014',110,70,'친환경 애호박 1개입',to_date('22/12/15','RR/MM/DD'),'주문 완료',6,2700,null,3000,'N','pumpkin_2022_12_07_035816.jpg','pumpkin_2022_12_07_035816.jpg');
Insert into COLLABEE.VIEW_MYREVIEW (ORDER_NUM,MEMBER_NUM,PRODUCT_NUM,PRODUCT_NAME,DELIVERY_PICK,DELIVERY_STATUS,COUNT,SALEPRICE,NMEMBER_NUM,PRICE,REVIEW_STATUS,THUM_ORI_FILENAME,THUM_SYS_FILENAME) values ('22121431727014',110,84,'친환경 브로콜리 1개입',to_date('22/12/15','RR/MM/DD'),'주문 완료',6,4240,null,4690,'N','broccoli_2022_12_12_083119.jpg','broccoli_2022_12_12_083119.jpg');
Insert into COLLABEE.VIEW_MYREVIEW (ORDER_NUM,MEMBER_NUM,PRODUCT_NUM,PRODUCT_NAME,DELIVERY_PICK,DELIVERY_STATUS,COUNT,SALEPRICE,NMEMBER_NUM,PRICE,REVIEW_STATUS,THUM_ORI_FILENAME,THUM_SYS_FILENAME) values ('22121461023252',110,82,'향기가득 샤인머스캣 700g',to_date('22/12/15','RR/MM/DD'),'주문 완료',6,13900,null,13900,'N','shinemuscat_2022_12_12_081548.jpg','shinemuscat_2022_12_12_081548.jpg');
Insert into COLLABEE.VIEW_MYREVIEW (ORDER_NUM,MEMBER_NUM,PRODUCT_NUM,PRODUCT_NAME,DELIVERY_PICK,DELIVERY_STATUS,COUNT,SALEPRICE,NMEMBER_NUM,PRICE,REVIEW_STATUS,THUM_ORI_FILENAME,THUM_SYS_FILENAME) values ('22121471054026',110,67,'[PPUL] 1++ 한우 치마살 150g (냉동)',to_date('22/12/15','RR/MM/DD'),'주문 완료',1,42000,null,42000,'N','collection_4_1_chima.jpg','collection_4_1_chima.jpg');
Insert into COLLABEE.VIEW_MYREVIEW (ORDER_NUM,MEMBER_NUM,PRODUCT_NUM,PRODUCT_NAME,DELIVERY_PICK,DELIVERY_STATUS,COUNT,SALEPRICE,NMEMBER_NUM,PRICE,REVIEW_STATUS,THUM_ORI_FILENAME,THUM_SYS_FILENAME) values ('22121471054026',110,72,'짱구김 4g X 16봉 (스티커 3개 랜덤 증정)',to_date('22/12/15','RR/MM/DD'),'주문 완료',1,8900,null,8900,'N','seaweed_2022_12_07_070225.jpg','seaweed_2022_12_07_070225.jpg');
Insert into COLLABEE.VIEW_MYREVIEW (ORDER_NUM,MEMBER_NUM,PRODUCT_NUM,PRODUCT_NAME,DELIVERY_PICK,DELIVERY_STATUS,COUNT,SALEPRICE,NMEMBER_NUM,PRICE,REVIEW_STATUS,THUM_ORI_FILENAME,THUM_SYS_FILENAME) values ('22121541406671',null,81,'제주 무농약 노지 감귤 2kg',to_date('22/12/18','RR/MM/DD'),'주문 완료',5,9945,'xU2u4Z',11700,'N','mandarin_2022_12_12_081406.jpg','mandarin_2022_12_12_081406.jpg');
Insert into COLLABEE.VIEW_MYREVIEW (ORDER_NUM,MEMBER_NUM,PRODUCT_NUM,PRODUCT_NAME,DELIVERY_PICK,DELIVERY_STATUS,COUNT,SALEPRICE,NMEMBER_NUM,PRICE,REVIEW_STATUS,THUM_ORI_FILENAME,THUM_SYS_FILENAME) values ('22121541406671',null,71,'[만선] 남해안 왕바지락 500g (생물)',to_date('22/12/18','RR/MM/DD'),'주문 완료',2,7650,'xU2u4Z',8500,'N','Clam_2022_12_07_052500.jpg','Clam_2022_12_07_052500.jpg');
Insert into COLLABEE.VIEW_MYREVIEW (ORDER_NUM,MEMBER_NUM,PRODUCT_NUM,PRODUCT_NAME,DELIVERY_PICK,DELIVERY_STATUS,COUNT,SALEPRICE,NMEMBER_NUM,PRICE,REVIEW_STATUS,THUM_ORI_FILENAME,THUM_SYS_FILENAME) values ('22121541406671',null,999,'해남 호박고구마 1.5kg',to_date('22/12/18','RR/MM/DD'),'주문 완료',3,10900,'xU2u4Z',10900,'N','sweetpotato.png','sweetpotato.png');
Insert into COLLABEE.VIEW_MYREVIEW (ORDER_NUM,MEMBER_NUM,PRODUCT_NUM,PRODUCT_NAME,DELIVERY_PICK,DELIVERY_STATUS,COUNT,SALEPRICE,NMEMBER_NUM,PRICE,REVIEW_STATUS,THUM_ORI_FILENAME,THUM_SYS_FILENAME) values ('22121541406671',null,3,'태국산 망고 600g (2입)',to_date('22/12/18','RR/MM/DD'),'주문 완료',4,12900,'xU2u4Z',15900,'N','2.avif','2.avif');
Insert into COLLABEE.VIEW_MYREVIEW (ORDER_NUM,MEMBER_NUM,PRODUCT_NUM,PRODUCT_NAME,DELIVERY_PICK,DELIVERY_STATUS,COUNT,SALEPRICE,NMEMBER_NUM,PRICE,REVIEW_STATUS,THUM_ORI_FILENAME,THUM_SYS_FILENAME) values ('22121562335641',1,82,'향기가득 샤인머스캣 700g',to_date('22/12/17','RR/MM/DD'),'주문 완료',2,13900,null,13900,'Y','shinemuscat_2022_12_12_081548.jpg','shinemuscat_2022_12_12_081548.jpg');
Insert into COLLABEE.VIEW_MYREVIEW (ORDER_NUM,MEMBER_NUM,PRODUCT_NUM,PRODUCT_NAME,DELIVERY_PICK,DELIVERY_STATUS,COUNT,SALEPRICE,NMEMBER_NUM,PRICE,REVIEW_STATUS,THUM_ORI_FILENAME,THUM_SYS_FILENAME) values ('22121562335641',1,4,'[밀클레버] 미니붕어빵 4종',to_date('22/12/17','RR/MM/DD'),'주문 완료',3,5700,null,5700,'Y','minibread.png','minibread.png');
Insert into COLLABEE.VIEW_MYREVIEW (ORDER_NUM,MEMBER_NUM,PRODUCT_NUM,PRODUCT_NAME,DELIVERY_PICK,DELIVERY_STATUS,COUNT,SALEPRICE,NMEMBER_NUM,PRICE,REVIEW_STATUS,THUM_ORI_FILENAME,THUM_SYS_FILENAME) values ('22121562335641',1,68,'[픽어베이글] 베이글 8종',to_date('22/12/17','RR/MM/DD'),'주문 완료',3,2800,null,2800,'N','bagle_2022_12_07_030004.jpg','bagle_2022_12_07_030004.jpg');
Insert into COLLABEE.VIEW_MYREVIEW (ORDER_NUM,MEMBER_NUM,PRODUCT_NUM,PRODUCT_NAME,DELIVERY_PICK,DELIVERY_STATUS,COUNT,SALEPRICE,NMEMBER_NUM,PRICE,REVIEW_STATUS,THUM_ORI_FILENAME,THUM_SYS_FILENAME) values ('22121554765225',104,82,'향기가득 샤인머스캣 700g',to_date('22/12/16','RR/MM/DD'),'주문 완료',1,13900,null,13900,'N','shinemuscat_2022_12_12_081548.jpg','shinemuscat_2022_12_12_081548.jpg');
Insert into COLLABEE.VIEW_MYREVIEW (ORDER_NUM,MEMBER_NUM,PRODUCT_NUM,PRODUCT_NAME,DELIVERY_PICK,DELIVERY_STATUS,COUNT,SALEPRICE,NMEMBER_NUM,PRICE,REVIEW_STATUS,THUM_ORI_FILENAME,THUM_SYS_FILENAME) values ('22121554765225',104,2,'[최현석의 쵸이닷] 트러플 크림 뇨끼',to_date('22/12/16','RR/MM/DD'),'주문 완료',8,6750,null,7500,'N','pasta_2022_12_09_160940.jpg','pasta_2022_12_09_160940.jpg');
Insert into COLLABEE.VIEW_MYREVIEW (ORDER_NUM,MEMBER_NUM,PRODUCT_NUM,PRODUCT_NAME,DELIVERY_PICK,DELIVERY_STATUS,COUNT,SALEPRICE,NMEMBER_NUM,PRICE,REVIEW_STATUS,THUM_ORI_FILENAME,THUM_SYS_FILENAME) values ('22121554765225',104,999,'해남 호박고구마 1.5kg',to_date('22/12/16','RR/MM/DD'),'주문 완료',2,10900,null,10900,'N','sweetpotato.png','sweetpotato.png');
Insert into COLLABEE.VIEW_MYREVIEW (ORDER_NUM,MEMBER_NUM,PRODUCT_NUM,PRODUCT_NAME,DELIVERY_PICK,DELIVERY_STATUS,COUNT,SALEPRICE,NMEMBER_NUM,PRICE,REVIEW_STATUS,THUM_ORI_FILENAME,THUM_SYS_FILENAME) values ('22121554765225',104,72,'짱구김 4g X 16봉 (스티커 3개 랜덤 증정)',to_date('22/12/16','RR/MM/DD'),'주문 완료',12,8900,null,8900,'Y','seaweed_2022_12_07_070225.jpg','seaweed_2022_12_07_070225.jpg');
Insert into COLLABEE.VIEW_MYREVIEW (ORDER_NUM,MEMBER_NUM,PRODUCT_NUM,PRODUCT_NAME,DELIVERY_PICK,DELIVERY_STATUS,COUNT,SALEPRICE,NMEMBER_NUM,PRICE,REVIEW_STATUS,THUM_ORI_FILENAME,THUM_SYS_FILENAME) values ('22121600611304',null,3,'태국산 망고 600g (2입)',to_date('22/12/17','RR/MM/DD'),'주문 완료',2,12900,'a6U6Pp',15900,'N','2.avif','2.avif');
Insert into COLLABEE.VIEW_MYREVIEW (ORDER_NUM,MEMBER_NUM,PRODUCT_NUM,PRODUCT_NAME,DELIVERY_PICK,DELIVERY_STATUS,COUNT,SALEPRICE,NMEMBER_NUM,PRICE,REVIEW_STATUS,THUM_ORI_FILENAME,THUM_SYS_FILENAME) values ('22121600611304',null,4,'[밀클레버] 미니붕어빵 4종',to_date('22/12/17','RR/MM/DD'),'주문 완료',3,5700,'a6U6Pp',5700,'N','minibread.png','minibread.png');
Insert into COLLABEE.VIEW_MYREVIEW (ORDER_NUM,MEMBER_NUM,PRODUCT_NUM,PRODUCT_NAME,DELIVERY_PICK,DELIVERY_STATUS,COUNT,SALEPRICE,NMEMBER_NUM,PRICE,REVIEW_STATUS,THUM_ORI_FILENAME,THUM_SYS_FILENAME) values ('22121600611304',null,72,'짱구김 4g X 16봉 (스티커 3개 랜덤 증정)',to_date('22/12/17','RR/MM/DD'),'주문 완료',5,8900,'a6U6Pp',8900,'N','seaweed_2022_12_07_070225.jpg','seaweed_2022_12_07_070225.jpg');
Insert into COLLABEE.VIEW_MYREVIEW (ORDER_NUM,MEMBER_NUM,PRODUCT_NUM,PRODUCT_NAME,DELIVERY_PICK,DELIVERY_STATUS,COUNT,SALEPRICE,NMEMBER_NUM,PRICE,REVIEW_STATUS,THUM_ORI_FILENAME,THUM_SYS_FILENAME) values ('22121671653560',1,85,'콜라비 1개입',to_date('22/12/21','RR/MM/DD'),'주문 완료',5,2390,null,2390,'N','kohlrabi_2022_12_12_083431.jpg','kohlrabi_2022_12_12_083431.jpg');
Insert into COLLABEE.VIEW_MYREVIEW (ORDER_NUM,MEMBER_NUM,PRODUCT_NUM,PRODUCT_NAME,DELIVERY_PICK,DELIVERY_STATUS,COUNT,SALEPRICE,NMEMBER_NUM,PRICE,REVIEW_STATUS,THUM_ORI_FILENAME,THUM_SYS_FILENAME) values ('22121671653560',1,84,'친환경 브로콜리 1개입',to_date('22/12/21','RR/MM/DD'),'주문 완료',1,4240,null,4690,'N','broccoli_2022_12_12_083119.jpg','broccoli_2022_12_12_083119.jpg');
Insert into COLLABEE.VIEW_MYREVIEW (ORDER_NUM,MEMBER_NUM,PRODUCT_NUM,PRODUCT_NAME,DELIVERY_PICK,DELIVERY_STATUS,COUNT,SALEPRICE,NMEMBER_NUM,PRICE,REVIEW_STATUS,THUM_ORI_FILENAME,THUM_SYS_FILENAME) values ('22121671653560',1,81,'제주 무농약 노지 감귤 2kg',to_date('22/12/21','RR/MM/DD'),'주문 완료',1,9945,null,11700,'N','mandarin_2022_12_12_081406.jpg','mandarin_2022_12_12_081406.jpg');
Insert into COLLABEE.VIEW_MYREVIEW (ORDER_NUM,MEMBER_NUM,PRODUCT_NUM,PRODUCT_NAME,DELIVERY_PICK,DELIVERY_STATUS,COUNT,SALEPRICE,NMEMBER_NUM,PRICE,REVIEW_STATUS,THUM_ORI_FILENAME,THUM_SYS_FILENAME) values ('22121671653560',1,2,'[최현석의 쵸이닷] 트러플 크림 뇨끼',to_date('22/12/21','RR/MM/DD'),'주문 완료',1,6750,null,7500,'N','pasta_2022_12_09_160940.jpg','pasta_2022_12_09_160940.jpg');
Insert into COLLABEE.VIEW_MYREVIEW (ORDER_NUM,MEMBER_NUM,PRODUCT_NUM,PRODUCT_NAME,DELIVERY_PICK,DELIVERY_STATUS,COUNT,SALEPRICE,NMEMBER_NUM,PRICE,REVIEW_STATUS,THUM_ORI_FILENAME,THUM_SYS_FILENAME) values ('22121671653560',1,72,'짱구김 4g X 16봉 (스티커 3개 랜덤 증정)',to_date('22/12/21','RR/MM/DD'),'주문 완료',1,8900,null,8900,'N','seaweed_2022_12_07_070225.jpg','seaweed_2022_12_07_070225.jpg');
Insert into COLLABEE.VIEW_MYREVIEW (ORDER_NUM,MEMBER_NUM,PRODUCT_NUM,PRODUCT_NAME,DELIVERY_PICK,DELIVERY_STATUS,COUNT,SALEPRICE,NMEMBER_NUM,PRICE,REVIEW_STATUS,THUM_ORI_FILENAME,THUM_SYS_FILENAME) values ('22121465246143',1,5,'[Eat''s Nice] 수플레 팬케이크 4종',to_date('22/12/16','RR/MM/DD'),'주문 완료',1,4950,null,5500,'N','pancake.png','pancake.png');
Insert into COLLABEE.VIEW_MYREVIEW (ORDER_NUM,MEMBER_NUM,PRODUCT_NUM,PRODUCT_NAME,DELIVERY_PICK,DELIVERY_STATUS,COUNT,SALEPRICE,NMEMBER_NUM,PRICE,REVIEW_STATUS,THUM_ORI_FILENAME,THUM_SYS_FILENAME) values ('22121465246143',1,4,'[밀클레버] 미니붕어빵 4종',to_date('22/12/16','RR/MM/DD'),'주문 완료',1,5700,null,5700,'N','minibread.png','minibread.png');
Insert into COLLABEE.VIEW_MYREVIEW (ORDER_NUM,MEMBER_NUM,PRODUCT_NUM,PRODUCT_NAME,DELIVERY_PICK,DELIVERY_STATUS,COUNT,SALEPRICE,NMEMBER_NUM,PRICE,REVIEW_STATUS,THUM_ORI_FILENAME,THUM_SYS_FILENAME) values ('22121465246143',1,7,'[로얄코펜하겐] 베라왕 다이아몬드 모자이크 고블렛 와인클라스 2P 세트',to_date('22/12/16','RR/MM/DD'),'주문 완료',1,154000,null,220000,'N','verawang.png','verawang.png');
Insert into COLLABEE.VIEW_MYREVIEW (ORDER_NUM,MEMBER_NUM,PRODUCT_NUM,PRODUCT_NAME,DELIVERY_PICK,DELIVERY_STATUS,COUNT,SALEPRICE,NMEMBER_NUM,PRICE,REVIEW_STATUS,THUM_ORI_FILENAME,THUM_SYS_FILENAME) values ('22121465246143',1,8,'로스티드 솔티드 마카다미아 270g',to_date('22/12/16','RR/MM/DD'),'주문 완료',1,18900,null,18900,'N','macadamia.png','macadamia.png');
Insert into COLLABEE.VIEW_MYREVIEW (ORDER_NUM,MEMBER_NUM,PRODUCT_NUM,PRODUCT_NAME,DELIVERY_PICK,DELIVERY_STATUS,COUNT,SALEPRICE,NMEMBER_NUM,PRICE,REVIEW_STATUS,THUM_ORI_FILENAME,THUM_SYS_FILENAME) values ('22121465246143',1,6,'[네오플램] NEW FIKA 쿡웨어 팬',to_date('22/12/16','RR/MM/DD'),'주문 완료',1,29900,null,29900,'N','newfika.png','newfika.png');
Insert into COLLABEE.VIEW_MYREVIEW (ORDER_NUM,MEMBER_NUM,PRODUCT_NUM,PRODUCT_NAME,DELIVERY_PICK,DELIVERY_STATUS,COUNT,SALEPRICE,NMEMBER_NUM,PRICE,REVIEW_STATUS,THUM_ORI_FILENAME,THUM_SYS_FILENAME) values ('22121465246143',1,2,'[최현석의 쵸이닷] 트러플 크림 뇨끼',to_date('22/12/16','RR/MM/DD'),'주문 완료',2,6750,null,7500,'Y','pasta_2022_12_09_160940.jpg','pasta_2022_12_09_160940.jpg');
Insert into COLLABEE.VIEW_MYREVIEW (ORDER_NUM,MEMBER_NUM,PRODUCT_NUM,PRODUCT_NAME,DELIVERY_PICK,DELIVERY_STATUS,COUNT,SALEPRICE,NMEMBER_NUM,PRICE,REVIEW_STATUS,THUM_ORI_FILENAME,THUM_SYS_FILENAME) values ('22121465246143',1,81,'제주 무농약 노지 감귤 2kg',to_date('22/12/16','RR/MM/DD'),'주문 완료',1,9945,null,11700,'N','mandarin_2022_12_12_081406.jpg','mandarin_2022_12_12_081406.jpg');
Insert into COLLABEE.VIEW_MYREVIEW (ORDER_NUM,MEMBER_NUM,PRODUCT_NUM,PRODUCT_NAME,DELIVERY_PICK,DELIVERY_STATUS,COUNT,SALEPRICE,NMEMBER_NUM,PRICE,REVIEW_STATUS,THUM_ORI_FILENAME,THUM_SYS_FILENAME) values ('22121465246143',1,72,'짱구김 4g X 16봉 (스티커 3개 랜덤 증정)',to_date('22/12/16','RR/MM/DD'),'주문 완료',4,8900,null,8900,'Y','seaweed_2022_12_07_070225.jpg','seaweed_2022_12_07_070225.jpg');
Insert into COLLABEE.VIEW_MYREVIEW (ORDER_NUM,MEMBER_NUM,PRODUCT_NUM,PRODUCT_NAME,DELIVERY_PICK,DELIVERY_STATUS,COUNT,SALEPRICE,NMEMBER_NUM,PRICE,REVIEW_STATUS,THUM_ORI_FILENAME,THUM_SYS_FILENAME) values ('22121457661764',1,70,'친환경 애호박 1개입',to_date('22/12/15','RR/MM/DD'),'주문 완료',5,2700,null,3000,'Y','pumpkin_2022_12_07_035816.jpg','pumpkin_2022_12_07_035816.jpg');
Insert into COLLABEE.VIEW_MYREVIEW (ORDER_NUM,MEMBER_NUM,PRODUCT_NUM,PRODUCT_NAME,DELIVERY_PICK,DELIVERY_STATUS,COUNT,SALEPRICE,NMEMBER_NUM,PRICE,REVIEW_STATUS,THUM_ORI_FILENAME,THUM_SYS_FILENAME) values ('22121477663361',1,1,'무농약 제주 청레몬 450g (3~5입)',to_date('22/12/15','RR/MM/DD'),'주문 완료',6,7900,null,7900,'Y','1.jpg','1.jpg');
Insert into COLLABEE.VIEW_MYREVIEW (ORDER_NUM,MEMBER_NUM,PRODUCT_NUM,PRODUCT_NAME,DELIVERY_PICK,DELIVERY_STATUS,COUNT,SALEPRICE,NMEMBER_NUM,PRICE,REVIEW_STATUS,THUM_ORI_FILENAME,THUM_SYS_FILENAME) values ('22121462557602',1,83,'금실 딸기 500g',to_date('22/12/15','RR/MM/DD'),'주문 완료',5,12530,null,17900,'N','strawberry_2022_12_12_081718.jpg','strawberry_2022_12_12_081718.jpg');
Insert into COLLABEE.VIEW_MYREVIEW (ORDER_NUM,MEMBER_NUM,PRODUCT_NUM,PRODUCT_NAME,DELIVERY_PICK,DELIVERY_STATUS,COUNT,SALEPRICE,NMEMBER_NUM,PRICE,REVIEW_STATUS,THUM_ORI_FILENAME,THUM_SYS_FILENAME) values ('22121440611721',1,72,'짱구김 4g X 16봉 (스티커 3개 랜덤 증정)',to_date('22/12/15','RR/MM/DD'),'주문 완료',4,8900,null,8900,'Y','seaweed_2022_12_07_070225.jpg','seaweed_2022_12_07_070225.jpg');
Insert into COLLABEE.VIEW_MYREVIEW (ORDER_NUM,MEMBER_NUM,PRODUCT_NUM,PRODUCT_NAME,DELIVERY_PICK,DELIVERY_STATUS,COUNT,SALEPRICE,NMEMBER_NUM,PRICE,REVIEW_STATUS,THUM_ORI_FILENAME,THUM_SYS_FILENAME) values ('22121411253074',1,82,'향기가득 샤인머스캣 700g',to_date('22/12/15','RR/MM/DD'),'주문 완료',1,13900,null,13900,'N','shinemuscat_2022_12_12_081548.jpg','shinemuscat_2022_12_12_081548.jpg');
Insert into COLLABEE.VIEW_MYREVIEW (ORDER_NUM,MEMBER_NUM,PRODUCT_NUM,PRODUCT_NAME,DELIVERY_PICK,DELIVERY_STATUS,COUNT,SALEPRICE,NMEMBER_NUM,PRICE,REVIEW_STATUS,THUM_ORI_FILENAME,THUM_SYS_FILENAME) values ('22121435252520',1,999,'해남 호박고구마 1.5kg',to_date('22/12/15','RR/MM/DD'),'주문 완료',1,10900,null,10900,'N','sweetpotato.png','sweetpotato.png');
Insert into COLLABEE.VIEW_MYREVIEW (ORDER_NUM,MEMBER_NUM,PRODUCT_NUM,PRODUCT_NAME,DELIVERY_PICK,DELIVERY_STATUS,COUNT,SALEPRICE,NMEMBER_NUM,PRICE,REVIEW_STATUS,THUM_ORI_FILENAME,THUM_SYS_FILENAME) values ('22121456165452',null,72,'짱구김 4g X 16봉 (스티커 3개 랜덤 증정)',to_date('22/12/15','RR/MM/DD'),'주문 완료',1,8900,'0CWwW7',8900,'N','seaweed_2022_12_07_070225.jpg','seaweed_2022_12_07_070225.jpg');
Insert into COLLABEE.VIEW_MYREVIEW (ORDER_NUM,MEMBER_NUM,PRODUCT_NUM,PRODUCT_NAME,DELIVERY_PICK,DELIVERY_STATUS,COUNT,SALEPRICE,NMEMBER_NUM,PRICE,REVIEW_STATUS,THUM_ORI_FILENAME,THUM_SYS_FILENAME) values ('22121453344061',null,72,'짱구김 4g X 16봉 (스티커 3개 랜덤 증정)',to_date('22/12/15','RR/MM/DD'),'주문 완료',1,8900,'0CWwW7',8900,'N','seaweed_2022_12_07_070225.jpg','seaweed_2022_12_07_070225.jpg');
Insert into COLLABEE.VIEW_MYREVIEW (ORDER_NUM,MEMBER_NUM,PRODUCT_NUM,PRODUCT_NAME,DELIVERY_PICK,DELIVERY_STATUS,COUNT,SALEPRICE,NMEMBER_NUM,PRICE,REVIEW_STATUS,THUM_ORI_FILENAME,THUM_SYS_FILENAME) values ('22121576436231',null,10,'[태극당] 모나카 5개입',to_date('22/12/17','RR/MM/DD'),'주문 완료',1,14900,'z6FWkC',14900,'N','monaca.jpg','monaca.jpg');
Insert into COLLABEE.VIEW_MYREVIEW (ORDER_NUM,MEMBER_NUM,PRODUCT_NUM,PRODUCT_NAME,DELIVERY_PICK,DELIVERY_STATUS,COUNT,SALEPRICE,NMEMBER_NUM,PRICE,REVIEW_STATUS,THUM_ORI_FILENAME,THUM_SYS_FILENAME) values ('22121576436231',null,4,'[밀클레버] 미니붕어빵 4종',to_date('22/12/17','RR/MM/DD'),'주문 완료',1,5700,'z6FWkC',5700,'N','minibread.png','minibread.png');
Insert into COLLABEE.VIEW_MYREVIEW (ORDER_NUM,MEMBER_NUM,PRODUCT_NUM,PRODUCT_NAME,DELIVERY_PICK,DELIVERY_STATUS,COUNT,SALEPRICE,NMEMBER_NUM,PRICE,REVIEW_STATUS,THUM_ORI_FILENAME,THUM_SYS_FILENAME) values ('22121403070507',null,72,'짱구김 4g X 16봉 (스티커 3개 랜덤 증정)',to_date('22/12/15','RR/MM/DD'),'주문 완료',1,8900,'0CWwW7',8900,'N','seaweed_2022_12_07_070225.jpg','seaweed_2022_12_07_070225.jpg');
Insert into COLLABEE.VIEW_MYREVIEW (ORDER_NUM,MEMBER_NUM,PRODUCT_NUM,PRODUCT_NAME,DELIVERY_PICK,DELIVERY_STATUS,COUNT,SALEPRICE,NMEMBER_NUM,PRICE,REVIEW_STATUS,THUM_ORI_FILENAME,THUM_SYS_FILENAME) values ('22121576436231',null,81,'제주 무농약 노지 감귤 2kg',to_date('22/12/17','RR/MM/DD'),'주문 완료',2,9945,'z6FWkC',11700,'N','mandarin_2022_12_12_081406.jpg','mandarin_2022_12_12_081406.jpg');
Insert into COLLABEE.VIEW_MYREVIEW (ORDER_NUM,MEMBER_NUM,PRODUCT_NUM,PRODUCT_NAME,DELIVERY_PICK,DELIVERY_STATUS,COUNT,SALEPRICE,NMEMBER_NUM,PRICE,REVIEW_STATUS,THUM_ORI_FILENAME,THUM_SYS_FILENAME) values ('22121576436231',null,72,'짱구김 4g X 16봉 (스티커 3개 랜덤 증정)',to_date('22/12/17','RR/MM/DD'),'주문 완료',1,8900,'z6FWkC',8900,'N','seaweed_2022_12_07_070225.jpg','seaweed_2022_12_07_070225.jpg');
Insert into COLLABEE.VIEW_MYREVIEW (ORDER_NUM,MEMBER_NUM,PRODUCT_NUM,PRODUCT_NAME,DELIVERY_PICK,DELIVERY_STATUS,COUNT,SALEPRICE,NMEMBER_NUM,PRICE,REVIEW_STATUS,THUM_ORI_FILENAME,THUM_SYS_FILENAME) values ('22121576436231',null,68,'[픽어베이글] 베이글 8종',to_date('22/12/17','RR/MM/DD'),'주문 완료',1,2800,'z6FWkC',2800,'N','bagle_2022_12_07_030004.jpg','bagle_2022_12_07_030004.jpg');
Insert into COLLABEE.VIEW_MYREVIEW (ORDER_NUM,MEMBER_NUM,PRODUCT_NUM,PRODUCT_NAME,DELIVERY_PICK,DELIVERY_STATUS,COUNT,SALEPRICE,NMEMBER_NUM,PRICE,REVIEW_STATUS,THUM_ORI_FILENAME,THUM_SYS_FILENAME) values ('22121515706723',1,85,'콜라비 1개입',to_date('22/12/16','RR/MM/DD'),'주문 완료',1,2390,null,2390,'N','kohlrabi_2022_12_12_083431.jpg','kohlrabi_2022_12_12_083431.jpg');
Insert into COLLABEE.VIEW_MYREVIEW (ORDER_NUM,MEMBER_NUM,PRODUCT_NUM,PRODUCT_NAME,DELIVERY_PICK,DELIVERY_STATUS,COUNT,SALEPRICE,NMEMBER_NUM,PRICE,REVIEW_STATUS,THUM_ORI_FILENAME,THUM_SYS_FILENAME) values ('22121515706723',1,3,'태국산 망고 600g (2입)',to_date('22/12/16','RR/MM/DD'),'주문 완료',2,12900,null,15900,'N','2.avif','2.avif');
Insert into COLLABEE.VIEW_MYREVIEW (ORDER_NUM,MEMBER_NUM,PRODUCT_NUM,PRODUCT_NAME,DELIVERY_PICK,DELIVERY_STATUS,COUNT,SALEPRICE,NMEMBER_NUM,PRICE,REVIEW_STATUS,THUM_ORI_FILENAME,THUM_SYS_FILENAME) values ('22121515706723',1,82,'향기가득 샤인머스캣 700g',to_date('22/12/16','RR/MM/DD'),'주문 완료',2,13900,null,13900,'N','shinemuscat_2022_12_12_081548.jpg','shinemuscat_2022_12_12_081548.jpg');
Insert into COLLABEE.VIEW_MYREVIEW (ORDER_NUM,MEMBER_NUM,PRODUCT_NUM,PRODUCT_NAME,DELIVERY_PICK,DELIVERY_STATUS,COUNT,SALEPRICE,NMEMBER_NUM,PRICE,REVIEW_STATUS,THUM_ORI_FILENAME,THUM_SYS_FILENAME) values ('22121562661326',104,72,'짱구김 4g X 16봉 (스티커 3개 랜덤 증정)',to_date('22/12/16','RR/MM/DD'),'주문 완료',3,8900,null,8900,'Y','seaweed_2022_12_07_070225.jpg','seaweed_2022_12_07_070225.jpg');
Insert into COLLABEE.VIEW_MYREVIEW (ORDER_NUM,MEMBER_NUM,PRODUCT_NUM,PRODUCT_NAME,DELIVERY_PICK,DELIVERY_STATUS,COUNT,SALEPRICE,NMEMBER_NUM,PRICE,REVIEW_STATUS,THUM_ORI_FILENAME,THUM_SYS_FILENAME) values ('22122557336036',null,5,'[Eat''s Nice] 수플레 팬케이크 4종',to_date('22/12/27','RR/MM/DD'),'주문 완료',1,4950,'sWnyby',5500,'N','pancake.png','pancake.png');
Insert into COLLABEE.VIEW_MYREVIEW (ORDER_NUM,MEMBER_NUM,PRODUCT_NUM,PRODUCT_NAME,DELIVERY_PICK,DELIVERY_STATUS,COUNT,SALEPRICE,NMEMBER_NUM,PRICE,REVIEW_STATUS,THUM_ORI_FILENAME,THUM_SYS_FILENAME) values ('22122557336036',null,67,'[PPUL] 1++ 한우 치마살 150g (냉동)',to_date('22/12/27','RR/MM/DD'),'주문 완료',1,42000,'sWnyby',42000,'N','collection_4_1_chima.jpg','collection_4_1_chima.jpg');
Insert into COLLABEE.VIEW_MYREVIEW (ORDER_NUM,MEMBER_NUM,PRODUCT_NUM,PRODUCT_NAME,DELIVERY_PICK,DELIVERY_STATUS,COUNT,SALEPRICE,NMEMBER_NUM,PRICE,REVIEW_STATUS,THUM_ORI_FILENAME,THUM_SYS_FILENAME) values ('22122557336036',null,68,'[픽어베이글] 베이글 8종',to_date('22/12/27','RR/MM/DD'),'주문 완료',1,2800,'sWnyby',2800,'N','bagle_2022_12_07_030004.jpg','bagle_2022_12_07_030004.jpg');
REM INSERTING into COLLABEE.VIEW_MYREVIEW_WRT
SET DEFINE OFF;
Insert into COLLABEE.VIEW_MYREVIEW_WRT (ORDER_NUM,MEMBER_NUM,PRODUCT_NUM,PRODUCT_NAME,DELIVERY_PICK,DELIVERY_STATUS,COUNT,SALEPRICE,NMEMBER_NUM,PRICE,REVIEW_STATUS,THUM_ORI_FILENAME,THUM_SYS_FILENAME,REVIEW_NUM,R_CONTENT,R_ORI_FILENAME,R_SYS_FILENAME,R_DATE,REC,POINT) values ('22122557336036',null,68,'[픽어베이글] 베이글 8종',to_date('22/12/27','RR/MM/DD'),'주문 완료',1,2800,'sWnyby',2800,'N','bagle_2022_12_07_030004.jpg','bagle_2022_12_07_030004.jpg',null,null,null,null,null,null,null);
Insert into COLLABEE.VIEW_MYREVIEW_WRT (ORDER_NUM,MEMBER_NUM,PRODUCT_NUM,PRODUCT_NAME,DELIVERY_PICK,DELIVERY_STATUS,COUNT,SALEPRICE,NMEMBER_NUM,PRICE,REVIEW_STATUS,THUM_ORI_FILENAME,THUM_SYS_FILENAME,REVIEW_NUM,R_CONTENT,R_ORI_FILENAME,R_SYS_FILENAME,R_DATE,REC,POINT) values ('22122557336036',null,67,'[PPUL] 1++ 한우 치마살 150g (냉동)',to_date('22/12/27','RR/MM/DD'),'주문 완료',1,42000,'sWnyby',42000,'N','collection_4_1_chima.jpg','collection_4_1_chima.jpg',null,null,null,null,null,null,null);
Insert into COLLABEE.VIEW_MYREVIEW_WRT (ORDER_NUM,MEMBER_NUM,PRODUCT_NUM,PRODUCT_NAME,DELIVERY_PICK,DELIVERY_STATUS,COUNT,SALEPRICE,NMEMBER_NUM,PRICE,REVIEW_STATUS,THUM_ORI_FILENAME,THUM_SYS_FILENAME,REVIEW_NUM,R_CONTENT,R_ORI_FILENAME,R_SYS_FILENAME,R_DATE,REC,POINT) values ('22122557336036',null,5,'[Eat''s Nice] 수플레 팬케이크 4종',to_date('22/12/27','RR/MM/DD'),'주문 완료',1,4950,'sWnyby',5500,'N','pancake.png','pancake.png',null,null,null,null,null,null,null);
Insert into COLLABEE.VIEW_MYREVIEW_WRT (ORDER_NUM,MEMBER_NUM,PRODUCT_NUM,PRODUCT_NAME,DELIVERY_PICK,DELIVERY_STATUS,COUNT,SALEPRICE,NMEMBER_NUM,PRICE,REVIEW_STATUS,THUM_ORI_FILENAME,THUM_SYS_FILENAME,REVIEW_NUM,R_CONTENT,R_ORI_FILENAME,R_SYS_FILENAME,R_DATE,REC,POINT) values ('22121671653560',1,85,'콜라비 1개입',to_date('22/12/21','RR/MM/DD'),'주문 완료',5,2390,null,2390,'N','kohlrabi_2022_12_12_083431.jpg','kohlrabi_2022_12_12_083431.jpg',null,null,null,null,null,null,null);
Insert into COLLABEE.VIEW_MYREVIEW_WRT (ORDER_NUM,MEMBER_NUM,PRODUCT_NUM,PRODUCT_NAME,DELIVERY_PICK,DELIVERY_STATUS,COUNT,SALEPRICE,NMEMBER_NUM,PRICE,REVIEW_STATUS,THUM_ORI_FILENAME,THUM_SYS_FILENAME,REVIEW_NUM,R_CONTENT,R_ORI_FILENAME,R_SYS_FILENAME,R_DATE,REC,POINT) values ('22121671653560',1,84,'친환경 브로콜리 1개입',to_date('22/12/21','RR/MM/DD'),'주문 완료',1,4240,null,4690,'N','broccoli_2022_12_12_083119.jpg','broccoli_2022_12_12_083119.jpg',null,null,null,null,null,null,null);
Insert into COLLABEE.VIEW_MYREVIEW_WRT (ORDER_NUM,MEMBER_NUM,PRODUCT_NUM,PRODUCT_NAME,DELIVERY_PICK,DELIVERY_STATUS,COUNT,SALEPRICE,NMEMBER_NUM,PRICE,REVIEW_STATUS,THUM_ORI_FILENAME,THUM_SYS_FILENAME,REVIEW_NUM,R_CONTENT,R_ORI_FILENAME,R_SYS_FILENAME,R_DATE,REC,POINT) values ('22121671653560',1,81,'제주 무농약 노지 감귤 2kg',to_date('22/12/21','RR/MM/DD'),'주문 완료',1,9945,null,11700,'N','mandarin_2022_12_12_081406.jpg','mandarin_2022_12_12_081406.jpg',null,null,null,null,null,null,null);
Insert into COLLABEE.VIEW_MYREVIEW_WRT (ORDER_NUM,MEMBER_NUM,PRODUCT_NUM,PRODUCT_NAME,DELIVERY_PICK,DELIVERY_STATUS,COUNT,SALEPRICE,NMEMBER_NUM,PRICE,REVIEW_STATUS,THUM_ORI_FILENAME,THUM_SYS_FILENAME,REVIEW_NUM,R_CONTENT,R_ORI_FILENAME,R_SYS_FILENAME,R_DATE,REC,POINT) values ('22121671653560',1,72,'짱구김 4g X 16봉 (스티커 3개 랜덤 증정)',to_date('22/12/21','RR/MM/DD'),'주문 완료',1,8900,null,8900,'N','seaweed_2022_12_07_070225.jpg','seaweed_2022_12_07_070225.jpg',null,null,null,null,null,null,null);
Insert into COLLABEE.VIEW_MYREVIEW_WRT (ORDER_NUM,MEMBER_NUM,PRODUCT_NUM,PRODUCT_NAME,DELIVERY_PICK,DELIVERY_STATUS,COUNT,SALEPRICE,NMEMBER_NUM,PRICE,REVIEW_STATUS,THUM_ORI_FILENAME,THUM_SYS_FILENAME,REVIEW_NUM,R_CONTENT,R_ORI_FILENAME,R_SYS_FILENAME,R_DATE,REC,POINT) values ('22121671653560',1,2,'[최현석의 쵸이닷] 트러플 크림 뇨끼',to_date('22/12/21','RR/MM/DD'),'주문 완료',1,6750,null,7500,'N','pasta_2022_12_09_160940.jpg','pasta_2022_12_09_160940.jpg',null,null,null,null,null,null,null);
Insert into COLLABEE.VIEW_MYREVIEW_WRT (ORDER_NUM,MEMBER_NUM,PRODUCT_NUM,PRODUCT_NAME,DELIVERY_PICK,DELIVERY_STATUS,COUNT,SALEPRICE,NMEMBER_NUM,PRICE,REVIEW_STATUS,THUM_ORI_FILENAME,THUM_SYS_FILENAME,REVIEW_NUM,R_CONTENT,R_ORI_FILENAME,R_SYS_FILENAME,R_DATE,REC,POINT) values ('22121631323024',1,83,'금실 딸기 500g',to_date('22/12/17','RR/MM/DD'),'주문 완료',1,12530,null,17900,'N','strawberry_2022_12_12_081718.jpg','strawberry_2022_12_12_081718.jpg',null,null,null,null,null,null,null);
Insert into COLLABEE.VIEW_MYREVIEW_WRT (ORDER_NUM,MEMBER_NUM,PRODUCT_NUM,PRODUCT_NAME,DELIVERY_PICK,DELIVERY_STATUS,COUNT,SALEPRICE,NMEMBER_NUM,PRICE,REVIEW_STATUS,THUM_ORI_FILENAME,THUM_SYS_FILENAME,REVIEW_NUM,R_CONTENT,R_ORI_FILENAME,R_SYS_FILENAME,R_DATE,REC,POINT) values ('22121600611304',null,72,'짱구김 4g X 16봉 (스티커 3개 랜덤 증정)',to_date('22/12/17','RR/MM/DD'),'주문 완료',5,8900,'a6U6Pp',8900,'N','seaweed_2022_12_07_070225.jpg','seaweed_2022_12_07_070225.jpg',null,null,null,null,null,null,null);
Insert into COLLABEE.VIEW_MYREVIEW_WRT (ORDER_NUM,MEMBER_NUM,PRODUCT_NUM,PRODUCT_NAME,DELIVERY_PICK,DELIVERY_STATUS,COUNT,SALEPRICE,NMEMBER_NUM,PRICE,REVIEW_STATUS,THUM_ORI_FILENAME,THUM_SYS_FILENAME,REVIEW_NUM,R_CONTENT,R_ORI_FILENAME,R_SYS_FILENAME,R_DATE,REC,POINT) values ('22121600611304',null,4,'[밀클레버] 미니붕어빵 4종',to_date('22/12/17','RR/MM/DD'),'주문 완료',3,5700,'a6U6Pp',5700,'N','minibread.png','minibread.png',null,null,null,null,null,null,null);
Insert into COLLABEE.VIEW_MYREVIEW_WRT (ORDER_NUM,MEMBER_NUM,PRODUCT_NUM,PRODUCT_NAME,DELIVERY_PICK,DELIVERY_STATUS,COUNT,SALEPRICE,NMEMBER_NUM,PRICE,REVIEW_STATUS,THUM_ORI_FILENAME,THUM_SYS_FILENAME,REVIEW_NUM,R_CONTENT,R_ORI_FILENAME,R_SYS_FILENAME,R_DATE,REC,POINT) values ('22121600611304',null,3,'태국산 망고 600g (2입)',to_date('22/12/17','RR/MM/DD'),'주문 완료',2,12900,'a6U6Pp',15900,'N','2.avif','2.avif',null,null,null,null,null,null,null);
Insert into COLLABEE.VIEW_MYREVIEW_WRT (ORDER_NUM,MEMBER_NUM,PRODUCT_NUM,PRODUCT_NAME,DELIVERY_PICK,DELIVERY_STATUS,COUNT,SALEPRICE,NMEMBER_NUM,PRICE,REVIEW_STATUS,THUM_ORI_FILENAME,THUM_SYS_FILENAME,REVIEW_NUM,R_CONTENT,R_ORI_FILENAME,R_SYS_FILENAME,R_DATE,REC,POINT) values ('22121576436231',null,81,'제주 무농약 노지 감귤 2kg',to_date('22/12/17','RR/MM/DD'),'주문 완료',2,9945,'z6FWkC',11700,'N','mandarin_2022_12_12_081406.jpg','mandarin_2022_12_12_081406.jpg',null,null,null,null,null,null,null);
Insert into COLLABEE.VIEW_MYREVIEW_WRT (ORDER_NUM,MEMBER_NUM,PRODUCT_NUM,PRODUCT_NAME,DELIVERY_PICK,DELIVERY_STATUS,COUNT,SALEPRICE,NMEMBER_NUM,PRICE,REVIEW_STATUS,THUM_ORI_FILENAME,THUM_SYS_FILENAME,REVIEW_NUM,R_CONTENT,R_ORI_FILENAME,R_SYS_FILENAME,R_DATE,REC,POINT) values ('22121576436231',null,72,'짱구김 4g X 16봉 (스티커 3개 랜덤 증정)',to_date('22/12/17','RR/MM/DD'),'주문 완료',1,8900,'z6FWkC',8900,'N','seaweed_2022_12_07_070225.jpg','seaweed_2022_12_07_070225.jpg',null,null,null,null,null,null,null);
Insert into COLLABEE.VIEW_MYREVIEW_WRT (ORDER_NUM,MEMBER_NUM,PRODUCT_NUM,PRODUCT_NAME,DELIVERY_PICK,DELIVERY_STATUS,COUNT,SALEPRICE,NMEMBER_NUM,PRICE,REVIEW_STATUS,THUM_ORI_FILENAME,THUM_SYS_FILENAME,REVIEW_NUM,R_CONTENT,R_ORI_FILENAME,R_SYS_FILENAME,R_DATE,REC,POINT) values ('22121576436231',null,68,'[픽어베이글] 베이글 8종',to_date('22/12/17','RR/MM/DD'),'주문 완료',1,2800,'z6FWkC',2800,'N','bagle_2022_12_07_030004.jpg','bagle_2022_12_07_030004.jpg',null,null,null,null,null,null,null);
Insert into COLLABEE.VIEW_MYREVIEW_WRT (ORDER_NUM,MEMBER_NUM,PRODUCT_NUM,PRODUCT_NAME,DELIVERY_PICK,DELIVERY_STATUS,COUNT,SALEPRICE,NMEMBER_NUM,PRICE,REVIEW_STATUS,THUM_ORI_FILENAME,THUM_SYS_FILENAME,REVIEW_NUM,R_CONTENT,R_ORI_FILENAME,R_SYS_FILENAME,R_DATE,REC,POINT) values ('22121576436231',null,10,'[태극당] 모나카 5개입',to_date('22/12/17','RR/MM/DD'),'주문 완료',1,14900,'z6FWkC',14900,'N','monaca.jpg','monaca.jpg',null,null,null,null,null,null,null);
Insert into COLLABEE.VIEW_MYREVIEW_WRT (ORDER_NUM,MEMBER_NUM,PRODUCT_NUM,PRODUCT_NAME,DELIVERY_PICK,DELIVERY_STATUS,COUNT,SALEPRICE,NMEMBER_NUM,PRICE,REVIEW_STATUS,THUM_ORI_FILENAME,THUM_SYS_FILENAME,REVIEW_NUM,R_CONTENT,R_ORI_FILENAME,R_SYS_FILENAME,R_DATE,REC,POINT) values ('22121576436231',null,4,'[밀클레버] 미니붕어빵 4종',to_date('22/12/17','RR/MM/DD'),'주문 완료',1,5700,'z6FWkC',5700,'N','minibread.png','minibread.png',null,null,null,null,null,null,null);
Insert into COLLABEE.VIEW_MYREVIEW_WRT (ORDER_NUM,MEMBER_NUM,PRODUCT_NUM,PRODUCT_NAME,DELIVERY_PICK,DELIVERY_STATUS,COUNT,SALEPRICE,NMEMBER_NUM,PRICE,REVIEW_STATUS,THUM_ORI_FILENAME,THUM_SYS_FILENAME,REVIEW_NUM,R_CONTENT,R_ORI_FILENAME,R_SYS_FILENAME,R_DATE,REC,POINT) values ('22121562661326',104,72,'짱구김 4g X 16봉 (스티커 3개 랜덤 증정)',to_date('22/12/16','RR/MM/DD'),'주문 완료',3,8900,null,8900,'Y','seaweed_2022_12_07_070225.jpg','seaweed_2022_12_07_070225.jpg',89,'아아아',null,null,to_date('22/12/15','RR/MM/DD'),0,100);
Insert into COLLABEE.VIEW_MYREVIEW_WRT (ORDER_NUM,MEMBER_NUM,PRODUCT_NUM,PRODUCT_NAME,DELIVERY_PICK,DELIVERY_STATUS,COUNT,SALEPRICE,NMEMBER_NUM,PRICE,REVIEW_STATUS,THUM_ORI_FILENAME,THUM_SYS_FILENAME,REVIEW_NUM,R_CONTENT,R_ORI_FILENAME,R_SYS_FILENAME,R_DATE,REC,POINT) values ('22121562335641',1,82,'향기가득 샤인머스캣 700g',to_date('22/12/17','RR/MM/DD'),'주문 완료',2,13900,null,13900,'Y','shinemuscat_2022_12_12_081548.jpg','shinemuscat_2022_12_12_081548.jpg',null,null,null,null,null,null,null);
Insert into COLLABEE.VIEW_MYREVIEW_WRT (ORDER_NUM,MEMBER_NUM,PRODUCT_NUM,PRODUCT_NAME,DELIVERY_PICK,DELIVERY_STATUS,COUNT,SALEPRICE,NMEMBER_NUM,PRICE,REVIEW_STATUS,THUM_ORI_FILENAME,THUM_SYS_FILENAME,REVIEW_NUM,R_CONTENT,R_ORI_FILENAME,R_SYS_FILENAME,R_DATE,REC,POINT) values ('22121562335641',1,68,'[픽어베이글] 베이글 8종',to_date('22/12/17','RR/MM/DD'),'주문 완료',3,2800,null,2800,'N','bagle_2022_12_07_030004.jpg','bagle_2022_12_07_030004.jpg',null,null,null,null,null,null,null);
Insert into COLLABEE.VIEW_MYREVIEW_WRT (ORDER_NUM,MEMBER_NUM,PRODUCT_NUM,PRODUCT_NAME,DELIVERY_PICK,DELIVERY_STATUS,COUNT,SALEPRICE,NMEMBER_NUM,PRICE,REVIEW_STATUS,THUM_ORI_FILENAME,THUM_SYS_FILENAME,REVIEW_NUM,R_CONTENT,R_ORI_FILENAME,R_SYS_FILENAME,R_DATE,REC,POINT) values ('22121562335641',1,4,'[밀클레버] 미니붕어빵 4종',to_date('22/12/17','RR/MM/DD'),'주문 완료',3,5700,null,5700,'Y','minibread.png','minibread.png',87,'붕어빵낸하','icons8-동그라미-q-48.png','4cb0c646-6352-453b-9de3-1356e862f0d7.jpg',to_date('22/12/15','RR/MM/DD'),0,200);
Insert into COLLABEE.VIEW_MYREVIEW_WRT (ORDER_NUM,MEMBER_NUM,PRODUCT_NUM,PRODUCT_NAME,DELIVERY_PICK,DELIVERY_STATUS,COUNT,SALEPRICE,NMEMBER_NUM,PRICE,REVIEW_STATUS,THUM_ORI_FILENAME,THUM_SYS_FILENAME,REVIEW_NUM,R_CONTENT,R_ORI_FILENAME,R_SYS_FILENAME,R_DATE,REC,POINT) values ('22121554765225',104,999,'해남 호박고구마 1.5kg',to_date('22/12/16','RR/MM/DD'),'주문 완료',2,10900,null,10900,'N','sweetpotato.png','sweetpotato.png',null,null,null,null,null,null,null);
Insert into COLLABEE.VIEW_MYREVIEW_WRT (ORDER_NUM,MEMBER_NUM,PRODUCT_NUM,PRODUCT_NAME,DELIVERY_PICK,DELIVERY_STATUS,COUNT,SALEPRICE,NMEMBER_NUM,PRICE,REVIEW_STATUS,THUM_ORI_FILENAME,THUM_SYS_FILENAME,REVIEW_NUM,R_CONTENT,R_ORI_FILENAME,R_SYS_FILENAME,R_DATE,REC,POINT) values ('22121554765225',104,82,'향기가득 샤인머스캣 700g',to_date('22/12/16','RR/MM/DD'),'주문 완료',1,13900,null,13900,'N','shinemuscat_2022_12_12_081548.jpg','shinemuscat_2022_12_12_081548.jpg',null,null,null,null,null,null,null);
Insert into COLLABEE.VIEW_MYREVIEW_WRT (ORDER_NUM,MEMBER_NUM,PRODUCT_NUM,PRODUCT_NAME,DELIVERY_PICK,DELIVERY_STATUS,COUNT,SALEPRICE,NMEMBER_NUM,PRICE,REVIEW_STATUS,THUM_ORI_FILENAME,THUM_SYS_FILENAME,REVIEW_NUM,R_CONTENT,R_ORI_FILENAME,R_SYS_FILENAME,R_DATE,REC,POINT) values ('22121554765225',104,72,'짱구김 4g X 16봉 (스티커 3개 랜덤 증정)',to_date('22/12/16','RR/MM/DD'),'주문 완료',12,8900,null,8900,'Y','seaweed_2022_12_07_070225.jpg','seaweed_2022_12_07_070225.jpg',88,'후기!2022','1.jpg','bc62843d-8f93-4c0c-ab39-54a54346fd7b.jpg',to_date('22/12/15','RR/MM/DD'),0,100);
Insert into COLLABEE.VIEW_MYREVIEW_WRT (ORDER_NUM,MEMBER_NUM,PRODUCT_NUM,PRODUCT_NAME,DELIVERY_PICK,DELIVERY_STATUS,COUNT,SALEPRICE,NMEMBER_NUM,PRICE,REVIEW_STATUS,THUM_ORI_FILENAME,THUM_SYS_FILENAME,REVIEW_NUM,R_CONTENT,R_ORI_FILENAME,R_SYS_FILENAME,R_DATE,REC,POINT) values ('22121554765225',104,2,'[최현석의 쵸이닷] 트러플 크림 뇨끼',to_date('22/12/16','RR/MM/DD'),'주문 완료',8,6750,null,7500,'N','pasta_2022_12_09_160940.jpg','pasta_2022_12_09_160940.jpg',null,null,null,null,null,null,null);
Insert into COLLABEE.VIEW_MYREVIEW_WRT (ORDER_NUM,MEMBER_NUM,PRODUCT_NUM,PRODUCT_NAME,DELIVERY_PICK,DELIVERY_STATUS,COUNT,SALEPRICE,NMEMBER_NUM,PRICE,REVIEW_STATUS,THUM_ORI_FILENAME,THUM_SYS_FILENAME,REVIEW_NUM,R_CONTENT,R_ORI_FILENAME,R_SYS_FILENAME,R_DATE,REC,POINT) values ('22121553651711',110,84,'친환경 브로콜리 1개입',to_date('22/12/16','RR/MM/DD'),'주문 완료',1,4240,null,4690,'Y','broccoli_2022_12_12_083119.jpg','broccoli_2022_12_12_083119.jpg',90,'브로코리 보리코리','1234.jpg','d6de2710-e710-4548-a62a-d967a987ca01.jpg',to_date('22/12/16','RR/MM/DD'),0,200);
Insert into COLLABEE.VIEW_MYREVIEW_WRT (ORDER_NUM,MEMBER_NUM,PRODUCT_NUM,PRODUCT_NAME,DELIVERY_PICK,DELIVERY_STATUS,COUNT,SALEPRICE,NMEMBER_NUM,PRICE,REVIEW_STATUS,THUM_ORI_FILENAME,THUM_SYS_FILENAME,REVIEW_NUM,R_CONTENT,R_ORI_FILENAME,R_SYS_FILENAME,R_DATE,REC,POINT) values ('22121553651711',110,81,'제주 무농약 노지 감귤 2kg',to_date('22/12/16','RR/MM/DD'),'주문 완료',1,9945,null,11700,'Y','mandarin_2022_12_12_081406.jpg','mandarin_2022_12_12_081406.jpg',null,null,null,null,null,null,null);
Insert into COLLABEE.VIEW_MYREVIEW_WRT (ORDER_NUM,MEMBER_NUM,PRODUCT_NUM,PRODUCT_NAME,DELIVERY_PICK,DELIVERY_STATUS,COUNT,SALEPRICE,NMEMBER_NUM,PRICE,REVIEW_STATUS,THUM_ORI_FILENAME,THUM_SYS_FILENAME,REVIEW_NUM,R_CONTENT,R_ORI_FILENAME,R_SYS_FILENAME,R_DATE,REC,POINT) values ('22121553651711',110,72,'짱구김 4g X 16봉 (스티커 3개 랜덤 증정)',to_date('22/12/16','RR/MM/DD'),'주문 완료',4,8900,null,8900,'N','seaweed_2022_12_07_070225.jpg','seaweed_2022_12_07_070225.jpg',null,null,null,null,null,null,null);
Insert into COLLABEE.VIEW_MYREVIEW_WRT (ORDER_NUM,MEMBER_NUM,PRODUCT_NUM,PRODUCT_NAME,DELIVERY_PICK,DELIVERY_STATUS,COUNT,SALEPRICE,NMEMBER_NUM,PRICE,REVIEW_STATUS,THUM_ORI_FILENAME,THUM_SYS_FILENAME,REVIEW_NUM,R_CONTENT,R_ORI_FILENAME,R_SYS_FILENAME,R_DATE,REC,POINT) values ('22121553651711',110,5,'[Eat''s Nice] 수플레 팬케이크 4종',to_date('22/12/16','RR/MM/DD'),'주문 완료',4,4950,null,5500,'N','pancake.png','pancake.png',null,null,null,null,null,null,null);
Insert into COLLABEE.VIEW_MYREVIEW_WRT (ORDER_NUM,MEMBER_NUM,PRODUCT_NUM,PRODUCT_NAME,DELIVERY_PICK,DELIVERY_STATUS,COUNT,SALEPRICE,NMEMBER_NUM,PRICE,REVIEW_STATUS,THUM_ORI_FILENAME,THUM_SYS_FILENAME,REVIEW_NUM,R_CONTENT,R_ORI_FILENAME,R_SYS_FILENAME,R_DATE,REC,POINT) values ('22121553651711',110,2,'[최현석의 쵸이닷] 트러플 크림 뇨끼',to_date('22/12/16','RR/MM/DD'),'주문 완료',2,6750,null,7500,'N','pasta_2022_12_09_160940.jpg','pasta_2022_12_09_160940.jpg',null,null,null,null,null,null,null);
Insert into COLLABEE.VIEW_MYREVIEW_WRT (ORDER_NUM,MEMBER_NUM,PRODUCT_NUM,PRODUCT_NAME,DELIVERY_PICK,DELIVERY_STATUS,COUNT,SALEPRICE,NMEMBER_NUM,PRICE,REVIEW_STATUS,THUM_ORI_FILENAME,THUM_SYS_FILENAME,REVIEW_NUM,R_CONTENT,R_ORI_FILENAME,R_SYS_FILENAME,R_DATE,REC,POINT) values ('22121541406671',null,999,'해남 호박고구마 1.5kg',to_date('22/12/18','RR/MM/DD'),'주문 완료',3,10900,'xU2u4Z',10900,'N','sweetpotato.png','sweetpotato.png',null,null,null,null,null,null,null);
Insert into COLLABEE.VIEW_MYREVIEW_WRT (ORDER_NUM,MEMBER_NUM,PRODUCT_NUM,PRODUCT_NAME,DELIVERY_PICK,DELIVERY_STATUS,COUNT,SALEPRICE,NMEMBER_NUM,PRICE,REVIEW_STATUS,THUM_ORI_FILENAME,THUM_SYS_FILENAME,REVIEW_NUM,R_CONTENT,R_ORI_FILENAME,R_SYS_FILENAME,R_DATE,REC,POINT) values ('22121541406671',null,81,'제주 무농약 노지 감귤 2kg',to_date('22/12/18','RR/MM/DD'),'주문 완료',5,9945,'xU2u4Z',11700,'N','mandarin_2022_12_12_081406.jpg','mandarin_2022_12_12_081406.jpg',null,null,null,null,null,null,null);
Insert into COLLABEE.VIEW_MYREVIEW_WRT (ORDER_NUM,MEMBER_NUM,PRODUCT_NUM,PRODUCT_NAME,DELIVERY_PICK,DELIVERY_STATUS,COUNT,SALEPRICE,NMEMBER_NUM,PRICE,REVIEW_STATUS,THUM_ORI_FILENAME,THUM_SYS_FILENAME,REVIEW_NUM,R_CONTENT,R_ORI_FILENAME,R_SYS_FILENAME,R_DATE,REC,POINT) values ('22121541406671',null,71,'[만선] 남해안 왕바지락 500g (생물)',to_date('22/12/18','RR/MM/DD'),'주문 완료',2,7650,'xU2u4Z',8500,'N','Clam_2022_12_07_052500.jpg','Clam_2022_12_07_052500.jpg',null,null,null,null,null,null,null);
Insert into COLLABEE.VIEW_MYREVIEW_WRT (ORDER_NUM,MEMBER_NUM,PRODUCT_NUM,PRODUCT_NAME,DELIVERY_PICK,DELIVERY_STATUS,COUNT,SALEPRICE,NMEMBER_NUM,PRICE,REVIEW_STATUS,THUM_ORI_FILENAME,THUM_SYS_FILENAME,REVIEW_NUM,R_CONTENT,R_ORI_FILENAME,R_SYS_FILENAME,R_DATE,REC,POINT) values ('22121541406671',null,3,'태국산 망고 600g (2입)',to_date('22/12/18','RR/MM/DD'),'주문 완료',4,12900,'xU2u4Z',15900,'N','2.avif','2.avif',null,null,null,null,null,null,null);
Insert into COLLABEE.VIEW_MYREVIEW_WRT (ORDER_NUM,MEMBER_NUM,PRODUCT_NUM,PRODUCT_NAME,DELIVERY_PICK,DELIVERY_STATUS,COUNT,SALEPRICE,NMEMBER_NUM,PRICE,REVIEW_STATUS,THUM_ORI_FILENAME,THUM_SYS_FILENAME,REVIEW_NUM,R_CONTENT,R_ORI_FILENAME,R_SYS_FILENAME,R_DATE,REC,POINT) values ('22121515706723',1,85,'콜라비 1개입',to_date('22/12/16','RR/MM/DD'),'주문 완료',1,2390,null,2390,'N','kohlrabi_2022_12_12_083431.jpg','kohlrabi_2022_12_12_083431.jpg',null,null,null,null,null,null,null);
Insert into COLLABEE.VIEW_MYREVIEW_WRT (ORDER_NUM,MEMBER_NUM,PRODUCT_NUM,PRODUCT_NAME,DELIVERY_PICK,DELIVERY_STATUS,COUNT,SALEPRICE,NMEMBER_NUM,PRICE,REVIEW_STATUS,THUM_ORI_FILENAME,THUM_SYS_FILENAME,REVIEW_NUM,R_CONTENT,R_ORI_FILENAME,R_SYS_FILENAME,R_DATE,REC,POINT) values ('22121515706723',1,82,'향기가득 샤인머스캣 700g',to_date('22/12/16','RR/MM/DD'),'주문 완료',2,13900,null,13900,'N','shinemuscat_2022_12_12_081548.jpg','shinemuscat_2022_12_12_081548.jpg',null,null,null,null,null,null,null);
Insert into COLLABEE.VIEW_MYREVIEW_WRT (ORDER_NUM,MEMBER_NUM,PRODUCT_NUM,PRODUCT_NAME,DELIVERY_PICK,DELIVERY_STATUS,COUNT,SALEPRICE,NMEMBER_NUM,PRICE,REVIEW_STATUS,THUM_ORI_FILENAME,THUM_SYS_FILENAME,REVIEW_NUM,R_CONTENT,R_ORI_FILENAME,R_SYS_FILENAME,R_DATE,REC,POINT) values ('22121515706723',1,3,'태국산 망고 600g (2입)',to_date('22/12/16','RR/MM/DD'),'주문 완료',2,12900,null,15900,'N','2.avif','2.avif',null,null,null,null,null,null,null);
Insert into COLLABEE.VIEW_MYREVIEW_WRT (ORDER_NUM,MEMBER_NUM,PRODUCT_NUM,PRODUCT_NAME,DELIVERY_PICK,DELIVERY_STATUS,COUNT,SALEPRICE,NMEMBER_NUM,PRICE,REVIEW_STATUS,THUM_ORI_FILENAME,THUM_SYS_FILENAME,REVIEW_NUM,R_CONTENT,R_ORI_FILENAME,R_SYS_FILENAME,R_DATE,REC,POINT) values ('22121477663361',1,1,'무농약 제주 청레몬 450g (3~5입)',to_date('22/12/15','RR/MM/DD'),'주문 완료',6,7900,null,7900,'Y','1.jpg','1.jpg',null,null,null,null,null,null,null);
Insert into COLLABEE.VIEW_MYREVIEW_WRT (ORDER_NUM,MEMBER_NUM,PRODUCT_NUM,PRODUCT_NAME,DELIVERY_PICK,DELIVERY_STATUS,COUNT,SALEPRICE,NMEMBER_NUM,PRICE,REVIEW_STATUS,THUM_ORI_FILENAME,THUM_SYS_FILENAME,REVIEW_NUM,R_CONTENT,R_ORI_FILENAME,R_SYS_FILENAME,R_DATE,REC,POINT) values ('22121471054026',110,72,'짱구김 4g X 16봉 (스티커 3개 랜덤 증정)',to_date('22/12/15','RR/MM/DD'),'주문 완료',1,8900,null,8900,'N','seaweed_2022_12_07_070225.jpg','seaweed_2022_12_07_070225.jpg',null,null,null,null,null,null,null);
Insert into COLLABEE.VIEW_MYREVIEW_WRT (ORDER_NUM,MEMBER_NUM,PRODUCT_NUM,PRODUCT_NAME,DELIVERY_PICK,DELIVERY_STATUS,COUNT,SALEPRICE,NMEMBER_NUM,PRICE,REVIEW_STATUS,THUM_ORI_FILENAME,THUM_SYS_FILENAME,REVIEW_NUM,R_CONTENT,R_ORI_FILENAME,R_SYS_FILENAME,R_DATE,REC,POINT) values ('22121471054026',110,67,'[PPUL] 1++ 한우 치마살 150g (냉동)',to_date('22/12/15','RR/MM/DD'),'주문 완료',1,42000,null,42000,'N','collection_4_1_chima.jpg','collection_4_1_chima.jpg',null,null,null,null,null,null,null);
Insert into COLLABEE.VIEW_MYREVIEW_WRT (ORDER_NUM,MEMBER_NUM,PRODUCT_NUM,PRODUCT_NAME,DELIVERY_PICK,DELIVERY_STATUS,COUNT,SALEPRICE,NMEMBER_NUM,PRICE,REVIEW_STATUS,THUM_ORI_FILENAME,THUM_SYS_FILENAME,REVIEW_NUM,R_CONTENT,R_ORI_FILENAME,R_SYS_FILENAME,R_DATE,REC,POINT) values ('22121465246143',1,81,'제주 무농약 노지 감귤 2kg',to_date('22/12/16','RR/MM/DD'),'주문 완료',1,9945,null,11700,'N','mandarin_2022_12_12_081406.jpg','mandarin_2022_12_12_081406.jpg',null,null,null,null,null,null,null);
Insert into COLLABEE.VIEW_MYREVIEW_WRT (ORDER_NUM,MEMBER_NUM,PRODUCT_NUM,PRODUCT_NAME,DELIVERY_PICK,DELIVERY_STATUS,COUNT,SALEPRICE,NMEMBER_NUM,PRICE,REVIEW_STATUS,THUM_ORI_FILENAME,THUM_SYS_FILENAME,REVIEW_NUM,R_CONTENT,R_ORI_FILENAME,R_SYS_FILENAME,R_DATE,REC,POINT) values ('22121465246143',1,72,'짱구김 4g X 16봉 (스티커 3개 랜덤 증정)',to_date('22/12/16','RR/MM/DD'),'주문 완료',4,8900,null,8900,'Y','seaweed_2022_12_07_070225.jpg','seaweed_2022_12_07_070225.jpg',72,'ㅋㅋㅋㅋㅋㅋㅋㅋㅋㅋㅋㅋㅋ',null,null,to_date('22/12/15','RR/MM/DD'),0,200);
Insert into COLLABEE.VIEW_MYREVIEW_WRT (ORDER_NUM,MEMBER_NUM,PRODUCT_NUM,PRODUCT_NAME,DELIVERY_PICK,DELIVERY_STATUS,COUNT,SALEPRICE,NMEMBER_NUM,PRICE,REVIEW_STATUS,THUM_ORI_FILENAME,THUM_SYS_FILENAME,REVIEW_NUM,R_CONTENT,R_ORI_FILENAME,R_SYS_FILENAME,R_DATE,REC,POINT) values ('22121465246143',1,8,'로스티드 솔티드 마카다미아 270g',to_date('22/12/16','RR/MM/DD'),'주문 완료',1,18900,null,18900,'N','macadamia.png','macadamia.png',null,null,null,null,null,null,null);
Insert into COLLABEE.VIEW_MYREVIEW_WRT (ORDER_NUM,MEMBER_NUM,PRODUCT_NUM,PRODUCT_NAME,DELIVERY_PICK,DELIVERY_STATUS,COUNT,SALEPRICE,NMEMBER_NUM,PRICE,REVIEW_STATUS,THUM_ORI_FILENAME,THUM_SYS_FILENAME,REVIEW_NUM,R_CONTENT,R_ORI_FILENAME,R_SYS_FILENAME,R_DATE,REC,POINT) values ('22121465246143',1,7,'[로얄코펜하겐] 베라왕 다이아몬드 모자이크 고블렛 와인클라스 2P 세트',to_date('22/12/16','RR/MM/DD'),'주문 완료',1,154000,null,220000,'N','verawang.png','verawang.png',null,null,null,null,null,null,null);
Insert into COLLABEE.VIEW_MYREVIEW_WRT (ORDER_NUM,MEMBER_NUM,PRODUCT_NUM,PRODUCT_NAME,DELIVERY_PICK,DELIVERY_STATUS,COUNT,SALEPRICE,NMEMBER_NUM,PRICE,REVIEW_STATUS,THUM_ORI_FILENAME,THUM_SYS_FILENAME,REVIEW_NUM,R_CONTENT,R_ORI_FILENAME,R_SYS_FILENAME,R_DATE,REC,POINT) values ('22121465246143',1,6,'[네오플램] NEW FIKA 쿡웨어 팬',to_date('22/12/16','RR/MM/DD'),'주문 완료',1,29900,null,29900,'N','newfika.png','newfika.png',null,null,null,null,null,null,null);
Insert into COLLABEE.VIEW_MYREVIEW_WRT (ORDER_NUM,MEMBER_NUM,PRODUCT_NUM,PRODUCT_NAME,DELIVERY_PICK,DELIVERY_STATUS,COUNT,SALEPRICE,NMEMBER_NUM,PRICE,REVIEW_STATUS,THUM_ORI_FILENAME,THUM_SYS_FILENAME,REVIEW_NUM,R_CONTENT,R_ORI_FILENAME,R_SYS_FILENAME,R_DATE,REC,POINT) values ('22121465246143',1,5,'[Eat''s Nice] 수플레 팬케이크 4종',to_date('22/12/16','RR/MM/DD'),'주문 완료',1,4950,null,5500,'N','pancake.png','pancake.png',null,null,null,null,null,null,null);
Insert into COLLABEE.VIEW_MYREVIEW_WRT (ORDER_NUM,MEMBER_NUM,PRODUCT_NUM,PRODUCT_NAME,DELIVERY_PICK,DELIVERY_STATUS,COUNT,SALEPRICE,NMEMBER_NUM,PRICE,REVIEW_STATUS,THUM_ORI_FILENAME,THUM_SYS_FILENAME,REVIEW_NUM,R_CONTENT,R_ORI_FILENAME,R_SYS_FILENAME,R_DATE,REC,POINT) values ('22121465246143',1,4,'[밀클레버] 미니붕어빵 4종',to_date('22/12/16','RR/MM/DD'),'주문 완료',1,5700,null,5700,'N','minibread.png','minibread.png',null,null,null,null,null,null,null);
Insert into COLLABEE.VIEW_MYREVIEW_WRT (ORDER_NUM,MEMBER_NUM,PRODUCT_NUM,PRODUCT_NAME,DELIVERY_PICK,DELIVERY_STATUS,COUNT,SALEPRICE,NMEMBER_NUM,PRICE,REVIEW_STATUS,THUM_ORI_FILENAME,THUM_SYS_FILENAME,REVIEW_NUM,R_CONTENT,R_ORI_FILENAME,R_SYS_FILENAME,R_DATE,REC,POINT) values ('22121465246143',1,2,'[최현석의 쵸이닷] 트러플 크림 뇨끼',to_date('22/12/16','RR/MM/DD'),'주문 완료',2,6750,null,7500,'Y','pasta_2022_12_09_160940.jpg','pasta_2022_12_09_160940.jpg',null,null,null,null,null,null,null);
Insert into COLLABEE.VIEW_MYREVIEW_WRT (ORDER_NUM,MEMBER_NUM,PRODUCT_NUM,PRODUCT_NAME,DELIVERY_PICK,DELIVERY_STATUS,COUNT,SALEPRICE,NMEMBER_NUM,PRICE,REVIEW_STATUS,THUM_ORI_FILENAME,THUM_SYS_FILENAME,REVIEW_NUM,R_CONTENT,R_ORI_FILENAME,R_SYS_FILENAME,R_DATE,REC,POINT) values ('22121463125177',110,72,'짱구김 4g X 16봉 (스티커 3개 랜덤 증정)',to_date('22/12/15','RR/MM/DD'),'주문 완료',5,8900,null,8900,'N','seaweed_2022_12_07_070225.jpg','seaweed_2022_12_07_070225.jpg',null,null,null,null,null,null,null);
Insert into COLLABEE.VIEW_MYREVIEW_WRT (ORDER_NUM,MEMBER_NUM,PRODUCT_NUM,PRODUCT_NAME,DELIVERY_PICK,DELIVERY_STATUS,COUNT,SALEPRICE,NMEMBER_NUM,PRICE,REVIEW_STATUS,THUM_ORI_FILENAME,THUM_SYS_FILENAME,REVIEW_NUM,R_CONTENT,R_ORI_FILENAME,R_SYS_FILENAME,R_DATE,REC,POINT) values ('22121463125177',110,67,'[PPUL] 1++ 한우 치마살 150g (냉동)',to_date('22/12/15','RR/MM/DD'),'주문 완료',6,42000,null,42000,'N','collection_4_1_chima.jpg','collection_4_1_chima.jpg',null,null,null,null,null,null,null);
Insert into COLLABEE.VIEW_MYREVIEW_WRT (ORDER_NUM,MEMBER_NUM,PRODUCT_NUM,PRODUCT_NAME,DELIVERY_PICK,DELIVERY_STATUS,COUNT,SALEPRICE,NMEMBER_NUM,PRICE,REVIEW_STATUS,THUM_ORI_FILENAME,THUM_SYS_FILENAME,REVIEW_NUM,R_CONTENT,R_ORI_FILENAME,R_SYS_FILENAME,R_DATE,REC,POINT) values ('22121462557602',1,83,'금실 딸기 500g',to_date('22/12/15','RR/MM/DD'),'주문 완료',5,12530,null,17900,'N','strawberry_2022_12_12_081718.jpg','strawberry_2022_12_12_081718.jpg',null,null,null,null,null,null,null);
Insert into COLLABEE.VIEW_MYREVIEW_WRT (ORDER_NUM,MEMBER_NUM,PRODUCT_NUM,PRODUCT_NAME,DELIVERY_PICK,DELIVERY_STATUS,COUNT,SALEPRICE,NMEMBER_NUM,PRICE,REVIEW_STATUS,THUM_ORI_FILENAME,THUM_SYS_FILENAME,REVIEW_NUM,R_CONTENT,R_ORI_FILENAME,R_SYS_FILENAME,R_DATE,REC,POINT) values ('22121461023252',110,82,'향기가득 샤인머스캣 700g',to_date('22/12/15','RR/MM/DD'),'주문 완료',6,13900,null,13900,'N','shinemuscat_2022_12_12_081548.jpg','shinemuscat_2022_12_12_081548.jpg',null,null,null,null,null,null,null);
Insert into COLLABEE.VIEW_MYREVIEW_WRT (ORDER_NUM,MEMBER_NUM,PRODUCT_NUM,PRODUCT_NAME,DELIVERY_PICK,DELIVERY_STATUS,COUNT,SALEPRICE,NMEMBER_NUM,PRICE,REVIEW_STATUS,THUM_ORI_FILENAME,THUM_SYS_FILENAME,REVIEW_NUM,R_CONTENT,R_ORI_FILENAME,R_SYS_FILENAME,R_DATE,REC,POINT) values ('22121457661764',1,70,'친환경 애호박 1개입',to_date('22/12/15','RR/MM/DD'),'주문 완료',5,2700,null,3000,'Y','pumpkin_2022_12_07_035816.jpg','pumpkin_2022_12_07_035816.jpg',null,null,null,null,null,null,null);
Insert into COLLABEE.VIEW_MYREVIEW_WRT (ORDER_NUM,MEMBER_NUM,PRODUCT_NUM,PRODUCT_NAME,DELIVERY_PICK,DELIVERY_STATUS,COUNT,SALEPRICE,NMEMBER_NUM,PRICE,REVIEW_STATUS,THUM_ORI_FILENAME,THUM_SYS_FILENAME,REVIEW_NUM,R_CONTENT,R_ORI_FILENAME,R_SYS_FILENAME,R_DATE,REC,POINT) values ('22121456165452',null,72,'짱구김 4g X 16봉 (스티커 3개 랜덤 증정)',to_date('22/12/15','RR/MM/DD'),'주문 완료',1,8900,'0CWwW7',8900,'N','seaweed_2022_12_07_070225.jpg','seaweed_2022_12_07_070225.jpg',null,null,null,null,null,null,null);
Insert into COLLABEE.VIEW_MYREVIEW_WRT (ORDER_NUM,MEMBER_NUM,PRODUCT_NUM,PRODUCT_NAME,DELIVERY_PICK,DELIVERY_STATUS,COUNT,SALEPRICE,NMEMBER_NUM,PRICE,REVIEW_STATUS,THUM_ORI_FILENAME,THUM_SYS_FILENAME,REVIEW_NUM,R_CONTENT,R_ORI_FILENAME,R_SYS_FILENAME,R_DATE,REC,POINT) values ('22121453344061',null,72,'짱구김 4g X 16봉 (스티커 3개 랜덤 증정)',to_date('22/12/15','RR/MM/DD'),'주문 완료',1,8900,'0CWwW7',8900,'N','seaweed_2022_12_07_070225.jpg','seaweed_2022_12_07_070225.jpg',null,null,null,null,null,null,null);
Insert into COLLABEE.VIEW_MYREVIEW_WRT (ORDER_NUM,MEMBER_NUM,PRODUCT_NUM,PRODUCT_NAME,DELIVERY_PICK,DELIVERY_STATUS,COUNT,SALEPRICE,NMEMBER_NUM,PRICE,REVIEW_STATUS,THUM_ORI_FILENAME,THUM_SYS_FILENAME,REVIEW_NUM,R_CONTENT,R_ORI_FILENAME,R_SYS_FILENAME,R_DATE,REC,POINT) values ('22121446621406',110,999,'해남 호박고구마 1.5kg',to_date('22/12/15','RR/MM/DD'),'주문 완료',10,10900,null,10900,'N','sweetpotato.png','sweetpotato.png',null,null,null,null,null,null,null);
Insert into COLLABEE.VIEW_MYREVIEW_WRT (ORDER_NUM,MEMBER_NUM,PRODUCT_NUM,PRODUCT_NAME,DELIVERY_PICK,DELIVERY_STATUS,COUNT,SALEPRICE,NMEMBER_NUM,PRICE,REVIEW_STATUS,THUM_ORI_FILENAME,THUM_SYS_FILENAME,REVIEW_NUM,R_CONTENT,R_ORI_FILENAME,R_SYS_FILENAME,R_DATE,REC,POINT) values ('22121444355400',110,81,'제주 무농약 노지 감귤 2kg',to_date('22/12/15','RR/MM/DD'),'주문 완료',1,9945,null,11700,'N','mandarin_2022_12_12_081406.jpg','mandarin_2022_12_12_081406.jpg',null,null,null,null,null,null,null);
Insert into COLLABEE.VIEW_MYREVIEW_WRT (ORDER_NUM,MEMBER_NUM,PRODUCT_NUM,PRODUCT_NAME,DELIVERY_PICK,DELIVERY_STATUS,COUNT,SALEPRICE,NMEMBER_NUM,PRICE,REVIEW_STATUS,THUM_ORI_FILENAME,THUM_SYS_FILENAME,REVIEW_NUM,R_CONTENT,R_ORI_FILENAME,R_SYS_FILENAME,R_DATE,REC,POINT) values ('22121444355400',110,5,'[Eat''s Nice] 수플레 팬케이크 4종',to_date('22/12/15','RR/MM/DD'),'주문 완료',1,4950,null,5500,'N','pancake.png','pancake.png',null,null,null,null,null,null,null);
Insert into COLLABEE.VIEW_MYREVIEW_WRT (ORDER_NUM,MEMBER_NUM,PRODUCT_NUM,PRODUCT_NAME,DELIVERY_PICK,DELIVERY_STATUS,COUNT,SALEPRICE,NMEMBER_NUM,PRICE,REVIEW_STATUS,THUM_ORI_FILENAME,THUM_SYS_FILENAME,REVIEW_NUM,R_CONTENT,R_ORI_FILENAME,R_SYS_FILENAME,R_DATE,REC,POINT) values ('22121440611721',1,72,'짱구김 4g X 16봉 (스티커 3개 랜덤 증정)',to_date('22/12/15','RR/MM/DD'),'주문 완료',4,8900,null,8900,'Y','seaweed_2022_12_07_070225.jpg','seaweed_2022_12_07_070225.jpg',75,'werwerwer',null,null,to_date('22/12/15','RR/MM/DD'),0,200);
Insert into COLLABEE.VIEW_MYREVIEW_WRT (ORDER_NUM,MEMBER_NUM,PRODUCT_NUM,PRODUCT_NAME,DELIVERY_PICK,DELIVERY_STATUS,COUNT,SALEPRICE,NMEMBER_NUM,PRICE,REVIEW_STATUS,THUM_ORI_FILENAME,THUM_SYS_FILENAME,REVIEW_NUM,R_CONTENT,R_ORI_FILENAME,R_SYS_FILENAME,R_DATE,REC,POINT) values ('22121435252520',1,999,'해남 호박고구마 1.5kg',to_date('22/12/15','RR/MM/DD'),'주문 완료',1,10900,null,10900,'N','sweetpotato.png','sweetpotato.png',null,null,null,null,null,null,null);
Insert into COLLABEE.VIEW_MYREVIEW_WRT (ORDER_NUM,MEMBER_NUM,PRODUCT_NUM,PRODUCT_NAME,DELIVERY_PICK,DELIVERY_STATUS,COUNT,SALEPRICE,NMEMBER_NUM,PRICE,REVIEW_STATUS,THUM_ORI_FILENAME,THUM_SYS_FILENAME,REVIEW_NUM,R_CONTENT,R_ORI_FILENAME,R_SYS_FILENAME,R_DATE,REC,POINT) values ('22121433765273',110,3,'태국산 망고 600g (2입)',to_date('22/12/16','RR/MM/DD'),'주문 완료',1,12900,null,15900,'N','2.avif','2.avif',null,null,null,null,null,null,null);
Insert into COLLABEE.VIEW_MYREVIEW_WRT (ORDER_NUM,MEMBER_NUM,PRODUCT_NUM,PRODUCT_NAME,DELIVERY_PICK,DELIVERY_STATUS,COUNT,SALEPRICE,NMEMBER_NUM,PRICE,REVIEW_STATUS,THUM_ORI_FILENAME,THUM_SYS_FILENAME,REVIEW_NUM,R_CONTENT,R_ORI_FILENAME,R_SYS_FILENAME,R_DATE,REC,POINT) values ('22121431727014',110,84,'친환경 브로콜리 1개입',to_date('22/12/15','RR/MM/DD'),'주문 완료',6,4240,null,4690,'N','broccoli_2022_12_12_083119.jpg','broccoli_2022_12_12_083119.jpg',null,null,null,null,null,null,null);
Insert into COLLABEE.VIEW_MYREVIEW_WRT (ORDER_NUM,MEMBER_NUM,PRODUCT_NUM,PRODUCT_NAME,DELIVERY_PICK,DELIVERY_STATUS,COUNT,SALEPRICE,NMEMBER_NUM,PRICE,REVIEW_STATUS,THUM_ORI_FILENAME,THUM_SYS_FILENAME,REVIEW_NUM,R_CONTENT,R_ORI_FILENAME,R_SYS_FILENAME,R_DATE,REC,POINT) values ('22121431727014',110,70,'친환경 애호박 1개입',to_date('22/12/15','RR/MM/DD'),'주문 완료',6,2700,null,3000,'N','pumpkin_2022_12_07_035816.jpg','pumpkin_2022_12_07_035816.jpg',null,null,null,null,null,null,null);
Insert into COLLABEE.VIEW_MYREVIEW_WRT (ORDER_NUM,MEMBER_NUM,PRODUCT_NUM,PRODUCT_NAME,DELIVERY_PICK,DELIVERY_STATUS,COUNT,SALEPRICE,NMEMBER_NUM,PRICE,REVIEW_STATUS,THUM_ORI_FILENAME,THUM_SYS_FILENAME,REVIEW_NUM,R_CONTENT,R_ORI_FILENAME,R_SYS_FILENAME,R_DATE,REC,POINT) values ('22121431727014',110,1,'무농약 제주 청레몬 450g (3~5입)',to_date('22/12/15','RR/MM/DD'),'주문 완료',9,7900,null,7900,'N','1.jpg','1.jpg',null,null,null,null,null,null,null);
Insert into COLLABEE.VIEW_MYREVIEW_WRT (ORDER_NUM,MEMBER_NUM,PRODUCT_NUM,PRODUCT_NAME,DELIVERY_PICK,DELIVERY_STATUS,COUNT,SALEPRICE,NMEMBER_NUM,PRICE,REVIEW_STATUS,THUM_ORI_FILENAME,THUM_SYS_FILENAME,REVIEW_NUM,R_CONTENT,R_ORI_FILENAME,R_SYS_FILENAME,R_DATE,REC,POINT) values ('22121417631706',110,68,'[픽어베이글] 베이글 8종',to_date('22/12/15','RR/MM/DD'),'주문 완료',10,2800,null,2800,'N','bagle_2022_12_07_030004.jpg','bagle_2022_12_07_030004.jpg',null,null,null,null,null,null,null);
Insert into COLLABEE.VIEW_MYREVIEW_WRT (ORDER_NUM,MEMBER_NUM,PRODUCT_NUM,PRODUCT_NAME,DELIVERY_PICK,DELIVERY_STATUS,COUNT,SALEPRICE,NMEMBER_NUM,PRICE,REVIEW_STATUS,THUM_ORI_FILENAME,THUM_SYS_FILENAME,REVIEW_NUM,R_CONTENT,R_ORI_FILENAME,R_SYS_FILENAME,R_DATE,REC,POINT) values ('22121417631706',110,8,'로스티드 솔티드 마카다미아 270g',to_date('22/12/15','RR/MM/DD'),'주문 완료',1,18900,null,18900,'N','macadamia.png','macadamia.png',null,null,null,null,null,null,null);
Insert into COLLABEE.VIEW_MYREVIEW_WRT (ORDER_NUM,MEMBER_NUM,PRODUCT_NUM,PRODUCT_NAME,DELIVERY_PICK,DELIVERY_STATUS,COUNT,SALEPRICE,NMEMBER_NUM,PRICE,REVIEW_STATUS,THUM_ORI_FILENAME,THUM_SYS_FILENAME,REVIEW_NUM,R_CONTENT,R_ORI_FILENAME,R_SYS_FILENAME,R_DATE,REC,POINT) values ('22121416265307',1,70,'친환경 애호박 1개입',to_date('22/12/15','RR/MM/DD'),'주문 완료',1,2700,null,3000,'Y','pumpkin_2022_12_07_035816.jpg','pumpkin_2022_12_07_035816.jpg',null,null,null,null,null,null,null);
Insert into COLLABEE.VIEW_MYREVIEW_WRT (ORDER_NUM,MEMBER_NUM,PRODUCT_NUM,PRODUCT_NAME,DELIVERY_PICK,DELIVERY_STATUS,COUNT,SALEPRICE,NMEMBER_NUM,PRICE,REVIEW_STATUS,THUM_ORI_FILENAME,THUM_SYS_FILENAME,REVIEW_NUM,R_CONTENT,R_ORI_FILENAME,R_SYS_FILENAME,R_DATE,REC,POINT) values ('22121416133731',1,82,'향기가득 샤인머스캣 700g',to_date('22/12/15','RR/MM/DD'),'주문 완료',5,13900,null,13900,'N','shinemuscat_2022_12_12_081548.jpg','shinemuscat_2022_12_12_081548.jpg',null,null,null,null,null,null,null);
Insert into COLLABEE.VIEW_MYREVIEW_WRT (ORDER_NUM,MEMBER_NUM,PRODUCT_NUM,PRODUCT_NAME,DELIVERY_PICK,DELIVERY_STATUS,COUNT,SALEPRICE,NMEMBER_NUM,PRICE,REVIEW_STATUS,THUM_ORI_FILENAME,THUM_SYS_FILENAME,REVIEW_NUM,R_CONTENT,R_ORI_FILENAME,R_SYS_FILENAME,R_DATE,REC,POINT) values ('22121413440003',110,71,'[만선] 남해안 왕바지락 500g (생물)',to_date('22/12/15','RR/MM/DD'),'주문 완료',1,7650,null,8500,'N','Clam_2022_12_07_052500.jpg','Clam_2022_12_07_052500.jpg',null,null,null,null,null,null,null);
Insert into COLLABEE.VIEW_MYREVIEW_WRT (ORDER_NUM,MEMBER_NUM,PRODUCT_NUM,PRODUCT_NAME,DELIVERY_PICK,DELIVERY_STATUS,COUNT,SALEPRICE,NMEMBER_NUM,PRICE,REVIEW_STATUS,THUM_ORI_FILENAME,THUM_SYS_FILENAME,REVIEW_NUM,R_CONTENT,R_ORI_FILENAME,R_SYS_FILENAME,R_DATE,REC,POINT) values ('22121413440003',110,68,'[픽어베이글] 베이글 8종',to_date('22/12/15','RR/MM/DD'),'주문 완료',1,2800,null,2800,'N','bagle_2022_12_07_030004.jpg','bagle_2022_12_07_030004.jpg',null,null,null,null,null,null,null);
Insert into COLLABEE.VIEW_MYREVIEW_WRT (ORDER_NUM,MEMBER_NUM,PRODUCT_NUM,PRODUCT_NAME,DELIVERY_PICK,DELIVERY_STATUS,COUNT,SALEPRICE,NMEMBER_NUM,PRICE,REVIEW_STATUS,THUM_ORI_FILENAME,THUM_SYS_FILENAME,REVIEW_NUM,R_CONTENT,R_ORI_FILENAME,R_SYS_FILENAME,R_DATE,REC,POINT) values ('22121411253074',1,82,'향기가득 샤인머스캣 700g',to_date('22/12/15','RR/MM/DD'),'주문 완료',1,13900,null,13900,'N','shinemuscat_2022_12_12_081548.jpg','shinemuscat_2022_12_12_081548.jpg',null,null,null,null,null,null,null);
Insert into COLLABEE.VIEW_MYREVIEW_WRT (ORDER_NUM,MEMBER_NUM,PRODUCT_NUM,PRODUCT_NAME,DELIVERY_PICK,DELIVERY_STATUS,COUNT,SALEPRICE,NMEMBER_NUM,PRICE,REVIEW_STATUS,THUM_ORI_FILENAME,THUM_SYS_FILENAME,REVIEW_NUM,R_CONTENT,R_ORI_FILENAME,R_SYS_FILENAME,R_DATE,REC,POINT) values ('22121403070507',null,72,'짱구김 4g X 16봉 (스티커 3개 랜덤 증정)',to_date('22/12/15','RR/MM/DD'),'주문 완료',1,8900,'0CWwW7',8900,'N','seaweed_2022_12_07_070225.jpg','seaweed_2022_12_07_070225.jpg',null,null,null,null,null,null,null);
Insert into COLLABEE.VIEW_MYREVIEW_WRT (ORDER_NUM,MEMBER_NUM,PRODUCT_NUM,PRODUCT_NAME,DELIVERY_PICK,DELIVERY_STATUS,COUNT,SALEPRICE,NMEMBER_NUM,PRICE,REVIEW_STATUS,THUM_ORI_FILENAME,THUM_SYS_FILENAME,REVIEW_NUM,R_CONTENT,R_ORI_FILENAME,R_SYS_FILENAME,R_DATE,REC,POINT) values ('22121401761526',1,68,'[픽어베이글] 베이글 8종',to_date('22/12/15','RR/MM/DD'),'주문 완료',5,2800,null,2800,'N','bagle_2022_12_07_030004.jpg','bagle_2022_12_07_030004.jpg',null,null,null,null,null,null,null);
REM INSERTING into COLLABEE.VIEW_PROQNA
SET DEFINE OFF;
Insert into COLLABEE.VIEW_PROQNA (PRO_QNA_NUM,PRODUCT_NUM,MEMBER_NUM,Q_TITLE,Q_CONTENT,Q_DATE,Q_STATUS,Q_SECRET,A_ANSWER,THUM_SYS_FILENAME,PRODUCT_NAME) values (22,2,1,'유통기한','ㅈㄷㄱㅈㄷㄱㅈㄷㄱ',to_date('22/12/14','RR/MM/DD'),'N',0,null,'pasta_2022_12_09_160940.jpg','[최현석의 쵸이닷] 트러플 크림 뇨끼');
Insert into COLLABEE.VIEW_PROQNA (PRO_QNA_NUM,PRODUCT_NUM,MEMBER_NUM,Q_TITLE,Q_CONTENT,Q_DATE,Q_STATUS,Q_SECRET,A_ANSWER,THUM_SYS_FILENAME,PRODUCT_NAME) values (24,2,1,'상했어요','ㄷㄳㄷㄳㄷ',to_date('22/12/14','RR/MM/DD'),'N',0,'상품 답변입니당~','pasta_2022_12_09_160940.jpg','[최현석의 쵸이닷] 트러플 크림 뇨끼');
Insert into COLLABEE.VIEW_PROQNA (PRO_QNA_NUM,PRODUCT_NUM,MEMBER_NUM,Q_TITLE,Q_CONTENT,Q_DATE,Q_STATUS,Q_SECRET,A_ANSWER,THUM_SYS_FILENAME,PRODUCT_NAME) values (33,71,110,'문의사항','문의 남깁니다',to_date('22/12/14','RR/MM/DD'),'N',0,null,'Clam_2022_12_07_052500.jpg','[만선] 남해안 왕바지락 500g (생물)');
Insert into COLLABEE.VIEW_PROQNA (PRO_QNA_NUM,PRODUCT_NUM,MEMBER_NUM,Q_TITLE,Q_CONTENT,Q_DATE,Q_STATUS,Q_SECRET,A_ANSWER,THUM_SYS_FILENAME,PRODUCT_NAME) values (30,71,1,'유통기한','sdfsdf',to_date('22/12/15','RR/MM/DD'),'N',0,'답변등록','Clam_2022_12_07_052500.jpg','[만선] 남해안 왕바지락 500g (생물)');
Insert into COLLABEE.VIEW_PROQNA (PRO_QNA_NUM,PRODUCT_NUM,MEMBER_NUM,Q_TITLE,Q_CONTENT,Q_DATE,Q_STATUS,Q_SECRET,A_ANSWER,THUM_SYS_FILENAME,PRODUCT_NAME) values (18,72,100,'zzzz','zzzzz',to_date('22/12/14','RR/MM/DD'),'N',0,null,'seaweed_2022_12_07_070225.jpg','짱구김 4g X 16봉 (스티커 3개 랜덤 증정)');
Insert into COLLABEE.VIEW_PROQNA (PRO_QNA_NUM,PRODUCT_NUM,MEMBER_NUM,Q_TITLE,Q_CONTENT,Q_DATE,Q_STATUS,Q_SECRET,A_ANSWER,THUM_SYS_FILENAME,PRODUCT_NAME) values (27,72,1,'ㅇㅇ','ㅇㅇ',to_date('22/12/14','RR/MM/DD'),'N',0,'답변 드립니다.','seaweed_2022_12_07_070225.jpg','짱구김 4g X 16봉 (스티커 3개 랜덤 증정)');
Insert into COLLABEE.VIEW_PROQNA (PRO_QNA_NUM,PRODUCT_NUM,MEMBER_NUM,Q_TITLE,Q_CONTENT,Q_DATE,Q_STATUS,Q_SECRET,A_ANSWER,THUM_SYS_FILENAME,PRODUCT_NAME) values (34,72,110,'저기요','답변안주세요?',to_date('22/12/15','RR/MM/DD'),'Y',0,'답변입니다.','seaweed_2022_12_07_070225.jpg','짱구김 4g X 16봉 (스티커 3개 랜덤 증정)');
Insert into COLLABEE.VIEW_PROQNA (PRO_QNA_NUM,PRODUCT_NUM,MEMBER_NUM,Q_TITLE,Q_CONTENT,Q_DATE,Q_STATUS,Q_SECRET,A_ANSWER,THUM_SYS_FILENAME,PRODUCT_NAME) values (17,72,1,'찡그','지증',to_date('22/12/14','RR/MM/DD'),'N',0,'spspsp S? s','seaweed_2022_12_07_070225.jpg','짱구김 4g X 16봉 (스티커 3개 랜덤 증정)');
Insert into COLLABEE.VIEW_PROQNA (PRO_QNA_NUM,PRODUCT_NUM,MEMBER_NUM,Q_TITLE,Q_CONTENT,Q_DATE,Q_STATUS,Q_SECRET,A_ANSWER,THUM_SYS_FILENAME,PRODUCT_NAME) values (19,72,100,'문의문의','문의아아아',to_date('22/12/14','RR/MM/DD'),'N',0,'ㄴㄴㄴㄴ','seaweed_2022_12_07_070225.jpg','짱구김 4g X 16봉 (스티커 3개 랜덤 증정)');
Insert into COLLABEE.VIEW_PROQNA (PRO_QNA_NUM,PRODUCT_NUM,MEMBER_NUM,Q_TITLE,Q_CONTENT,Q_DATE,Q_STATUS,Q_SECRET,A_ANSWER,THUM_SYS_FILENAME,PRODUCT_NAME) values (14,72,100,'ddd','ddddd',to_date('22/12/14','RR/MM/DD'),'N',0,null,'seaweed_2022_12_07_070225.jpg','짱구김 4g X 16봉 (스티커 3개 랜덤 증정)');
Insert into COLLABEE.VIEW_PROQNA (PRO_QNA_NUM,PRODUCT_NUM,MEMBER_NUM,Q_TITLE,Q_CONTENT,Q_DATE,Q_STATUS,Q_SECRET,A_ANSWER,THUM_SYS_FILENAME,PRODUCT_NAME) values (29,72,105,'ㄴㄴ','ㄴㄴㄴㄴㄴ',to_date('22/12/14','RR/MM/DD'),'N',0,'아아아ㅋㅋ','seaweed_2022_12_07_070225.jpg','짱구김 4g X 16봉 (스티커 3개 랜덤 증정)');
Insert into COLLABEE.VIEW_PROQNA (PRO_QNA_NUM,PRODUCT_NUM,MEMBER_NUM,Q_TITLE,Q_CONTENT,Q_DATE,Q_STATUS,Q_SECRET,A_ANSWER,THUM_SYS_FILENAME,PRODUCT_NAME) values (26,72,1,'as','ss',to_date('22/12/14','RR/MM/DD'),'N',0,null,'seaweed_2022_12_07_070225.jpg','짱구김 4g X 16봉 (스티커 3개 랜덤 증정)');
Insert into COLLABEE.VIEW_PROQNA (PRO_QNA_NUM,PRODUCT_NUM,MEMBER_NUM,Q_TITLE,Q_CONTENT,Q_DATE,Q_STATUS,Q_SECRET,A_ANSWER,THUM_SYS_FILENAME,PRODUCT_NAME) values (6,72,104,'dfgdfs','gdsfgsdg',to_date('22/12/14','RR/MM/DD'),'N',0,null,'seaweed_2022_12_07_070225.jpg','짱구김 4g X 16봉 (스티커 3개 랜덤 증정)');
Insert into COLLABEE.VIEW_PROQNA (PRO_QNA_NUM,PRODUCT_NUM,MEMBER_NUM,Q_TITLE,Q_CONTENT,Q_DATE,Q_STATUS,Q_SECRET,A_ANSWER,THUM_SYS_FILENAME,PRODUCT_NAME) values (32,84,1,'문의 테스트','ㅇㄹㄴㅇㄹㄴ',to_date('22/12/15','RR/MM/DD'),'N',0,'테스트 입니당','broccoli_2022_12_12_083119.jpg','친환경 브로콜리 1개입');
--------------------------------------------------------
--  DDL for Index ALERT_PK
--------------------------------------------------------

  CREATE UNIQUE INDEX "COLLABEE"."ALERT_PK" ON "COLLABEE"."ALERT" ("ALERT_NUM") 
  PCTFREE 10 INITRANS 2 MAXTRANS 255 COMPUTE STATISTICS 
  STORAGE(INITIAL 65536 NEXT 1048576 MINEXTENTS 1 MAXEXTENTS 2147483645
  PCTINCREASE 0 FREELISTS 1 FREELIST GROUPS 1 BUFFER_POOL DEFAULT FLASH_CACHE DEFAULT CELL_FLASH_CACHE DEFAULT)
  TABLESPACE "USERS" ;
--------------------------------------------------------
--  DDL for Index CATEGORY_PK
--------------------------------------------------------

  CREATE UNIQUE INDEX "COLLABEE"."CATEGORY_PK" ON "COLLABEE"."CATEGORY" ("CATEGORY_NUM") 
  PCTFREE 10 INITRANS 2 MAXTRANS 255 COMPUTE STATISTICS 
  STORAGE(INITIAL 65536 NEXT 1048576 MINEXTENTS 1 MAXEXTENTS 2147483645
  PCTINCREASE 0 FREELISTS 1 FREELIST GROUPS 1 BUFFER_POOL DEFAULT FLASH_CACHE DEFAULT CELL_FLASH_CACHE DEFAULT)
  TABLESPACE "USERS" ;
--------------------------------------------------------
--  DDL for Index DELIVERY_PK
--------------------------------------------------------

  CREATE UNIQUE INDEX "COLLABEE"."DELIVERY_PK" ON "COLLABEE"."DELIVERY" ("DELIVERY_CODE") 
  PCTFREE 10 INITRANS 2 MAXTRANS 255 COMPUTE STATISTICS 
  STORAGE(INITIAL 65536 NEXT 1048576 MINEXTENTS 1 MAXEXTENTS 2147483645
  PCTINCREASE 0 FREELISTS 1 FREELIST GROUPS 1 BUFFER_POOL DEFAULT FLASH_CACHE DEFAULT CELL_FLASH_CACHE DEFAULT)
  TABLESPACE "USERS" ;
--------------------------------------------------------
--  DDL for Index DELIVERY_STATUS_PK
--------------------------------------------------------

  CREATE UNIQUE INDEX "COLLABEE"."DELIVERY_STATUS_PK" ON "COLLABEE"."DELIVERY_STATUS" ("DELIVERY_STATUS_NUM") 
  PCTFREE 10 INITRANS 2 MAXTRANS 255 COMPUTE STATISTICS 
  STORAGE(INITIAL 65536 NEXT 1048576 MINEXTENTS 1 MAXEXTENTS 2147483645
  PCTINCREASE 0 FREELISTS 1 FREELIST GROUPS 1 BUFFER_POOL DEFAULT FLASH_CACHE DEFAULT CELL_FLASH_CACHE DEFAULT)
  TABLESPACE "USERS" ;
--------------------------------------------------------
--  DDL for Index DIVISION_PK
--------------------------------------------------------

  CREATE UNIQUE INDEX "COLLABEE"."DIVISION_PK" ON "COLLABEE"."DIVISION" ("DIVISION_NUM") 
  PCTFREE 10 INITRANS 2 MAXTRANS 255 COMPUTE STATISTICS 
  STORAGE(INITIAL 65536 NEXT 1048576 MINEXTENTS 1 MAXEXTENTS 2147483645
  PCTINCREASE 0 FREELISTS 1 FREELIST GROUPS 1 BUFFER_POOL DEFAULT FLASH_CACHE DEFAULT CELL_FLASH_CACHE DEFAULT)
  TABLESPACE "USERS" ;
--------------------------------------------------------
--  DDL for Index INQUIRY_PK
--------------------------------------------------------

  CREATE UNIQUE INDEX "COLLABEE"."INQUIRY_PK" ON "COLLABEE"."INQUIRY" ("INQUIRY_NUM") 
  PCTFREE 10 INITRANS 2 MAXTRANS 255 COMPUTE STATISTICS 
  STORAGE(INITIAL 65536 NEXT 1048576 MINEXTENTS 1 MAXEXTENTS 2147483645
  PCTINCREASE 0 FREELISTS 1 FREELIST GROUPS 1 BUFFER_POOL DEFAULT FLASH_CACHE DEFAULT CELL_FLASH_CACHE DEFAULT)
  TABLESPACE "USERS" ;
--------------------------------------------------------
--  DDL for Index MEMBERSHIP_PK
--------------------------------------------------------

  CREATE UNIQUE INDEX "COLLABEE"."MEMBERSHIP_PK" ON "COLLABEE"."MEMBERSHIP" ("GRADE") 
  PCTFREE 10 INITRANS 2 MAXTRANS 255 COMPUTE STATISTICS 
  STORAGE(INITIAL 65536 NEXT 1048576 MINEXTENTS 1 MAXEXTENTS 2147483645
  PCTINCREASE 0 FREELISTS 1 FREELIST GROUPS 1 BUFFER_POOL DEFAULT FLASH_CACHE DEFAULT CELL_FLASH_CACHE DEFAULT)
  TABLESPACE "USERS" ;
--------------------------------------------------------
--  DDL for Index MEMBER_PK
--------------------------------------------------------

  CREATE UNIQUE INDEX "COLLABEE"."MEMBER_PK" ON "COLLABEE"."MEMBER" ("MEMBER_NUM") 
  PCTFREE 10 INITRANS 2 MAXTRANS 255 COMPUTE STATISTICS 
  STORAGE(INITIAL 65536 NEXT 1048576 MINEXTENTS 1 MAXEXTENTS 2147483645
  PCTINCREASE 0 FREELISTS 1 FREELIST GROUPS 1 BUFFER_POOL DEFAULT FLASH_CACHE DEFAULT CELL_FLASH_CACHE DEFAULT)
  TABLESPACE "USERS" ;
--------------------------------------------------------
--  DDL for Index NOTICE_PK
--------------------------------------------------------

  CREATE UNIQUE INDEX "COLLABEE"."NOTICE_PK" ON "COLLABEE"."NOTICE" ("NOTICE_NUM") 
  PCTFREE 10 INITRANS 2 MAXTRANS 255 COMPUTE STATISTICS 
  STORAGE(INITIAL 65536 NEXT 1048576 MINEXTENTS 1 MAXEXTENTS 2147483645
  PCTINCREASE 0 FREELISTS 1 FREELIST GROUPS 1 BUFFER_POOL DEFAULT FLASH_CACHE DEFAULT CELL_FLASH_CACHE DEFAULT)
  TABLESPACE "USERS" ;
--------------------------------------------------------
--  DDL for Index ORDERS_PK
--------------------------------------------------------

  CREATE UNIQUE INDEX "COLLABEE"."ORDERS_PK" ON "COLLABEE"."ORDERS" ("ORDER_NUM") 
  PCTFREE 10 INITRANS 2 MAXTRANS 255 COMPUTE STATISTICS 
  STORAGE(INITIAL 65536 NEXT 1048576 MINEXTENTS 1 MAXEXTENTS 2147483645
  PCTINCREASE 0 FREELISTS 1 FREELIST GROUPS 1 BUFFER_POOL DEFAULT FLASH_CACHE DEFAULT CELL_FLASH_CACHE DEFAULT)
  TABLESPACE "USERS" ;
--------------------------------------------------------
--  DDL for Index PACKAGE_CONDITION_PK
--------------------------------------------------------

  CREATE UNIQUE INDEX "COLLABEE"."PACKAGE_CONDITION_PK" ON "COLLABEE"."PACKAGE_CONDITION" ("STORAGE_NUM") 
  PCTFREE 10 INITRANS 2 MAXTRANS 255 COMPUTE STATISTICS 
  STORAGE(INITIAL 65536 NEXT 1048576 MINEXTENTS 1 MAXEXTENTS 2147483645
  PCTINCREASE 0 FREELISTS 1 FREELIST GROUPS 1 BUFFER_POOL DEFAULT FLASH_CACHE DEFAULT CELL_FLASH_CACHE DEFAULT)
  TABLESPACE "USERS" ;
--------------------------------------------------------
--  DDL for Index PAYMENT_TYPE_PK
--------------------------------------------------------

  CREATE UNIQUE INDEX "COLLABEE"."PAYMENT_TYPE_PK" ON "COLLABEE"."PAYMENT_TYPE" ("PT_NUM") 
  PCTFREE 10 INITRANS 2 MAXTRANS 255 COMPUTE STATISTICS 
  STORAGE(INITIAL 65536 NEXT 1048576 MINEXTENTS 1 MAXEXTENTS 2147483645
  PCTINCREASE 0 FREELISTS 1 FREELIST GROUPS 1 BUFFER_POOL DEFAULT FLASH_CACHE DEFAULT CELL_FLASH_CACHE DEFAULT)
  TABLESPACE "USERS" ;
--------------------------------------------------------
--  DDL for Index PRODUCT_PK
--------------------------------------------------------

  CREATE UNIQUE INDEX "COLLABEE"."PRODUCT_PK" ON "COLLABEE"."PRODUCT" ("PRODUCT_NUM") 
  PCTFREE 10 INITRANS 2 MAXTRANS 255 COMPUTE STATISTICS 
  STORAGE(INITIAL 65536 NEXT 1048576 MINEXTENTS 1 MAXEXTENTS 2147483645
  PCTINCREASE 0 FREELISTS 1 FREELIST GROUPS 1 BUFFER_POOL DEFAULT FLASH_CACHE DEFAULT CELL_FLASH_CACHE DEFAULT)
  TABLESPACE "USERS" ;
--------------------------------------------------------
--  DDL for Index PRO_QNA_PK
--------------------------------------------------------

  CREATE UNIQUE INDEX "COLLABEE"."PRO_QNA_PK" ON "COLLABEE"."PRO_QNA" ("PRO_QNA_NUM") 
  PCTFREE 10 INITRANS 2 MAXTRANS 255 COMPUTE STATISTICS 
  STORAGE(INITIAL 65536 NEXT 1048576 MINEXTENTS 1 MAXEXTENTS 2147483645
  PCTINCREASE 0 FREELISTS 1 FREELIST GROUPS 1 BUFFER_POOL DEFAULT FLASH_CACHE DEFAULT CELL_FLASH_CACHE DEFAULT)
  TABLESPACE "USERS" ;
--------------------------------------------------------
--  DDL for Index PRO_REVIEW_PK
--------------------------------------------------------

  CREATE UNIQUE INDEX "COLLABEE"."PRO_REVIEW_PK" ON "COLLABEE"."PRO_REVIEW" ("REVIEW_NUM") 
  PCTFREE 10 INITRANS 2 MAXTRANS 255 COMPUTE STATISTICS 
  STORAGE(INITIAL 65536 NEXT 1048576 MINEXTENTS 1 MAXEXTENTS 2147483645
  PCTINCREASE 0 FREELISTS 1 FREELIST GROUPS 1 BUFFER_POOL DEFAULT FLASH_CACHE DEFAULT CELL_FLASH_CACHE DEFAULT)
  TABLESPACE "USERS" ;
--------------------------------------------------------
--  DDL for Index SPECIAL_CAT_PK
--------------------------------------------------------

  CREATE UNIQUE INDEX "COLLABEE"."SPECIAL_CAT_PK" ON "COLLABEE"."SPECIAL_CAT" ("SPECIAL_NUM") 
  PCTFREE 10 INITRANS 2 MAXTRANS 255 COMPUTE STATISTICS 
  STORAGE(INITIAL 65536 NEXT 1048576 MINEXTENTS 1 MAXEXTENTS 2147483645
  PCTINCREASE 0 FREELISTS 1 FREELIST GROUPS 1 BUFFER_POOL DEFAULT FLASH_CACHE DEFAULT CELL_FLASH_CACHE DEFAULT)
  TABLESPACE "USERS" ;
--------------------------------------------------------
--  DDL for Index ALERT_PK
--------------------------------------------------------

  CREATE UNIQUE INDEX "COLLABEE"."ALERT_PK" ON "COLLABEE"."ALERT" ("ALERT_NUM") 
  PCTFREE 10 INITRANS 2 MAXTRANS 255 COMPUTE STATISTICS 
  STORAGE(INITIAL 65536 NEXT 1048576 MINEXTENTS 1 MAXEXTENTS 2147483645
  PCTINCREASE 0 FREELISTS 1 FREELIST GROUPS 1 BUFFER_POOL DEFAULT FLASH_CACHE DEFAULT CELL_FLASH_CACHE DEFAULT)
  TABLESPACE "USERS" ;
--------------------------------------------------------
--  DDL for Index CATEGORY_PK
--------------------------------------------------------

  CREATE UNIQUE INDEX "COLLABEE"."CATEGORY_PK" ON "COLLABEE"."CATEGORY" ("CATEGORY_NUM") 
  PCTFREE 10 INITRANS 2 MAXTRANS 255 COMPUTE STATISTICS 
  STORAGE(INITIAL 65536 NEXT 1048576 MINEXTENTS 1 MAXEXTENTS 2147483645
  PCTINCREASE 0 FREELISTS 1 FREELIST GROUPS 1 BUFFER_POOL DEFAULT FLASH_CACHE DEFAULT CELL_FLASH_CACHE DEFAULT)
  TABLESPACE "USERS" ;
--------------------------------------------------------
--  DDL for Index DELIVERY_PK
--------------------------------------------------------

  CREATE UNIQUE INDEX "COLLABEE"."DELIVERY_PK" ON "COLLABEE"."DELIVERY" ("DELIVERY_CODE") 
  PCTFREE 10 INITRANS 2 MAXTRANS 255 COMPUTE STATISTICS 
  STORAGE(INITIAL 65536 NEXT 1048576 MINEXTENTS 1 MAXEXTENTS 2147483645
  PCTINCREASE 0 FREELISTS 1 FREELIST GROUPS 1 BUFFER_POOL DEFAULT FLASH_CACHE DEFAULT CELL_FLASH_CACHE DEFAULT)
  TABLESPACE "USERS" ;
--------------------------------------------------------
--  DDL for Index DELIVERY_STATUS_PK
--------------------------------------------------------

  CREATE UNIQUE INDEX "COLLABEE"."DELIVERY_STATUS_PK" ON "COLLABEE"."DELIVERY_STATUS" ("DELIVERY_STATUS_NUM") 
  PCTFREE 10 INITRANS 2 MAXTRANS 255 COMPUTE STATISTICS 
  STORAGE(INITIAL 65536 NEXT 1048576 MINEXTENTS 1 MAXEXTENTS 2147483645
  PCTINCREASE 0 FREELISTS 1 FREELIST GROUPS 1 BUFFER_POOL DEFAULT FLASH_CACHE DEFAULT CELL_FLASH_CACHE DEFAULT)
  TABLESPACE "USERS" ;
--------------------------------------------------------
--  DDL for Index DIVISION_PK
--------------------------------------------------------

  CREATE UNIQUE INDEX "COLLABEE"."DIVISION_PK" ON "COLLABEE"."DIVISION" ("DIVISION_NUM") 
  PCTFREE 10 INITRANS 2 MAXTRANS 255 COMPUTE STATISTICS 
  STORAGE(INITIAL 65536 NEXT 1048576 MINEXTENTS 1 MAXEXTENTS 2147483645
  PCTINCREASE 0 FREELISTS 1 FREELIST GROUPS 1 BUFFER_POOL DEFAULT FLASH_CACHE DEFAULT CELL_FLASH_CACHE DEFAULT)
  TABLESPACE "USERS" ;
--------------------------------------------------------
--  DDL for Index INQUIRY_PK
--------------------------------------------------------

  CREATE UNIQUE INDEX "COLLABEE"."INQUIRY_PK" ON "COLLABEE"."INQUIRY" ("INQUIRY_NUM") 
  PCTFREE 10 INITRANS 2 MAXTRANS 255 COMPUTE STATISTICS 
  STORAGE(INITIAL 65536 NEXT 1048576 MINEXTENTS 1 MAXEXTENTS 2147483645
  PCTINCREASE 0 FREELISTS 1 FREELIST GROUPS 1 BUFFER_POOL DEFAULT FLASH_CACHE DEFAULT CELL_FLASH_CACHE DEFAULT)
  TABLESPACE "USERS" ;
--------------------------------------------------------
--  DDL for Index MEMBER_PK
--------------------------------------------------------

  CREATE UNIQUE INDEX "COLLABEE"."MEMBER_PK" ON "COLLABEE"."MEMBER" ("MEMBER_NUM") 
  PCTFREE 10 INITRANS 2 MAXTRANS 255 COMPUTE STATISTICS 
  STORAGE(INITIAL 65536 NEXT 1048576 MINEXTENTS 1 MAXEXTENTS 2147483645
  PCTINCREASE 0 FREELISTS 1 FREELIST GROUPS 1 BUFFER_POOL DEFAULT FLASH_CACHE DEFAULT CELL_FLASH_CACHE DEFAULT)
  TABLESPACE "USERS" ;
--------------------------------------------------------
--  DDL for Index MEMBERSHIP_PK
--------------------------------------------------------

  CREATE UNIQUE INDEX "COLLABEE"."MEMBERSHIP_PK" ON "COLLABEE"."MEMBERSHIP" ("GRADE") 
  PCTFREE 10 INITRANS 2 MAXTRANS 255 COMPUTE STATISTICS 
  STORAGE(INITIAL 65536 NEXT 1048576 MINEXTENTS 1 MAXEXTENTS 2147483645
  PCTINCREASE 0 FREELISTS 1 FREELIST GROUPS 1 BUFFER_POOL DEFAULT FLASH_CACHE DEFAULT CELL_FLASH_CACHE DEFAULT)
  TABLESPACE "USERS" ;
--------------------------------------------------------
--  DDL for Index NOTICE_PK
--------------------------------------------------------

  CREATE UNIQUE INDEX "COLLABEE"."NOTICE_PK" ON "COLLABEE"."NOTICE" ("NOTICE_NUM") 
  PCTFREE 10 INITRANS 2 MAXTRANS 255 COMPUTE STATISTICS 
  STORAGE(INITIAL 65536 NEXT 1048576 MINEXTENTS 1 MAXEXTENTS 2147483645
  PCTINCREASE 0 FREELISTS 1 FREELIST GROUPS 1 BUFFER_POOL DEFAULT FLASH_CACHE DEFAULT CELL_FLASH_CACHE DEFAULT)
  TABLESPACE "USERS" ;
--------------------------------------------------------
--  DDL for Index ORDERS_PK
--------------------------------------------------------

  CREATE UNIQUE INDEX "COLLABEE"."ORDERS_PK" ON "COLLABEE"."ORDERS" ("ORDER_NUM") 
  PCTFREE 10 INITRANS 2 MAXTRANS 255 COMPUTE STATISTICS 
  STORAGE(INITIAL 65536 NEXT 1048576 MINEXTENTS 1 MAXEXTENTS 2147483645
  PCTINCREASE 0 FREELISTS 1 FREELIST GROUPS 1 BUFFER_POOL DEFAULT FLASH_CACHE DEFAULT CELL_FLASH_CACHE DEFAULT)
  TABLESPACE "USERS" ;
--------------------------------------------------------
--  DDL for Index PACKAGE_CONDITION_PK
--------------------------------------------------------

  CREATE UNIQUE INDEX "COLLABEE"."PACKAGE_CONDITION_PK" ON "COLLABEE"."PACKAGE_CONDITION" ("STORAGE_NUM") 
  PCTFREE 10 INITRANS 2 MAXTRANS 255 COMPUTE STATISTICS 
  STORAGE(INITIAL 65536 NEXT 1048576 MINEXTENTS 1 MAXEXTENTS 2147483645
  PCTINCREASE 0 FREELISTS 1 FREELIST GROUPS 1 BUFFER_POOL DEFAULT FLASH_CACHE DEFAULT CELL_FLASH_CACHE DEFAULT)
  TABLESPACE "USERS" ;
--------------------------------------------------------
--  DDL for Index PAYMENT_TYPE_PK
--------------------------------------------------------

  CREATE UNIQUE INDEX "COLLABEE"."PAYMENT_TYPE_PK" ON "COLLABEE"."PAYMENT_TYPE" ("PT_NUM") 
  PCTFREE 10 INITRANS 2 MAXTRANS 255 COMPUTE STATISTICS 
  STORAGE(INITIAL 65536 NEXT 1048576 MINEXTENTS 1 MAXEXTENTS 2147483645
  PCTINCREASE 0 FREELISTS 1 FREELIST GROUPS 1 BUFFER_POOL DEFAULT FLASH_CACHE DEFAULT CELL_FLASH_CACHE DEFAULT)
  TABLESPACE "USERS" ;
--------------------------------------------------------
--  DDL for Index PRODUCT_PK
--------------------------------------------------------

  CREATE UNIQUE INDEX "COLLABEE"."PRODUCT_PK" ON "COLLABEE"."PRODUCT" ("PRODUCT_NUM") 
  PCTFREE 10 INITRANS 2 MAXTRANS 255 COMPUTE STATISTICS 
  STORAGE(INITIAL 65536 NEXT 1048576 MINEXTENTS 1 MAXEXTENTS 2147483645
  PCTINCREASE 0 FREELISTS 1 FREELIST GROUPS 1 BUFFER_POOL DEFAULT FLASH_CACHE DEFAULT CELL_FLASH_CACHE DEFAULT)
  TABLESPACE "USERS" ;
--------------------------------------------------------
--  DDL for Index PRO_QNA_PK
--------------------------------------------------------

  CREATE UNIQUE INDEX "COLLABEE"."PRO_QNA_PK" ON "COLLABEE"."PRO_QNA" ("PRO_QNA_NUM") 
  PCTFREE 10 INITRANS 2 MAXTRANS 255 COMPUTE STATISTICS 
  STORAGE(INITIAL 65536 NEXT 1048576 MINEXTENTS 1 MAXEXTENTS 2147483645
  PCTINCREASE 0 FREELISTS 1 FREELIST GROUPS 1 BUFFER_POOL DEFAULT FLASH_CACHE DEFAULT CELL_FLASH_CACHE DEFAULT)
  TABLESPACE "USERS" ;
--------------------------------------------------------
--  DDL for Index PRO_REVIEW_PK
--------------------------------------------------------

  CREATE UNIQUE INDEX "COLLABEE"."PRO_REVIEW_PK" ON "COLLABEE"."PRO_REVIEW" ("REVIEW_NUM") 
  PCTFREE 10 INITRANS 2 MAXTRANS 255 COMPUTE STATISTICS 
  STORAGE(INITIAL 65536 NEXT 1048576 MINEXTENTS 1 MAXEXTENTS 2147483645
  PCTINCREASE 0 FREELISTS 1 FREELIST GROUPS 1 BUFFER_POOL DEFAULT FLASH_CACHE DEFAULT CELL_FLASH_CACHE DEFAULT)
  TABLESPACE "USERS" ;
--------------------------------------------------------
--  DDL for Index SPECIAL_CAT_PK
--------------------------------------------------------

  CREATE UNIQUE INDEX "COLLABEE"."SPECIAL_CAT_PK" ON "COLLABEE"."SPECIAL_CAT" ("SPECIAL_NUM") 
  PCTFREE 10 INITRANS 2 MAXTRANS 255 COMPUTE STATISTICS 
  STORAGE(INITIAL 65536 NEXT 1048576 MINEXTENTS 1 MAXEXTENTS 2147483645
  PCTINCREASE 0 FREELISTS 1 FREELIST GROUPS 1 BUFFER_POOL DEFAULT FLASH_CACHE DEFAULT CELL_FLASH_CACHE DEFAULT)
  TABLESPACE "USERS" ;
--------------------------------------------------------
--  DDL for Trigger COUPON_TR
--------------------------------------------------------

  CREATE OR REPLACE TRIGGER "COLLABEE"."COUPON_TR" 
AFTER INSERT ON MEMBER  
FOR EACH ROW
BEGIN
  INSERT INTO COUPON_BOX (MEMBER_NUM, ISSUE_DATE, COUPON_NUM)
  VALUES (:NEW.MEMBER_NUM, SYSDATE, 2);
END;

/
ALTER TRIGGER "COLLABEE"."COUPON_TR" ENABLE;
--------------------------------------------------------
--  DDL for Trigger REVIEW_TR
--------------------------------------------------------

  CREATE OR REPLACE TRIGGER "COLLABEE"."REVIEW_TR" 
AFTER INSERT ON PRO_REVIEW 
FOR EACH ROW
DECLARE PR_PNUM  PRO_REVIEW.PRODUCT_NUM%TYPE;
    PR_MNUM  PRO_REVIEW.MEMBER_NUM%TYPE;
    PR_ONUM  PRO_REVIEW.ORDER_NUM%TYPE;
BEGIN
 UPDATE ORDER_PRODUCT
  SET REVIEW_STATUS = 'Y' 
  WHERE PR_PNUM = PRODUCT_NUM AND 
        PR_MNUM = MEMBER_NUM AND 
        PR_ONUM = ORDER_NUM ;
END;

/
ALTER TRIGGER "COLLABEE"."REVIEW_TR" ENABLE;
--------------------------------------------------------
--  DDL for Trigger COUPON_TR
--------------------------------------------------------

  CREATE OR REPLACE TRIGGER "COLLABEE"."COUPON_TR" 
AFTER INSERT ON MEMBER  
FOR EACH ROW
BEGIN
  INSERT INTO COUPON_BOX (MEMBER_NUM, ISSUE_DATE, COUPON_NUM)
  VALUES (:NEW.MEMBER_NUM, SYSDATE, 2);
END;

/
ALTER TRIGGER "COLLABEE"."COUPON_TR" ENABLE;
--------------------------------------------------------
--  DDL for Trigger REVIEW_TR
--------------------------------------------------------

  CREATE OR REPLACE TRIGGER "COLLABEE"."REVIEW_TR" 
AFTER INSERT ON PRO_REVIEW 
FOR EACH ROW
DECLARE PR_PNUM  PRO_REVIEW.PRODUCT_NUM%TYPE;
    PR_MNUM  PRO_REVIEW.MEMBER_NUM%TYPE;
    PR_ONUM  PRO_REVIEW.ORDER_NUM%TYPE;
BEGIN
 UPDATE ORDER_PRODUCT
  SET REVIEW_STATUS = 'Y' 
  WHERE PR_PNUM = PRODUCT_NUM AND 
        PR_MNUM = MEMBER_NUM AND 
        PR_ONUM = ORDER_NUM ;
END;

/
ALTER TRIGGER "COLLABEE"."REVIEW_TR" ENABLE;
--------------------------------------------------------
--  Constraints for Table ALERT
--------------------------------------------------------

  ALTER TABLE "COLLABEE"."ALERT" MODIFY ("ALERT_NUM" NOT NULL ENABLE);
  ALTER TABLE "COLLABEE"."ALERT" MODIFY ("MEMBER_NUM" NOT NULL ENABLE);
  ALTER TABLE "COLLABEE"."ALERT" MODIFY ("A_DIVISION" NOT NULL ENABLE);
  ALTER TABLE "COLLABEE"."ALERT" MODIFY ("A_CONTENT" NOT NULL ENABLE);
  ALTER TABLE "COLLABEE"."ALERT" MODIFY ("URL" NOT NULL ENABLE);
  ALTER TABLE "COLLABEE"."ALERT" ADD CONSTRAINT "ALERT_PK" PRIMARY KEY ("ALERT_NUM")
  USING INDEX PCTFREE 10 INITRANS 2 MAXTRANS 255 COMPUTE STATISTICS 
  STORAGE(INITIAL 65536 NEXT 1048576 MINEXTENTS 1 MAXEXTENTS 2147483645
  PCTINCREASE 0 FREELISTS 1 FREELIST GROUPS 1 BUFFER_POOL DEFAULT FLASH_CACHE DEFAULT CELL_FLASH_CACHE DEFAULT)
  TABLESPACE "USERS"  ENABLE;
--------------------------------------------------------
--  Constraints for Table CART
--------------------------------------------------------

  ALTER TABLE "COLLABEE"."CART" MODIFY ("PRODUCT_NUM" NOT NULL ENABLE);
  ALTER TABLE "COLLABEE"."CART" MODIFY ("COUNT" NOT NULL ENABLE);
  ALTER TABLE "COLLABEE"."CART" MODIFY ("ADD_DATE" NOT NULL ENABLE);
--------------------------------------------------------
--  Constraints for Table CATEGORY
--------------------------------------------------------

  ALTER TABLE "COLLABEE"."CATEGORY" MODIFY ("CATEGORY_NUM" NOT NULL ENABLE);
  ALTER TABLE "COLLABEE"."CATEGORY" ADD CONSTRAINT "CATEGORY_PK" PRIMARY KEY ("CATEGORY_NUM")
  USING INDEX PCTFREE 10 INITRANS 2 MAXTRANS 255 COMPUTE STATISTICS 
  STORAGE(INITIAL 65536 NEXT 1048576 MINEXTENTS 1 MAXEXTENTS 2147483645
  PCTINCREASE 0 FREELISTS 1 FREELIST GROUPS 1 BUFFER_POOL DEFAULT FLASH_CACHE DEFAULT CELL_FLASH_CACHE DEFAULT)
  TABLESPACE "USERS"  ENABLE;
  ALTER TABLE "COLLABEE"."CATEGORY" MODIFY ("CATEGORY" NOT NULL ENABLE);
--------------------------------------------------------
--  Constraints for Table COUPON
--------------------------------------------------------

  ALTER TABLE "COLLABEE"."COUPON" MODIFY ("COUNT" NOT NULL ENABLE);
  ALTER TABLE "COLLABEE"."COUPON" MODIFY ("LEAST_COST" NOT NULL ENABLE);
  ALTER TABLE "COLLABEE"."COUPON" MODIFY ("COUPON_NUM" NOT NULL ENABLE);
  ALTER TABLE "COLLABEE"."COUPON" MODIFY ("COUPON_NAME" NOT NULL ENABLE);
--------------------------------------------------------
--  Constraints for Table COUPON_BOX
--------------------------------------------------------

  ALTER TABLE "COLLABEE"."COUPON_BOX" MODIFY ("MEMBER_NUM" NOT NULL ENABLE);
  ALTER TABLE "COLLABEE"."COUPON_BOX" MODIFY ("ISSUE_DATE" NOT NULL ENABLE);
  ALTER TABLE "COLLABEE"."COUPON_BOX" MODIFY ("COUPON_NUM" NOT NULL ENABLE);
  ALTER TABLE "COLLABEE"."COUPON_BOX" MODIFY ("USAGE_STATE" NOT NULL ENABLE);
--------------------------------------------------------
--  Constraints for Table DELIVERY
--------------------------------------------------------

  ALTER TABLE "COLLABEE"."DELIVERY" MODIFY ("DELIVERY_CODE" NOT NULL ENABLE);
  ALTER TABLE "COLLABEE"."DELIVERY" MODIFY ("DELIVERY_TYPE" NOT NULL ENABLE);
  ALTER TABLE "COLLABEE"."DELIVERY" ADD CONSTRAINT "DELIVERY_PK" PRIMARY KEY ("DELIVERY_CODE")
  USING INDEX PCTFREE 10 INITRANS 2 MAXTRANS 255 COMPUTE STATISTICS 
  STORAGE(INITIAL 65536 NEXT 1048576 MINEXTENTS 1 MAXEXTENTS 2147483645
  PCTINCREASE 0 FREELISTS 1 FREELIST GROUPS 1 BUFFER_POOL DEFAULT FLASH_CACHE DEFAULT CELL_FLASH_CACHE DEFAULT)
  TABLESPACE "USERS"  ENABLE;
--------------------------------------------------------
--  Constraints for Table DELIVERY_STATUS
--------------------------------------------------------

  ALTER TABLE "COLLABEE"."DELIVERY_STATUS" MODIFY ("DELIVERY_STATUS_NUM" NOT NULL ENABLE);
  ALTER TABLE "COLLABEE"."DELIVERY_STATUS" MODIFY ("DELIVERY_STATUS" NOT NULL ENABLE);
  ALTER TABLE "COLLABEE"."DELIVERY_STATUS" ADD CONSTRAINT "DELIVERY_STATUS_PK" PRIMARY KEY ("DELIVERY_STATUS_NUM")
  USING INDEX PCTFREE 10 INITRANS 2 MAXTRANS 255 COMPUTE STATISTICS 
  STORAGE(INITIAL 65536 NEXT 1048576 MINEXTENTS 1 MAXEXTENTS 2147483645
  PCTINCREASE 0 FREELISTS 1 FREELIST GROUPS 1 BUFFER_POOL DEFAULT FLASH_CACHE DEFAULT CELL_FLASH_CACHE DEFAULT)
  TABLESPACE "USERS"  ENABLE;
--------------------------------------------------------
--  Constraints for Table DIVISION
--------------------------------------------------------

  ALTER TABLE "COLLABEE"."DIVISION" MODIFY ("DIVISION_NUM" NOT NULL ENABLE);
  ALTER TABLE "COLLABEE"."DIVISION" MODIFY ("DIVISION" NOT NULL ENABLE);
  ALTER TABLE "COLLABEE"."DIVISION" ADD CONSTRAINT "DIVISION_PK" PRIMARY KEY ("DIVISION_NUM")
  USING INDEX PCTFREE 10 INITRANS 2 MAXTRANS 255 COMPUTE STATISTICS 
  STORAGE(INITIAL 65536 NEXT 1048576 MINEXTENTS 1 MAXEXTENTS 2147483645
  PCTINCREASE 0 FREELISTS 1 FREELIST GROUPS 1 BUFFER_POOL DEFAULT FLASH_CACHE DEFAULT CELL_FLASH_CACHE DEFAULT)
  TABLESPACE "USERS"  ENABLE;
  ALTER TABLE "COLLABEE"."DIVISION" MODIFY ("CATEGORY_NUM" NOT NULL ENABLE);
--------------------------------------------------------
--  Constraints for Table EMONEY_USAGE
--------------------------------------------------------

  ALTER TABLE "COLLABEE"."EMONEY_USAGE" MODIFY ("MEMBER_NUM" NOT NULL ENABLE);
  ALTER TABLE "COLLABEE"."EMONEY_USAGE" MODIFY ("EMONEY_HISTORY" NOT NULL ENABLE);
  ALTER TABLE "COLLABEE"."EMONEY_USAGE" MODIFY ("SAVE_DATE" NOT NULL ENABLE);
  ALTER TABLE "COLLABEE"."EMONEY_USAGE" MODIFY ("AMOUNT" NOT NULL ENABLE);
  ALTER TABLE "COLLABEE"."EMONEY_USAGE" MODIFY ("VALIDITY" NOT NULL ENABLE);
  ALTER TABLE "COLLABEE"."EMONEY_USAGE" MODIFY ("CATEGORY" NOT NULL ENABLE);
--------------------------------------------------------
--  Constraints for Table FAQ
--------------------------------------------------------

  ALTER TABLE "COLLABEE"."FAQ" MODIFY ("FAQ_NUM" NOT NULL ENABLE);
  ALTER TABLE "COLLABEE"."FAQ" MODIFY ("FAQ_TYPE" NOT NULL ENABLE);
  ALTER TABLE "COLLABEE"."FAQ" MODIFY ("FAQ_TITLE" NOT NULL ENABLE);
  ALTER TABLE "COLLABEE"."FAQ" MODIFY ("FAQ_CONTENT" NOT NULL ENABLE);
--------------------------------------------------------
--  Constraints for Table INQUIRY
--------------------------------------------------------

  ALTER TABLE "COLLABEE"."INQUIRY" MODIFY ("INQUIRY_NUM" NOT NULL ENABLE);
  ALTER TABLE "COLLABEE"."INQUIRY" MODIFY ("MEMBER_NUM" NOT NULL ENABLE);
  ALTER TABLE "COLLABEE"."INQUIRY" MODIFY ("INQUIRY_TYPE" NOT NULL ENABLE);
  ALTER TABLE "COLLABEE"."INQUIRY" MODIFY ("INQUIRY_TITLE" NOT NULL ENABLE);
  ALTER TABLE "COLLABEE"."INQUIRY" MODIFY ("INQUIRY_CONTENT" NOT NULL ENABLE);
  ALTER TABLE "COLLABEE"."INQUIRY" MODIFY ("INQUIRY_DATE" NOT NULL ENABLE);
  ALTER TABLE "COLLABEE"."INQUIRY" MODIFY ("INQUIRY_STATE" NOT NULL ENABLE);
  ALTER TABLE "COLLABEE"."INQUIRY" ADD CONSTRAINT "INQUIRY_PK" PRIMARY KEY ("INQUIRY_NUM")
  USING INDEX PCTFREE 10 INITRANS 2 MAXTRANS 255 COMPUTE STATISTICS 
  STORAGE(INITIAL 65536 NEXT 1048576 MINEXTENTS 1 MAXEXTENTS 2147483645
  PCTINCREASE 0 FREELISTS 1 FREELIST GROUPS 1 BUFFER_POOL DEFAULT FLASH_CACHE DEFAULT CELL_FLASH_CACHE DEFAULT)
  TABLESPACE "USERS"  ENABLE;
--------------------------------------------------------
--  Constraints for Table MEMBER
--------------------------------------------------------

  ALTER TABLE "COLLABEE"."MEMBER" MODIFY ("ADDRESS_DETAIL" NOT NULL ENABLE);
  ALTER TABLE "COLLABEE"."MEMBER" MODIFY ("MEMBER_NUM" NOT NULL ENABLE);
  ALTER TABLE "COLLABEE"."MEMBER" MODIFY ("ID" NOT NULL ENABLE);
  ALTER TABLE "COLLABEE"."MEMBER" MODIFY ("PASSWORD" NOT NULL ENABLE);
  ALTER TABLE "COLLABEE"."MEMBER" MODIFY ("NAME" NOT NULL ENABLE);
  ALTER TABLE "COLLABEE"."MEMBER" MODIFY ("EMAIL" NOT NULL ENABLE);
  ALTER TABLE "COLLABEE"."MEMBER" MODIFY ("PHONE" NOT NULL ENABLE);
  ALTER TABLE "COLLABEE"."MEMBER" MODIFY ("ADDRESS" NOT NULL ENABLE);
  ALTER TABLE "COLLABEE"."MEMBER" MODIFY ("GRADE" NOT NULL ENABLE);
  ALTER TABLE "COLLABEE"."MEMBER" MODIFY ("REGDATE" NOT NULL ENABLE);
  ALTER TABLE "COLLABEE"."MEMBER" MODIFY ("MEMBER_STATE" NOT NULL ENABLE);
  ALTER TABLE "COLLABEE"."MEMBER" ADD CONSTRAINT "MEMBER_PK" PRIMARY KEY ("MEMBER_NUM")
  USING INDEX PCTFREE 10 INITRANS 2 MAXTRANS 255 COMPUTE STATISTICS 
  STORAGE(INITIAL 65536 NEXT 1048576 MINEXTENTS 1 MAXEXTENTS 2147483645
  PCTINCREASE 0 FREELISTS 1 FREELIST GROUPS 1 BUFFER_POOL DEFAULT FLASH_CACHE DEFAULT CELL_FLASH_CACHE DEFAULT)
  TABLESPACE "USERS"  ENABLE;
--------------------------------------------------------
--  Constraints for Table MEMBERSHIP
--------------------------------------------------------

  ALTER TABLE "COLLABEE"."MEMBERSHIP" MODIFY ("GRADE" NOT NULL ENABLE);
  ALTER TABLE "COLLABEE"."MEMBERSHIP" MODIFY ("GRADE_NAME" NOT NULL ENABLE);
  ALTER TABLE "COLLABEE"."MEMBERSHIP" MODIFY ("SAVERATE" NOT NULL ENABLE);
  ALTER TABLE "COLLABEE"."MEMBERSHIP" MODIFY ("MEMBER_DESCRIPTION" NOT NULL ENABLE);
  ALTER TABLE "COLLABEE"."MEMBERSHIP" ADD CONSTRAINT "MEMBERSHIP_PK" PRIMARY KEY ("GRADE")
  USING INDEX PCTFREE 10 INITRANS 2 MAXTRANS 255 COMPUTE STATISTICS 
  STORAGE(INITIAL 65536 NEXT 1048576 MINEXTENTS 1 MAXEXTENTS 2147483645
  PCTINCREASE 0 FREELISTS 1 FREELIST GROUPS 1 BUFFER_POOL DEFAULT FLASH_CACHE DEFAULT CELL_FLASH_CACHE DEFAULT)
  TABLESPACE "USERS"  ENABLE;
--------------------------------------------------------
--  Constraints for Table NOTICE
--------------------------------------------------------

  ALTER TABLE "COLLABEE"."NOTICE" MODIFY ("NOTICE_NUM" NOT NULL ENABLE);
  ALTER TABLE "COLLABEE"."NOTICE" MODIFY ("NOTICE_TITLE" NOT NULL ENABLE);
  ALTER TABLE "COLLABEE"."NOTICE" MODIFY ("NOTICE_CONTENT" NOT NULL ENABLE);
  ALTER TABLE "COLLABEE"."NOTICE" MODIFY ("NOTICE_DATE" NOT NULL ENABLE);
  ALTER TABLE "COLLABEE"."NOTICE" ADD CONSTRAINT "NOTICE_PK" PRIMARY KEY ("NOTICE_NUM")
  USING INDEX PCTFREE 10 INITRANS 2 MAXTRANS 255 COMPUTE STATISTICS 
  STORAGE(INITIAL 65536 NEXT 1048576 MINEXTENTS 1 MAXEXTENTS 2147483645
  PCTINCREASE 0 FREELISTS 1 FREELIST GROUPS 1 BUFFER_POOL DEFAULT FLASH_CACHE DEFAULT CELL_FLASH_CACHE DEFAULT)
  TABLESPACE "USERS"  ENABLE;
--------------------------------------------------------
--  Constraints for Table ORDERS
--------------------------------------------------------

  ALTER TABLE "COLLABEE"."ORDERS" MODIFY ("ORDER_NAME" NOT NULL ENABLE);
  ALTER TABLE "COLLABEE"."ORDERS" MODIFY ("ORDER_PHONE" NOT NULL ENABLE);
  ALTER TABLE "COLLABEE"."ORDERS" MODIFY ("ORDER_ADDR" NOT NULL ENABLE);
  ALTER TABLE "COLLABEE"."ORDERS" MODIFY ("ORDER_PLACE" NOT NULL ENABLE);
  ALTER TABLE "COLLABEE"."ORDERS" MODIFY ("DELIVERY_PICK" NOT NULL ENABLE);
  ALTER TABLE "COLLABEE"."ORDERS" MODIFY ("DELIVERY_FEE" NOT NULL ENABLE);
  ALTER TABLE "COLLABEE"."ORDERS" MODIFY ("TOT_DISCOUNT" NOT NULL ENABLE);
  ALTER TABLE "COLLABEE"."ORDERS" MODIFY ("TOT_PRICE" NOT NULL ENABLE);
  ALTER TABLE "COLLABEE"."ORDERS" MODIFY ("ORDER_DATE" NOT NULL ENABLE);
  ALTER TABLE "COLLABEE"."ORDERS" MODIFY ("ORDER_NUM" NOT NULL ENABLE);
  ALTER TABLE "COLLABEE"."ORDERS" ADD CONSTRAINT "ORDERS_PK" PRIMARY KEY ("ORDER_NUM")
  USING INDEX PCTFREE 10 INITRANS 2 MAXTRANS 255 COMPUTE STATISTICS 
  STORAGE(INITIAL 65536 NEXT 1048576 MINEXTENTS 1 MAXEXTENTS 2147483645
  PCTINCREASE 0 FREELISTS 1 FREELIST GROUPS 1 BUFFER_POOL DEFAULT FLASH_CACHE DEFAULT CELL_FLASH_CACHE DEFAULT)
  TABLESPACE "USERS"  ENABLE;
  ALTER TABLE "COLLABEE"."ORDERS" MODIFY ("USAGE_AMOUNT" NOT NULL ENABLE);
  ALTER TABLE "COLLABEE"."ORDERS" MODIFY ("REFUND_STATUS" NOT NULL ENABLE);
  ALTER TABLE "COLLABEE"."ORDERS" MODIFY ("PT_NUM" NOT NULL ENABLE);
  ALTER TABLE "COLLABEE"."ORDERS" MODIFY ("DELIVERY_STATUS_NUM" NOT NULL ENABLE);
  ALTER TABLE "COLLABEE"."ORDERS" MODIFY ("ORDER_ADDR_DETAIL" NOT NULL ENABLE);
  ALTER TABLE "COLLABEE"."ORDERS" MODIFY ("TOT_GOODSPRICE" NOT NULL ENABLE);
--------------------------------------------------------
--  Constraints for Table ORDER_PRODUCT
--------------------------------------------------------

  ALTER TABLE "COLLABEE"."ORDER_PRODUCT" MODIFY ("ORDER_NUM" NOT NULL ENABLE);
  ALTER TABLE "COLLABEE"."ORDER_PRODUCT" MODIFY ("PRODUCT_NUM" NOT NULL ENABLE);
  ALTER TABLE "COLLABEE"."ORDER_PRODUCT" MODIFY ("COUNT" NOT NULL ENABLE);
  ALTER TABLE "COLLABEE"."ORDER_PRODUCT" MODIFY ("SALEPRICE" NOT NULL ENABLE);
  ALTER TABLE "COLLABEE"."ORDER_PRODUCT" MODIFY ("REVIEW_STATUS" NOT NULL ENABLE);
  ALTER TABLE "COLLABEE"."ORDER_PRODUCT" MODIFY ("PRICE" NOT NULL ENABLE);
--------------------------------------------------------
--  Constraints for Table PACKAGE_CONDITION
--------------------------------------------------------

  ALTER TABLE "COLLABEE"."PACKAGE_CONDITION" MODIFY ("STORAGE_NUM" NOT NULL ENABLE);
  ALTER TABLE "COLLABEE"."PACKAGE_CONDITION" MODIFY ("CONDITION" NOT NULL ENABLE);
  ALTER TABLE "COLLABEE"."PACKAGE_CONDITION" ADD CONSTRAINT "PACKAGE_CONDITION_PK" PRIMARY KEY ("STORAGE_NUM")
  USING INDEX PCTFREE 10 INITRANS 2 MAXTRANS 255 COMPUTE STATISTICS 
  STORAGE(INITIAL 65536 NEXT 1048576 MINEXTENTS 1 MAXEXTENTS 2147483645
  PCTINCREASE 0 FREELISTS 1 FREELIST GROUPS 1 BUFFER_POOL DEFAULT FLASH_CACHE DEFAULT CELL_FLASH_CACHE DEFAULT)
  TABLESPACE "USERS"  ENABLE;
--------------------------------------------------------
--  Constraints for Table PAYMENT_TYPE
--------------------------------------------------------

  ALTER TABLE "COLLABEE"."PAYMENT_TYPE" MODIFY ("PT_NUM" NOT NULL ENABLE);
  ALTER TABLE "COLLABEE"."PAYMENT_TYPE" MODIFY ("PT_NAME" NOT NULL ENABLE);
  ALTER TABLE "COLLABEE"."PAYMENT_TYPE" ADD CONSTRAINT "PAYMENT_TYPE_PK" PRIMARY KEY ("PT_NUM")
  USING INDEX PCTFREE 10 INITRANS 2 MAXTRANS 255 COMPUTE STATISTICS 
  STORAGE(INITIAL 65536 NEXT 1048576 MINEXTENTS 1 MAXEXTENTS 2147483645
  PCTINCREASE 0 FREELISTS 1 FREELIST GROUPS 1 BUFFER_POOL DEFAULT FLASH_CACHE DEFAULT CELL_FLASH_CACHE DEFAULT)
  TABLESPACE "USERS"  ENABLE;
--------------------------------------------------------
--  Constraints for Table PICK
--------------------------------------------------------

  ALTER TABLE "COLLABEE"."PICK" MODIFY ("MEMBER_NUM" NOT NULL ENABLE);
  ALTER TABLE "COLLABEE"."PICK" MODIFY ("PRODUCT_NUM" NOT NULL ENABLE);
--------------------------------------------------------
--  Constraints for Table PRODUCT
--------------------------------------------------------

  ALTER TABLE "COLLABEE"."PRODUCT" MODIFY ("PRODUCT_NUM" NOT NULL ENABLE);
  ALTER TABLE "COLLABEE"."PRODUCT" MODIFY ("PRODUCT_NAME" NOT NULL ENABLE);
  ALTER TABLE "COLLABEE"."PRODUCT" MODIFY ("DESCRIPTION" NOT NULL ENABLE);
  ALTER TABLE "COLLABEE"."PRODUCT" MODIFY ("PRICE" NOT NULL ENABLE);
  ALTER TABLE "COLLABEE"."PRODUCT" MODIFY ("REGDATE" NOT NULL ENABLE);
  ALTER TABLE "COLLABEE"."PRODUCT" MODIFY ("THUM_ORI_FILENAME" NOT NULL ENABLE);
  ALTER TABLE "COLLABEE"."PRODUCT" MODIFY ("THUM_SYS_FILENAME" NOT NULL ENABLE);
  ALTER TABLE "COLLABEE"."PRODUCT" MODIFY ("DETAILE_ORI_FILENAME" NOT NULL ENABLE);
  ALTER TABLE "COLLABEE"."PRODUCT" MODIFY ("DETAILE_SYS_FILENAME" NOT NULL ENABLE);
  ALTER TABLE "COLLABEE"."PRODUCT" MODIFY ("DELIVERY_CODE" NOT NULL ENABLE);
  ALTER TABLE "COLLABEE"."PRODUCT" MODIFY ("SELLER" NOT NULL ENABLE);
  ALTER TABLE "COLLABEE"."PRODUCT" MODIFY ("PRODUCT_DEL" NOT NULL ENABLE);
  ALTER TABLE "COLLABEE"."PRODUCT" ADD CONSTRAINT "PRODUCT_PK" PRIMARY KEY ("PRODUCT_NUM")
  USING INDEX PCTFREE 10 INITRANS 2 MAXTRANS 255 COMPUTE STATISTICS 
  STORAGE(INITIAL 65536 NEXT 1048576 MINEXTENTS 1 MAXEXTENTS 2147483645
  PCTINCREASE 0 FREELISTS 1 FREELIST GROUPS 1 BUFFER_POOL DEFAULT FLASH_CACHE DEFAULT CELL_FLASH_CACHE DEFAULT)
  TABLESPACE "USERS"  ENABLE;
  ALTER TABLE "COLLABEE"."PRODUCT" MODIFY ("STORAGE_NUM" NOT NULL ENABLE);
  ALTER TABLE "COLLABEE"."PRODUCT" MODIFY ("SALEPRICE" NOT NULL ENABLE);
  ALTER TABLE "COLLABEE"."PRODUCT" MODIFY ("DIVISION_NUM" NOT NULL ENABLE);
--------------------------------------------------------
--  Constraints for Table PRO_QNA
--------------------------------------------------------

  ALTER TABLE "COLLABEE"."PRO_QNA" MODIFY ("PRO_QNA_NUM" NOT NULL ENABLE);
  ALTER TABLE "COLLABEE"."PRO_QNA" MODIFY ("PRODUCT_NUM" NOT NULL ENABLE);
  ALTER TABLE "COLLABEE"."PRO_QNA" MODIFY ("MEMBER_NUM" NOT NULL ENABLE);
  ALTER TABLE "COLLABEE"."PRO_QNA" MODIFY ("Q_DATE" NOT NULL ENABLE);
  ALTER TABLE "COLLABEE"."PRO_QNA" ADD CONSTRAINT "PRO_QNA_PK" PRIMARY KEY ("PRO_QNA_NUM")
  USING INDEX PCTFREE 10 INITRANS 2 MAXTRANS 255 COMPUTE STATISTICS 
  STORAGE(INITIAL 65536 NEXT 1048576 MINEXTENTS 1 MAXEXTENTS 2147483645
  PCTINCREASE 0 FREELISTS 1 FREELIST GROUPS 1 BUFFER_POOL DEFAULT FLASH_CACHE DEFAULT CELL_FLASH_CACHE DEFAULT)
  TABLESPACE "USERS"  ENABLE;
  ALTER TABLE "COLLABEE"."PRO_QNA" MODIFY ("Q_TITLE" NOT NULL ENABLE);
  ALTER TABLE "COLLABEE"."PRO_QNA" MODIFY ("Q_CONTENT" NOT NULL ENABLE);
--------------------------------------------------------
--  Constraints for Table PRO_REVIEW
--------------------------------------------------------

  ALTER TABLE "COLLABEE"."PRO_REVIEW" MODIFY ("REVIEW_NUM" NOT NULL ENABLE);
  ALTER TABLE "COLLABEE"."PRO_REVIEW" MODIFY ("ORDER_NUM" NOT NULL ENABLE);
  ALTER TABLE "COLLABEE"."PRO_REVIEW" MODIFY ("PRODUCT_NUM" NOT NULL ENABLE);
  ALTER TABLE "COLLABEE"."PRO_REVIEW" MODIFY ("MEMBER_NUM" NOT NULL ENABLE);
  ALTER TABLE "COLLABEE"."PRO_REVIEW" MODIFY ("R_CONTENT" NOT NULL ENABLE);
  ALTER TABLE "COLLABEE"."PRO_REVIEW" MODIFY ("R_DATE" NOT NULL ENABLE);
  ALTER TABLE "COLLABEE"."PRO_REVIEW" MODIFY ("REC" NOT NULL ENABLE);
  ALTER TABLE "COLLABEE"."PRO_REVIEW" ADD CONSTRAINT "PRO_REVIEW_PK" PRIMARY KEY ("REVIEW_NUM")
  USING INDEX PCTFREE 10 INITRANS 2 MAXTRANS 255 COMPUTE STATISTICS 
  STORAGE(INITIAL 65536 NEXT 1048576 MINEXTENTS 1 MAXEXTENTS 2147483645
  PCTINCREASE 0 FREELISTS 1 FREELIST GROUPS 1 BUFFER_POOL DEFAULT FLASH_CACHE DEFAULT CELL_FLASH_CACHE DEFAULT)
  TABLESPACE "USERS"  ENABLE;
  ALTER TABLE "COLLABEE"."PRO_REVIEW" MODIFY ("POINT" NOT NULL ENABLE);
--------------------------------------------------------
--  Constraints for Table PT_INSTALLMENT
--------------------------------------------------------

  ALTER TABLE "COLLABEE"."PT_INSTALLMENT" MODIFY ("PT_INSTALLMENT_NUM" NOT NULL ENABLE);
--------------------------------------------------------
--  Constraints for Table SPECIAL
--------------------------------------------------------

  ALTER TABLE "COLLABEE"."SPECIAL" MODIFY ("PRODUCT_NUM" NOT NULL ENABLE);
  ALTER TABLE "COLLABEE"."SPECIAL" MODIFY ("SPECIAL_NUM" NOT NULL ENABLE);
--------------------------------------------------------
--  Constraints for Table SPECIAL_CAT
--------------------------------------------------------

  ALTER TABLE "COLLABEE"."SPECIAL_CAT" MODIFY ("SPECIAL_NUM" NOT NULL ENABLE);
  ALTER TABLE "COLLABEE"."SPECIAL_CAT" MODIFY ("TITLE" NOT NULL ENABLE);
  ALTER TABLE "COLLABEE"."SPECIAL_CAT" ADD CONSTRAINT "SPECIAL_CAT_PK" PRIMARY KEY ("SPECIAL_NUM")
  USING INDEX PCTFREE 10 INITRANS 2 MAXTRANS 255 COMPUTE STATISTICS 
  STORAGE(INITIAL 65536 NEXT 1048576 MINEXTENTS 1 MAXEXTENTS 2147483645
  PCTINCREASE 0 FREELISTS 1 FREELIST GROUPS 1 BUFFER_POOL DEFAULT FLASH_CACHE DEFAULT CELL_FLASH_CACHE DEFAULT)
  TABLESPACE "USERS"  ENABLE;
--------------------------------------------------------
--  Ref Constraints for Table ALERT
--------------------------------------------------------

  ALTER TABLE "COLLABEE"."ALERT" ADD CONSTRAINT "ALERT_FK1" FOREIGN KEY ("MEMBER_NUM")
	  REFERENCES "COLLABEE"."MEMBER" ("MEMBER_NUM") ENABLE;
--------------------------------------------------------
--  Ref Constraints for Table CART
--------------------------------------------------------

  ALTER TABLE "COLLABEE"."CART" ADD CONSTRAINT "CART_FK1" FOREIGN KEY ("MEMBER_NUM")
	  REFERENCES "COLLABEE"."MEMBER" ("MEMBER_NUM") ENABLE;
  ALTER TABLE "COLLABEE"."CART" ADD CONSTRAINT "CART_FK2" FOREIGN KEY ("PRODUCT_NUM")
	  REFERENCES "COLLABEE"."PRODUCT" ("PRODUCT_NUM") ENABLE;
--------------------------------------------------------
--  Ref Constraints for Table COUPON_BOX
--------------------------------------------------------

  ALTER TABLE "COLLABEE"."COUPON_BOX" ADD CONSTRAINT "COUPON_USAGE_FK1" FOREIGN KEY ("MEMBER_NUM")
	  REFERENCES "COLLABEE"."MEMBER" ("MEMBER_NUM") ENABLE;
--------------------------------------------------------
--  Ref Constraints for Table DIVISION
--------------------------------------------------------

  ALTER TABLE "COLLABEE"."DIVISION" ADD CONSTRAINT "DIVISION_FK1" FOREIGN KEY ("CATEGORY_NUM")
	  REFERENCES "COLLABEE"."CATEGORY" ("CATEGORY_NUM") ENABLE;
--------------------------------------------------------
--  Ref Constraints for Table EMONEY_USAGE
--------------------------------------------------------

  ALTER TABLE "COLLABEE"."EMONEY_USAGE" ADD CONSTRAINT "EMONEY_USAGE_FK1" FOREIGN KEY ("ORDER_NUM")
	  REFERENCES "COLLABEE"."ORDERS" ("ORDER_NUM") ENABLE;
--------------------------------------------------------
--  Ref Constraints for Table ORDERS
--------------------------------------------------------

  ALTER TABLE "COLLABEE"."ORDERS" ADD CONSTRAINT "ORDERS_FK1" FOREIGN KEY ("PT_NUM")
	  REFERENCES "COLLABEE"."PAYMENT_TYPE" ("PT_NUM") DISABLE;
  ALTER TABLE "COLLABEE"."ORDERS" ADD CONSTRAINT "ORDERS_FK2" FOREIGN KEY ("MEMBER_NUM")
	  REFERENCES "COLLABEE"."MEMBER" ("MEMBER_NUM") DISABLE;
  ALTER TABLE "COLLABEE"."ORDERS" ADD CONSTRAINT "ORDERS_FK3" FOREIGN KEY ("DELIVERY_STATUS_NUM")
	  REFERENCES "COLLABEE"."DELIVERY_STATUS" ("DELIVERY_STATUS_NUM") DISABLE;
--------------------------------------------------------
--  Ref Constraints for Table ORDER_PRODUCT
--------------------------------------------------------

  ALTER TABLE "COLLABEE"."ORDER_PRODUCT" ADD CONSTRAINT "ORDER_PRODUCT_FK1" FOREIGN KEY ("ORDER_NUM")
	  REFERENCES "COLLABEE"."ORDERS" ("ORDER_NUM") ENABLE;
  ALTER TABLE "COLLABEE"."ORDER_PRODUCT" ADD CONSTRAINT "ORDER_PRODUCT_FK2" FOREIGN KEY ("MEMBER_NUM")
	  REFERENCES "COLLABEE"."MEMBER" ("MEMBER_NUM") ENABLE;
  ALTER TABLE "COLLABEE"."ORDER_PRODUCT" ADD CONSTRAINT "ORDER_PRODUCT_FK3" FOREIGN KEY ("PRODUCT_NUM")
	  REFERENCES "COLLABEE"."PRODUCT" ("PRODUCT_NUM") ENABLE;
--------------------------------------------------------
--  Ref Constraints for Table PICK
--------------------------------------------------------

  ALTER TABLE "COLLABEE"."PICK" ADD CONSTRAINT "PICK_FK1" FOREIGN KEY ("MEMBER_NUM")
	  REFERENCES "COLLABEE"."MEMBER" ("MEMBER_NUM") ENABLE;
--------------------------------------------------------
--  Ref Constraints for Table PRODUCT
--------------------------------------------------------

  ALTER TABLE "COLLABEE"."PRODUCT" ADD CONSTRAINT "STORAGE_FK" FOREIGN KEY ("STORAGE_NUM")
	  REFERENCES "COLLABEE"."PACKAGE_CONDITION" ("STORAGE_NUM") ENABLE;
--------------------------------------------------------
--  Ref Constraints for Table PRO_QNA
--------------------------------------------------------

  ALTER TABLE "COLLABEE"."PRO_QNA" ADD CONSTRAINT "PRO_QNA_FK1" FOREIGN KEY ("MEMBER_NUM")
	  REFERENCES "COLLABEE"."MEMBER" ("MEMBER_NUM") ENABLE;
  ALTER TABLE "COLLABEE"."PRO_QNA" ADD CONSTRAINT "PRO_QNA_FK2" FOREIGN KEY ("PRODUCT_NUM")
	  REFERENCES "COLLABEE"."PRODUCT" ("PRODUCT_NUM") ENABLE;
--------------------------------------------------------
--  Ref Constraints for Table PRO_REVIEW
--------------------------------------------------------

  ALTER TABLE "COLLABEE"."PRO_REVIEW" ADD CONSTRAINT "PRO_REVIEW_FK2" FOREIGN KEY ("MEMBER_NUM")
	  REFERENCES "COLLABEE"."MEMBER" ("MEMBER_NUM") ENABLE;
  ALTER TABLE "COLLABEE"."PRO_REVIEW" ADD CONSTRAINT "PRO_REVIEW_FK3" FOREIGN KEY ("PRODUCT_NUM")
	  REFERENCES "COLLABEE"."PRODUCT" ("PRODUCT_NUM") ENABLE;
